transaction_id,customer_id,date,type,category,amount,merchant,location,payment_method
PS001-202512-001,PS001,2025-12-01,credit,Salary,75000,Monthly salary,Ahmedabad,NEFT
PS001-202512-002,PS001,2025-12-03,debit,Food,455.12,Swiggy / local groceries,Ahmedabad,UPI
PS001-202512-003,PS001,2025-12-05,debit,Food,582.1,Swiggy / local groceries,Ahmedabad,UPI
PS001-202512-004,PS001,2025-12-07,debit,Food,421.29,Swiggy / local groceries,Ahmedabad,UPI
PS001-202512-005,PS001,2025-12-10,debit,Food,531.56,Swiggy / local groceries,Ahmedabad,UPI
PS001-202512-006,PS001,2025-12-13,debit,Food,561.41,Swiggy / local groceries,Ahmedabad,UPI
PS001-202512-007,PS001,2025-12-15,debit,Food,739.27,Swiggy / local groceries,Ahmedabad,UPI
PS001-202512-008,PS001,2025-12-17,debit,Food,481.95,Swiggy / local groceries,Ahmedabad,UPI
PS001-202512-009,PS001,2025-12-19,debit,Food,480.73,Swiggy / local groceries,Ahmedabad,UPI
PS001-202512-010,PS001,2025-12-23,debit,Food,628.96,Swiggy / local groceries,Ahmedabad,UPI
PS001-202512-011,PS001,2025-12-25,debit,Food,515.21,Swiggy / local groceries,Ahmedabad,UPI
PS001-202512-012,PS001,2025-12-27,debit,Food,661.6,Swiggy / local groceries,Ahmedabad,UPI
PS001-202512-013,PS001,2025-12-31,debit,Food,443.8,Swiggy / local groceries,Ahmedabad,UPI
PS001-202512-014,PS001,2025-12-03,debit,Shopping,1153.25,Amazon / local retail,Ahmedabad,UPI
PS001-202512-015,PS001,2025-12-11,debit,Shopping,946.98,Amazon / local retail,Ahmedabad,UPI
PS001-202512-016,PS001,2025-12-20,debit,Shopping,1393.44,Amazon / local retail,Ahmedabad,UPI
PS001-202512-017,PS001,2025-12-30,debit,Shopping,1096.33,Amazon / local retail,Ahmedabad,UPI
PS001-202512-018,PS001,2025-12-02,debit,Transport,367.72,Metro / fuel,Ahmedabad,UPI
PS001-202512-019,PS001,2025-12-06,debit,Transport,351.19,Metro / fuel,Ahmedabad,UPI
PS001-202512-020,PS001,2025-12-11,debit,Transport,311.76,Metro / fuel,Ahmedabad,UPI
PS001-202512-021,PS001,2025-12-14,debit,Transport,530.38,Metro / fuel,Ahmedabad,UPI
PS001-202512-022,PS001,2025-12-19,debit,Transport,475.38,Metro / fuel,Ahmedabad,UPI
PS001-202512-023,PS001,2025-12-22,debit,Transport,382.65,Metro / fuel,Ahmedabad,UPI
PS001-202512-024,PS001,2025-12-26,debit,Transport,309.66,Metro / fuel,Ahmedabad,UPI
PS001-202512-025,PS001,2025-12-30,debit,Transport,331.26,Metro / fuel,Ahmedabad,UPI
PS001-202512-026,PS001,2025-12-02,debit,Bills,988.7,Electricity / mobile,Ahmedabad,UPI
PS001-202512-027,PS001,2025-12-16,debit,Bills,1353.12,Electricity / mobile,Ahmedabad,UPI
PS001-202512-028,PS001,2025-12-30,debit,Bills,1483.18,Electricity / mobile,Ahmedabad,UPI
PS001-202512-029,PS001,2025-12-03,debit,Rent,11858,Monthly rent,Ahmedabad,NEFT
PS001-202512-030,PS001,2025-12-02,debit,Education,956,Learning centre,Ahmedabad,UPI
PS001-202512-031,PS001,2025-12-03,debit,Healthcare,956,Pharmacy,Ahmedabad,UPI
PS001-202512-032,PS001,2025-12-03,debit,Entertainment,602.05,Cinema / streaming,Ahmedabad,UPI
PS001-202512-033,PS001,2025-12-17,debit,Entertainment,561.43,Cinema / streaming,Ahmedabad,UPI
PS001-202512-034,PS001,2025-12-30,debit,Entertainment,557.52,Cinema / streaming,Ahmedabad,UPI
PS001-202512-035,PS001,2025-12-03,debit,Investment,2295,Recurring investment,Ahmedabad,UPI
PS001-202512-036,PS001,2025-12-03,debit,UPI Transfer,758.01,Household transfer,Ahmedabad,UPI
PS001-202512-037,PS001,2025-12-30,debit,UPI Transfer,962.99,Household transfer,Ahmedabad,UPI
PS001-202512-038,PS001,2025-12-03,debit,Other,396.54,Everyday purchase,Ahmedabad,UPI
PS001-202512-039,PS001,2025-12-30,debit,Other,368.46,Everyday purchase,Ahmedabad,UPI
PS001-202512-040,PS001,2025-12-05,debit,EMI,12000,Scheduled loan EMI,Ahmedabad,Auto debit
PS001-202601-001,PS001,2026-01-01,credit,Salary,75000,Monthly salary,Ahmedabad,NEFT
PS001-202601-002,PS001,2026-01-03,debit,Food,474.57,Swiggy / local groceries,Ahmedabad,UPI
PS001-202601-003,PS001,2026-01-05,debit,Food,657.79,Swiggy / local groceries,Ahmedabad,UPI
PS001-202601-004,PS001,2026-01-07,debit,Food,628.43,Swiggy / local groceries,Ahmedabad,UPI
PS001-202601-005,PS001,2026-01-10,debit,Food,434.25,Swiggy / local groceries,Ahmedabad,UPI
PS001-202601-006,PS001,2026-01-12,debit,Food,432.24,Swiggy / local groceries,Ahmedabad,UPI
PS001-202601-007,PS001,2026-01-14,debit,Food,571.61,Swiggy / local groceries,Ahmedabad,UPI
PS001-202601-008,PS001,2026-01-18,debit,Food,448.99,Swiggy / local groceries,Ahmedabad,UPI
PS001-202601-009,PS001,2026-01-19,debit,Food,488.74,Swiggy / local groceries,Ahmedabad,UPI
PS001-202601-010,PS001,2026-01-23,debit,Food,655.62,Swiggy / local groceries,Ahmedabad,UPI
PS001-202601-011,PS001,2026-01-24,debit,Food,447.53,Swiggy / local groceries,Ahmedabad,UPI
PS001-202601-012,PS001,2026-01-27,debit,Food,487.64,Swiggy / local groceries,Ahmedabad,UPI
PS001-202601-013,PS001,2026-01-31,debit,Food,609.59,Swiggy / local groceries,Ahmedabad,UPI
PS001-202601-014,PS001,2026-01-03,debit,Shopping,1227.45,Amazon / local retail,Ahmedabad,UPI
PS001-202601-015,PS001,2026-01-12,debit,Shopping,958.27,Amazon / local retail,Ahmedabad,UPI
PS001-202601-016,PS001,2026-01-21,debit,Shopping,1065.03,Amazon / local retail,Ahmedabad,UPI
PS001-202601-017,PS001,2026-01-31,debit,Shopping,1222.25,Amazon / local retail,Ahmedabad,UPI
PS001-202601-018,PS001,2026-01-02,debit,Transport,365.76,Metro / fuel,Ahmedabad,UPI
PS001-202601-019,PS001,2026-01-07,debit,Transport,341.56,Metro / fuel,Ahmedabad,UPI
PS001-202601-020,PS001,2026-01-11,debit,Transport,374.69,Metro / fuel,Ahmedabad,UPI
PS001-202601-021,PS001,2026-01-15,debit,Transport,424.85,Metro / fuel,Ahmedabad,UPI
PS001-202601-022,PS001,2026-01-18,debit,Transport,318.09,Metro / fuel,Ahmedabad,UPI
PS001-202601-023,PS001,2026-01-22,debit,Transport,324.81,Metro / fuel,Ahmedabad,UPI
PS001-202601-024,PS001,2026-01-27,debit,Transport,514.85,Metro / fuel,Ahmedabad,UPI
PS001-202601-025,PS001,2026-01-31,debit,Transport,317.39,Metro / fuel,Ahmedabad,UPI
PS001-202601-026,PS001,2026-01-03,debit,Bills,1247.19,Electricity / mobile,Ahmedabad,UPI
PS001-202601-027,PS001,2026-01-16,debit,Bills,1210.48,Electricity / mobile,Ahmedabad,UPI
PS001-202601-028,PS001,2026-01-30,debit,Bills,1270.33,Electricity / mobile,Ahmedabad,UPI
PS001-202601-029,PS001,2026-01-02,debit,Rent,11555,Monthly rent,Ahmedabad,NEFT
PS001-202601-030,PS001,2026-01-03,debit,Education,932,Learning centre,Ahmedabad,UPI
PS001-202601-031,PS001,2026-01-03,debit,Healthcare,932,Pharmacy,Ahmedabad,UPI
PS001-202601-032,PS001,2026-01-02,debit,Entertainment,716.58,Cinema / streaming,Ahmedabad,UPI
PS001-202601-033,PS001,2026-01-17,debit,Entertainment,496.88,Cinema / streaming,Ahmedabad,UPI
PS001-202601-034,PS001,2026-01-31,debit,Entertainment,463.54,Cinema / streaming,Ahmedabad,UPI
PS001-202601-035,PS001,2026-01-03,debit,Investment,2236,Recurring investment,Ahmedabad,UPI
PS001-202601-036,PS001,2026-01-02,debit,UPI Transfer,730.69,Household transfer,Ahmedabad,UPI
PS001-202601-037,PS001,2026-01-30,debit,UPI Transfer,946.31,Household transfer,Ahmedabad,UPI
PS001-202601-038,PS001,2026-01-03,debit,Other,404.4,Everyday purchase,Ahmedabad,UPI
PS001-202601-039,PS001,2026-01-30,debit,Other,341.6,Everyday purchase,Ahmedabad,UPI
PS001-202601-040,PS001,2026-01-05,debit,EMI,12000,Scheduled loan EMI,Ahmedabad,Auto debit
PS001-202602-001,PS001,2026-02-01,credit,Salary,75000,Monthly salary,Ahmedabad,NEFT
PS001-202602-002,PS001,2026-02-02,debit,Food,583.14,Swiggy / local groceries,Ahmedabad,UPI
PS001-202602-003,PS001,2026-02-04,debit,Food,504.51,Swiggy / local groceries,Ahmedabad,UPI
PS001-202602-004,PS001,2026-02-07,debit,Food,497.44,Swiggy / local groceries,Ahmedabad,UPI
PS001-202602-005,PS001,2026-02-08,debit,Food,464.96,Swiggy / local groceries,Ahmedabad,UPI
PS001-202602-006,PS001,2026-02-11,debit,Food,628.81,Swiggy / local groceries,Ahmedabad,UPI
PS001-202602-007,PS001,2026-02-13,debit,Food,499.24,Swiggy / local groceries,Ahmedabad,UPI
PS001-202602-008,PS001,2026-02-16,debit,Food,508.58,Swiggy / local groceries,Ahmedabad,UPI
PS001-202602-009,PS001,2026-02-17,debit,Food,366.66,Swiggy / local groceries,Ahmedabad,UPI
PS001-202602-010,PS001,2026-02-20,debit,Food,595.21,Swiggy / local groceries,Ahmedabad,UPI
PS001-202602-011,PS001,2026-02-23,debit,Food,629.23,Swiggy / local groceries,Ahmedabad,UPI
PS001-202602-012,PS001,2026-02-25,debit,Food,399.92,Swiggy / local groceries,Ahmedabad,UPI
PS001-202602-013,PS001,2026-02-28,debit,Food,493.3,Swiggy / local groceries,Ahmedabad,UPI
PS001-202602-014,PS001,2026-02-02,debit,Shopping,1078.6,Amazon / local retail,Ahmedabad,UPI
PS001-202602-015,PS001,2026-02-10,debit,Shopping,1078.6,Amazon / local retail,Ahmedabad,UPI
PS001-202602-016,PS001,2026-02-19,debit,Shopping,1046.85,Amazon / local retail,Ahmedabad,UPI
PS001-202602-017,PS001,2026-02-27,debit,Shopping,1151.95,Amazon / local retail,Ahmedabad,UPI
PS001-202602-018,PS001,2026-02-02,debit,Transport,321.1,Metro / fuel,Ahmedabad,UPI
PS001-202602-019,PS001,2026-02-05,debit,Transport,360.73,Metro / fuel,Ahmedabad,UPI
PS001-202602-020,PS001,2026-02-09,debit,Transport,457.21,Metro / fuel,Ahmedabad,UPI
PS001-202602-021,PS001,2026-02-12,debit,Transport,400.22,Metro / fuel,Ahmedabad,UPI
PS001-202602-022,PS001,2026-02-16,debit,Transport,323.86,Metro / fuel,Ahmedabad,UPI
PS001-202602-023,PS001,2026-02-19,debit,Transport,410.49,Metro / fuel,Ahmedabad,UPI
PS001-202602-024,PS001,2026-02-24,debit,Transport,330.03,Metro / fuel,Ahmedabad,UPI
PS001-202602-025,PS001,2026-02-28,debit,Transport,300.36,Metro / fuel,Ahmedabad,UPI
PS001-202602-026,PS001,2026-02-02,debit,Bills,1003.8,Electricity / mobile,Ahmedabad,UPI
PS001-202602-027,PS001,2026-02-15,debit,Bills,1224.8,Electricity / mobile,Ahmedabad,UPI
PS001-202602-028,PS001,2026-02-27,debit,Bills,1401.4,Electricity / mobile,Ahmedabad,UPI
PS001-202602-029,PS001,2026-02-03,debit,Rent,11253,Monthly rent,Ahmedabad,NEFT
PS001-202602-030,PS001,2026-02-02,debit,Education,908,Learning centre,Ahmedabad,UPI
PS001-202602-031,PS001,2026-02-03,debit,Healthcare,908,Pharmacy,Ahmedabad,UPI
PS001-202602-032,PS001,2026-02-02,debit,Entertainment,560.82,Cinema / streaming,Ahmedabad,UPI
PS001-202602-033,PS001,2026-02-15,debit,Entertainment,555.9,Cinema / streaming,Ahmedabad,UPI
PS001-202602-034,PS001,2026-02-27,debit,Entertainment,517.28,Cinema / streaming,Ahmedabad,UPI
PS001-202602-035,PS001,2026-02-03,debit,Investment,2178,Recurring investment,Ahmedabad,UPI
PS001-202602-036,PS001,2026-02-03,debit,UPI Transfer,885.57,Household transfer,Ahmedabad,UPI
PS001-202602-037,PS001,2026-02-28,debit,UPI Transfer,748.43,Household transfer,Ahmedabad,UPI
PS001-202602-038,PS001,2026-02-02,debit,Other,398.83,Everyday purchase,Ahmedabad,UPI
PS001-202602-039,PS001,2026-02-27,debit,Other,327.17,Everyday purchase,Ahmedabad,UPI
PS001-202602-040,PS001,2026-02-05,debit,EMI,12000,Scheduled loan EMI,Ahmedabad,Auto debit
PS001-202603-001,PS001,2026-03-01,credit,Salary,75000,Monthly salary,Ahmedabad,NEFT
PS001-202603-002,PS001,2026-03-03,debit,Food,366.14,Swiggy / local groceries,Ahmedabad,UPI
PS001-202603-003,PS001,2026-03-05,debit,Food,631.48,Swiggy / local groceries,Ahmedabad,UPI
PS001-202603-004,PS001,2026-03-08,debit,Food,488.59,Swiggy / local groceries,Ahmedabad,UPI
PS001-202603-005,PS001,2026-03-10,debit,Food,489.96,Swiggy / local groceries,Ahmedabad,UPI
PS001-202603-006,PS001,2026-03-13,debit,Food,554.6,Swiggy / local groceries,Ahmedabad,UPI
PS001-202603-007,PS001,2026-03-14,debit,Food,415.77,Swiggy / local groceries,Ahmedabad,UPI
PS001-202603-008,PS001,2026-03-18,debit,Food,585.92,Swiggy / local groceries,Ahmedabad,UPI
PS001-202603-009,PS001,2026-03-20,debit,Food,647.53,Swiggy / local groceries,Ahmedabad,UPI
PS001-202603-010,PS001,2026-03-23,debit,Food,357.09,Swiggy / local groceries,Ahmedabad,UPI
PS001-202603-011,PS001,2026-03-25,debit,Food,377.7,Swiggy / local groceries,Ahmedabad,UPI
PS001-202603-012,PS001,2026-03-28,debit,Food,643.65,Swiggy / local groceries,Ahmedabad,UPI
PS001-202603-013,PS001,2026-03-31,debit,Food,446.57,Swiggy / local groceries,Ahmedabad,UPI
PS001-202603-014,PS001,2026-03-02,debit,Shopping,856.49,Amazon / local retail,Ahmedabad,UPI
PS001-202603-015,PS001,2026-03-12,debit,Shopping,916.52,Amazon / local retail,Ahmedabad,UPI
PS001-202603-016,PS001,2026-03-20,debit,Shopping,1175.81,Amazon / local retail,Ahmedabad,UPI
PS001-202603-017,PS001,2026-03-31,debit,Shopping,1290.18,Amazon / local retail,Ahmedabad,UPI
PS001-202603-018,PS001,2026-03-03,debit,Transport,295.64,Metro / fuel,Ahmedabad,UPI
PS001-202603-019,PS001,2026-03-06,debit,Transport,269.92,Metro / fuel,Ahmedabad,UPI
PS001-202603-020,PS001,2026-03-11,debit,Transport,415.83,Metro / fuel,Ahmedabad,UPI
PS001-202603-021,PS001,2026-03-14,debit,Transport,382.94,Metro / fuel,Ahmedabad,UPI
PS001-202603-022,PS001,2026-03-19,debit,Transport,295.27,Metro / fuel,Ahmedabad,UPI
PS001-202603-023,PS001,2026-03-22,debit,Transport,382.76,Metro / fuel,Ahmedabad,UPI
PS001-202603-024,PS001,2026-03-27,debit,Transport,376.99,Metro / fuel,Ahmedabad,UPI
PS001-202603-025,PS001,2026-03-30,debit,Transport,406.65,Metro / fuel,Ahmedabad,UPI
PS001-202603-026,PS001,2026-03-03,debit,Bills,1214.55,Electricity / mobile,Ahmedabad,UPI
PS001-202603-027,PS001,2026-03-17,debit,Bills,1125.77,Electricity / mobile,Ahmedabad,UPI
PS001-202603-028,PS001,2026-03-30,debit,Bills,1191.68,Electricity / mobile,Ahmedabad,UPI
PS001-202603-029,PS001,2026-03-02,debit,Rent,10951,Monthly rent,Ahmedabad,NEFT
PS001-202603-030,PS001,2026-03-03,debit,Education,883,Learning centre,Ahmedabad,UPI
PS001-202603-031,PS001,2026-03-02,debit,Healthcare,883,Pharmacy,Ahmedabad,UPI
PS001-202603-032,PS001,2026-03-02,debit,Entertainment,627.88,Cinema / streaming,Ahmedabad,UPI
PS001-202603-033,PS001,2026-03-17,debit,Entertainment,473.08,Cinema / streaming,Ahmedabad,UPI
PS001-202603-034,PS001,2026-03-31,debit,Entertainment,489.04,Cinema / streaming,Ahmedabad,UPI
PS001-202603-035,PS001,2026-03-03,debit,Investment,2120,Recurring investment,Ahmedabad,UPI
PS001-202603-036,PS001,2026-03-02,debit,UPI Transfer,651.83,Household transfer,Ahmedabad,UPI
PS001-202603-037,PS001,2026-03-30,debit,UPI Transfer,938.17,Household transfer,Ahmedabad,UPI
PS001-202603-038,PS001,2026-03-03,debit,Other,287.36,Everyday purchase,Ahmedabad,UPI
PS001-202603-039,PS001,2026-03-30,debit,Other,418.64,Everyday purchase,Ahmedabad,UPI
PS001-202603-040,PS001,2026-03-05,debit,EMI,12000,Scheduled loan EMI,Ahmedabad,Auto debit
PS001-202604-001,PS001,2026-04-01,credit,Salary,75000,Monthly salary,Ahmedabad,NEFT
PS001-202604-002,PS001,2026-04-02,debit,Food,411.72,Swiggy / local groceries,Ahmedabad,UPI
PS001-202604-003,PS001,2026-04-04,debit,Food,357.51,Swiggy / local groceries,Ahmedabad,UPI
PS001-202604-004,PS001,2026-04-06,debit,Food,459.02,Swiggy / local groceries,Ahmedabad,UPI
PS001-202604-005,PS001,2026-04-10,debit,Food,535.83,Swiggy / local groceries,Ahmedabad,UPI
PS001-202604-006,PS001,2026-04-11,debit,Food,515.26,Swiggy / local groceries,Ahmedabad,UPI
PS001-202604-007,PS001,2026-04-14,debit,Food,483.25,Swiggy / local groceries,Ahmedabad,UPI
PS001-202604-008,PS001,2026-04-17,debit,Food,485.01,Swiggy / local groceries,Ahmedabad,UPI
PS001-202604-009,PS001,2026-04-19,debit,Food,372.25,Swiggy / local groceries,Ahmedabad,UPI
PS001-202604-010,PS001,2026-04-22,debit,Food,543.13,Swiggy / local groceries,Ahmedabad,UPI
PS001-202604-011,PS001,2026-04-24,debit,Food,510.81,Swiggy / local groceries,Ahmedabad,UPI
PS001-202604-012,PS001,2026-04-27,debit,Food,585.02,Swiggy / local groceries,Ahmedabad,UPI
PS001-202604-013,PS001,2026-04-29,debit,Food,581.19,Swiggy / local groceries,Ahmedabad,UPI
PS001-202604-014,PS001,2026-04-02,debit,Shopping,947.8,Amazon / local retail,Ahmedabad,UPI
PS001-202604-015,PS001,2026-04-11,debit,Shopping,981.9,Amazon / local retail,Ahmedabad,UPI
PS001-202604-016,PS001,2026-04-21,debit,Shopping,839.42,Amazon / local retail,Ahmedabad,UPI
PS001-202604-017,PS001,2026-04-30,debit,Shopping,1352.88,Amazon / local retail,Ahmedabad,UPI
PS001-202604-018,PS001,2026-04-03,debit,Transport,419.98,Metro / fuel,Ahmedabad,UPI
PS001-202604-019,PS001,2026-04-06,debit,Transport,404.82,Metro / fuel,Ahmedabad,UPI
PS001-202604-020,PS001,2026-04-10,debit,Transport,307.28,Metro / fuel,Ahmedabad,UPI
PS001-202604-021,PS001,2026-04-14,debit,Transport,300.97,Metro / fuel,Ahmedabad,UPI
PS001-202604-022,PS001,2026-04-17,debit,Transport,329.13,Metro / fuel,Ahmedabad,UPI
PS001-202604-023,PS001,2026-04-22,debit,Transport,290.04,Metro / fuel,Ahmedabad,UPI
PS001-202604-024,PS001,2026-04-26,debit,Transport,351.44,Metro / fuel,Ahmedabad,UPI
PS001-202604-025,PS001,2026-04-29,debit,Transport,344.34,Metro / fuel,Ahmedabad,UPI
PS001-202604-026,PS001,2026-04-02,debit,Bills,1231.3,Electricity / mobile,Ahmedabad,UPI
PS001-202604-027,PS001,2026-04-15,debit,Bills,1059.57,Electricity / mobile,Ahmedabad,UPI
PS001-202604-028,PS001,2026-04-30,debit,Bills,1144.13,Electricity / mobile,Ahmedabad,UPI
PS001-202604-029,PS001,2026-04-02,debit,Rent,10648,Monthly rent,Ahmedabad,NEFT
PS001-202604-030,PS001,2026-04-02,debit,Education,859,Learning centre,Ahmedabad,UPI
PS001-202604-031,PS001,2026-04-02,debit,Healthcare,859,Pharmacy,Ahmedabad,UPI
PS001-202604-032,PS001,2026-04-02,debit,Entertainment,573.24,Cinema / streaming,Ahmedabad,UPI
PS001-202604-033,PS001,2026-04-15,debit,Entertainment,540.26,Cinema / streaming,Ahmedabad,UPI
PS001-202604-034,PS001,2026-04-30,debit,Entertainment,432.5,Cinema / streaming,Ahmedabad,UPI
PS001-202604-035,PS001,2026-04-02,debit,Investment,2061,Recurring investment,Ahmedabad,UPI
PS001-202604-036,PS001,2026-04-02,debit,UPI Transfer,853.55,Household transfer,Ahmedabad,UPI
PS001-202604-037,PS001,2026-04-30,debit,UPI Transfer,692.45,Household transfer,Ahmedabad,UPI
PS001-202604-038,PS001,2026-04-03,debit,Other,381.55,Everyday purchase,Ahmedabad,UPI
PS001-202604-039,PS001,2026-04-30,debit,Other,305.45,Everyday purchase,Ahmedabad,UPI
PS001-202604-040,PS001,2026-04-05,debit,EMI,12000,Scheduled loan EMI,Ahmedabad,Auto debit
PS001-202605-001,PS001,2026-05-01,credit,Salary,75000,Monthly salary,Ahmedabad,NEFT
PS001-202605-002,PS001,2026-05-02,debit,Food,428.87,Swiggy / local groceries,Ahmedabad,UPI
PS001-202605-003,PS001,2026-05-04,debit,Food,566.54,Swiggy / local groceries,Ahmedabad,UPI
PS001-202605-004,PS001,2026-05-08,debit,Food,344.0,Swiggy / local groceries,Ahmedabad,UPI
PS001-202605-005,PS001,2026-05-10,debit,Food,571.84,Swiggy / local groceries,Ahmedabad,UPI
PS001-202605-006,PS001,2026-05-13,debit,Food,452.89,Swiggy / local groceries,Ahmedabad,UPI
PS001-202605-007,PS001,2026-05-14,debit,Food,566.76,Swiggy / local groceries,Ahmedabad,UPI
PS001-202605-008,PS001,2026-05-18,debit,Food,450.14,Swiggy / local groceries,Ahmedabad,UPI
PS001-202605-009,PS001,2026-05-19,debit,Food,403.18,Swiggy / local groceries,Ahmedabad,UPI
PS001-202605-010,PS001,2026-05-23,debit,Food,391.5,Swiggy / local groceries,Ahmedabad,UPI
PS001-202605-011,PS001,2026-05-25,debit,Food,587.66,Swiggy / local groceries,Ahmedabad,UPI
PS001-202605-012,PS001,2026-05-27,debit,Food,478.01,Swiggy / local groceries,Ahmedabad,UPI
PS001-202605-013,PS001,2026-05-30,debit,Food,432.61,Swiggy / local groceries,Ahmedabad,UPI
PS001-202605-014,PS001,2026-05-02,debit,Shopping,1113.24,Amazon / local retail,Ahmedabad,UPI
PS001-202605-015,PS001,2026-05-12,debit,Shopping,939.47,Amazon / local retail,Ahmedabad,UPI
PS001-202605-016,PS001,2026-05-20,debit,Shopping,933.96,Amazon / local retail,Ahmedabad,UPI
PS001-202605-017,PS001,2026-05-30,debit,Shopping,1018.33,Amazon / local retail,Ahmedabad,UPI
PS001-202605-018,PS001,2026-05-03,debit,Transport,242.69,Metro / fuel,Ahmedabad,UPI
PS001-202605-019,PS001,2026-05-07,debit,Transport,344.58,Metro / fuel,Ahmedabad,UPI
PS001-202605-020,PS001,2026-05-11,debit,Transport,425.07,Metro / fuel,Ahmedabad,UPI
PS001-202605-021,PS001,2026-05-15,debit,Transport,369.39,Metro / fuel,Ahmedabad,UPI
PS001-202605-022,PS001,2026-05-18,debit,Transport,251.1,Metro / fuel,Ahmedabad,UPI
PS001-202605-023,PS001,2026-05-23,debit,Transport,301.88,Metro / fuel,Ahmedabad,UPI
PS001-202605-024,PS001,2026-05-27,debit,Transport,393.01,Metro / fuel,Ahmedabad,UPI
PS001-202605-025,PS001,2026-05-31,debit,Transport,342.28,Metro / fuel,Ahmedabad,UPI
PS001-202605-026,PS001,2026-05-02,debit,Bills,1284.06,Electricity / mobile,Ahmedabad,UPI
PS001-202605-027,PS001,2026-05-17,debit,Bills,1152.09,Electricity / mobile,Ahmedabad,UPI
PS001-202605-028,PS001,2026-05-30,debit,Bills,901.85,Electricity / mobile,Ahmedabad,UPI
PS001-202605-029,PS001,2026-05-02,debit,Rent,10346,Monthly rent,Ahmedabad,NEFT
PS001-202605-030,PS001,2026-05-02,debit,Education,834,Learning centre,Ahmedabad,UPI
PS001-202605-031,PS001,2026-05-03,debit,Healthcare,834,Pharmacy,Ahmedabad,UPI
PS001-202605-032,PS001,2026-05-03,debit,Entertainment,567.63,Cinema / streaming,Ahmedabad,UPI
PS001-202605-033,PS001,2026-05-16,debit,Entertainment,560.25,Cinema / streaming,Ahmedabad,UPI
PS001-202605-034,PS001,2026-05-30,debit,Entertainment,374.12,Cinema / streaming,Ahmedabad,UPI
PS001-202605-035,PS001,2026-05-02,debit,Investment,2002,Recurring investment,Ahmedabad,UPI
PS001-202605-036,PS001,2026-05-02,debit,UPI Transfer,929.14,Household transfer,Ahmedabad,UPI
PS001-202605-037,PS001,2026-05-30,debit,UPI Transfer,572.86,Household transfer,Ahmedabad,UPI
PS001-202605-038,PS001,2026-05-02,debit,Other,330.67,Everyday purchase,Ahmedabad,UPI
PS001-202605-039,PS001,2026-05-30,debit,Other,337.33,Everyday purchase,Ahmedabad,UPI
PS001-202605-040,PS001,2026-05-05,debit,EMI,12000,Scheduled loan EMI,Ahmedabad,Auto debit
PS001-202606-001,PS001,2026-06-01,credit,Salary,75000,Monthly salary,Ahmedabad,NEFT
PS001-202606-002,PS001,2026-06-03,debit,Food,339.08,Swiggy / local groceries,Ahmedabad,UPI
PS001-202606-003,PS001,2026-06-05,debit,Food,536.59,Swiggy / local groceries,Ahmedabad,UPI
PS001-202606-004,PS001,2026-06-06,debit,Food,397.64,Swiggy / local groceries,Ahmedabad,UPI
PS001-202606-005,PS001,2026-06-10,debit,Food,496.71,Swiggy / local groceries,Ahmedabad,UPI
PS001-202606-006,PS001,2026-06-12,debit,Food,449.77,Swiggy / local groceries,Ahmedabad,UPI
PS001-202606-007,PS001,2026-06-14,debit,Food,533.41,Swiggy / local groceries,Ahmedabad,UPI
PS001-202606-008,PS001,2026-06-17,debit,Food,403.19,Swiggy / local groceries,Ahmedabad,UPI
PS001-202606-009,PS001,2026-06-19,debit,Food,589.95,Swiggy / local groceries,Ahmedabad,UPI
PS001-202606-010,PS001,2026-06-21,debit,Food,403.47,Swiggy / local groceries,Ahmedabad,UPI
PS001-202606-011,PS001,2026-06-24,debit,Food,422.08,Swiggy / local groceries,Ahmedabad,UPI
PS001-202606-012,PS001,2026-06-26,debit,Food,470.18,Swiggy / local groceries,Ahmedabad,UPI
PS001-202606-013,PS001,2026-06-29,debit,Food,465.93,Swiggy / local groceries,Ahmedabad,UPI
PS001-202606-014,PS001,2026-06-03,debit,Shopping,1069.52,Amazon / local retail,Ahmedabad,UPI
PS001-202606-015,PS001,2026-06-12,debit,Shopping,844.94,Amazon / local retail,Ahmedabad,UPI
PS001-202606-016,PS001,2026-06-20,debit,Shopping,1055.4,Amazon / local retail,Ahmedabad,UPI
PS001-202606-017,PS001,2026-06-29,debit,Shopping,918.14,Amazon / local retail,Ahmedabad,UPI
PS001-202606-018,PS001,2026-06-02,debit,Transport,378.91,Metro / fuel,Ahmedabad,UPI
PS001-202606-019,PS001,2026-06-06,debit,Transport,343.39,Metro / fuel,Ahmedabad,UPI
PS001-202606-020,PS001,2026-06-10,debit,Transport,317.8,Metro / fuel,Ahmedabad,UPI
PS001-202606-021,PS001,2026-06-13,debit,Transport,330.96,Metro / fuel,Ahmedabad,UPI
PS001-202606-022,PS001,2026-06-18,debit,Transport,353.95,Metro / fuel,Ahmedabad,UPI
PS001-202606-023,PS001,2026-06-21,debit,Transport,234.9,Metro / fuel,Ahmedabad,UPI
PS001-202606-024,PS001,2026-06-26,debit,Transport,271.46,Metro / fuel,Ahmedabad,UPI
PS001-202606-025,PS001,2026-06-30,debit,Transport,360.63,Metro / fuel,Ahmedabad,UPI
PS001-202606-026,PS001,2026-06-03,debit,Bills,1013.43,Electricity / mobile,Ahmedabad,UPI
PS001-202606-027,PS001,2026-06-16,debit,Bills,1044.92,Electricity / mobile,Ahmedabad,UPI
PS001-202606-028,PS001,2026-06-29,debit,Bills,1181.65,Electricity / mobile,Ahmedabad,UPI
PS001-202606-029,PS001,2026-06-03,debit,Rent,10044,Monthly rent,Ahmedabad,NEFT
PS001-202606-030,PS001,2026-06-03,debit,Education,810,Learning centre,Ahmedabad,UPI
PS001-202606-031,PS001,2026-06-02,debit,Healthcare,810,Pharmacy,Ahmedabad,UPI
PS001-202606-032,PS001,2026-06-03,debit,Entertainment,469.84,Cinema / streaming,Ahmedabad,UPI
PS001-202606-033,PS001,2026-06-16,debit,Entertainment,514.49,Cinema / streaming,Ahmedabad,UPI
PS001-202606-034,PS001,2026-06-30,debit,Entertainment,473.67,Cinema / streaming,Ahmedabad,UPI
PS001-202606-035,PS001,2026-06-02,debit,Investment,1944,Recurring investment,Ahmedabad,UPI
PS001-202606-036,PS001,2026-06-02,debit,UPI Transfer,603.67,Household transfer,Ahmedabad,UPI
PS001-202606-037,PS001,2026-06-30,debit,UPI Transfer,854.33,Household transfer,Ahmedabad,UPI
PS001-202606-038,PS001,2026-06-03,debit,Other,263.38,Everyday purchase,Ahmedabad,UPI
PS001-202606-039,PS001,2026-06-29,debit,Other,384.62,Everyday purchase,Ahmedabad,UPI
PS001-202606-040,PS001,2026-06-05,debit,EMI,12000,Scheduled loan EMI,Ahmedabad,Auto debit
PS001-202607-001,PS001,2026-07-01,credit,Salary,75000,Monthly salary,Ahmedabad,NEFT
PS001-202607-002,PS001,2026-07-03,debit,Food,561.32,Swiggy / local groceries,Ahmedabad,UPI
PS001-202607-003,PS001,2026-07-05,debit,Food,335.03,Swiggy / local groceries,Ahmedabad,UPI
PS001-202607-004,PS001,2026-07-08,debit,Food,475.84,Swiggy / local groceries,Ahmedabad,UPI
PS001-202607-005,PS001,2026-07-10,debit,Food,523.98,Swiggy / local groceries,Ahmedabad,UPI
PS001-202607-006,PS001,2026-07-13,debit,Food,384.38,Swiggy / local groceries,Ahmedabad,UPI
PS001-202607-007,PS001,2026-07-14,debit,Food,579.78,Swiggy / local groceries,Ahmedabad,UPI
PS001-202607-008,PS001,2026-07-17,debit,Food,473.66,Swiggy / local groceries,Ahmedabad,UPI
PS001-202607-009,PS001,2026-07-20,debit,Food,326.19,Swiggy / local groceries,Ahmedabad,UPI
PS001-202607-010,PS001,2026-07-23,debit,Food,408.79,Swiggy / local groceries,Ahmedabad,UPI
PS001-202607-011,PS001,2026-07-24,debit,Food,482.74,Swiggy / local groceries,Ahmedabad,UPI
PS001-202607-012,PS001,2026-07-28,debit,Food,402.06,Swiggy / local groceries,Ahmedabad,UPI
PS001-202607-013,PS001,2026-07-31,debit,Food,388.23,Swiggy / local groceries,Ahmedabad,UPI
PS001-202607-014,PS001,2026-07-02,debit,Shopping,739.16,Amazon / local retail,Ahmedabad,UPI
PS001-202607-015,PS001,2026-07-11,debit,Shopping,1284.13,Amazon / local retail,Ahmedabad,UPI
PS001-202607-016,PS001,2026-07-21,debit,Shopping,781.96,Amazon / local retail,Ahmedabad,UPI
PS001-202607-017,PS001,2026-07-31,debit,Shopping,965.75,Amazon / local retail,Ahmedabad,UPI
PS001-202607-018,PS001,2026-07-02,debit,Transport,358.71,Metro / fuel,Ahmedabad,UPI
PS001-202607-019,PS001,2026-07-06,debit,Transport,265.06,Metro / fuel,Ahmedabad,UPI
PS001-202607-020,PS001,2026-07-10,debit,Transport,313.69,Metro / fuel,Ahmedabad,UPI
PS001-202607-021,PS001,2026-07-14,debit,Transport,262.97,Metro / fuel,Ahmedabad,UPI
PS001-202607-022,PS001,2026-07-19,debit,Transport,298.82,Metro / fuel,Ahmedabad,UPI
PS001-202607-023,PS001,2026-07-22,debit,Transport,319.68,Metro / fuel,Ahmedabad,UPI
PS001-202607-024,PS001,2026-07-27,debit,Transport,381.79,Metro / fuel,Ahmedabad,UPI
PS001-202607-025,PS001,2026-07-30,debit,Transport,313.28,Metro / fuel,Ahmedabad,UPI
PS001-202607-026,PS001,2026-07-02,debit,Bills,980.77,Electricity / mobile,Ahmedabad,UPI
PS001-202607-027,PS001,2026-07-16,debit,Bills,863.56,Electricity / mobile,Ahmedabad,UPI
PS001-202607-028,PS001,2026-07-31,debit,Bills,1297.67,Electricity / mobile,Ahmedabad,UPI
PS001-202607-029,PS001,2026-07-02,debit,Rent,9742,Monthly rent,Ahmedabad,NEFT
PS001-202607-030,PS001,2026-07-02,debit,Education,786,Learning centre,Ahmedabad,UPI
PS001-202607-031,PS001,2026-07-03,debit,Healthcare,786,Pharmacy,Ahmedabad,UPI
PS001-202607-032,PS001,2026-07-02,debit,Entertainment,500.54,Cinema / streaming,Ahmedabad,UPI
PS001-202607-033,PS001,2026-07-17,debit,Entertainment,434.18,Cinema / streaming,Ahmedabad,UPI
PS001-202607-034,PS001,2026-07-30,debit,Entertainment,479.28,Cinema / streaming,Ahmedabad,UPI
PS001-202607-035,PS001,2026-07-03,debit,Investment,1886,Recurring investment,Ahmedabad,UPI
PS001-202607-036,PS001,2026-07-02,debit,UPI Transfer,711.91,Household transfer,Ahmedabad,UPI
PS001-202607-037,PS001,2026-07-31,debit,UPI Transfer,702.09,Household transfer,Ahmedabad,UPI
PS001-202607-038,PS001,2026-07-03,debit,Other,313.65,Everyday purchase,Ahmedabad,UPI
PS001-202607-039,PS001,2026-07-31,debit,Other,314.35,Everyday purchase,Ahmedabad,UPI
PS001-202607-040,PS001,2026-07-05,debit,EMI,12000,Scheduled loan EMI,Ahmedabad,Auto debit
PS001-202608-001,PS001,2026-08-01,credit,Salary,75000,Monthly salary,Ahmedabad,NEFT
PS001-202608-002,PS001,2026-08-03,debit,Food,317.01,Swiggy / local groceries,Ahmedabad,UPI
PS001-202608-003,PS001,2026-08-05,debit,Food,423.68,Swiggy / local groceries,Ahmedabad,UPI
PS001-202608-004,PS001,2026-08-07,debit,Food,477.16,Swiggy / local groceries,Ahmedabad,UPI
PS001-202608-005,PS001,2026-08-10,debit,Food,409.52,Swiggy / local groceries,Ahmedabad,UPI
PS001-202608-006,PS001,2026-08-13,debit,Food,440.67,Swiggy / local groceries,Ahmedabad,UPI
PS001-202608-007,PS001,2026-08-15,debit,Food,365.39,Swiggy / local groceries,Ahmedabad,UPI
PS001-202608-008,PS001,2026-08-18,debit,Food,462.98,Swiggy / local groceries,Ahmedabad,UPI
PS001-202608-009,PS001,2026-08-19,debit,Food,568.53,Swiggy / local groceries,Ahmedabad,UPI
PS001-202608-010,PS001,2026-08-22,debit,Food,434.43,Swiggy / local groceries,Ahmedabad,UPI
PS001-202608-011,PS001,2026-08-25,debit,Food,359.08,Swiggy / local groceries,Ahmedabad,UPI
PS001-202608-012,PS001,2026-08-28,debit,Food,388.78,Swiggy / local groceries,Ahmedabad,UPI
PS001-202608-013,PS001,2026-08-31,debit,Food,528.77,Swiggy / local groceries,Ahmedabad,UPI
PS001-202608-014,PS001,2026-08-02,debit,Shopping,950.1,Amazon / local retail,Ahmedabad,UPI
PS001-202608-015,PS001,2026-08-11,debit,Shopping,809.24,Amazon / local retail,Ahmedabad,UPI
PS001-202608-016,PS001,2026-08-21,debit,Shopping,764.69,Amazon / local retail,Ahmedabad,UPI
PS001-202608-017,PS001,2026-08-30,debit,Shopping,1129.97,Amazon / local retail,Ahmedabad,UPI
PS001-202608-018,PS001,2026-08-02,debit,Transport,263.55,Metro / fuel,Ahmedabad,UPI
PS001-202608-019,PS001,2026-08-07,debit,Transport,324.19,Metro / fuel,Ahmedabad,UPI
PS001-202608-020,PS001,2026-08-11,debit,Transport,265.77,Metro / fuel,Ahmedabad,UPI
PS001-202608-021,PS001,2026-08-15,debit,Transport,420.99,Metro / fuel,Ahmedabad,UPI
PS001-202608-022,PS001,2026-08-18,debit,Transport,334.17,Metro / fuel,Ahmedabad,UPI
PS001-202608-023,PS001,2026-08-23,debit,Transport,239.13,Metro / fuel,Ahmedabad,UPI
PS001-202608-024,PS001,2026-08-27,debit,Transport,276.73,Metro / fuel,Ahmedabad,UPI
PS001-202608-025,PS001,2026-08-31,debit,Transport,311.47,Metro / fuel,Ahmedabad,UPI
PS001-202608-026,PS001,2026-08-02,debit,Bills,1220.0,Electricity / mobile,Ahmedabad,UPI
PS001-202608-027,PS001,2026-08-17,debit,Bills,1022.6,Electricity / mobile,Ahmedabad,UPI
PS001-202608-028,PS001,2026-08-31,debit,Bills,802.4,Electricity / mobile,Ahmedabad,UPI
PS001-202608-029,PS001,2026-08-02,debit,Rent,9440,Monthly rent,Ahmedabad,NEFT
PS001-202608-030,PS001,2026-08-03,debit,Education,761,Learning centre,Ahmedabad,UPI
PS001-202608-031,PS001,2026-08-03,debit,Healthcare,761,Pharmacy,Ahmedabad,UPI
PS001-202608-032,PS001,2026-08-03,debit,Entertainment,525.13,Cinema / streaming,Ahmedabad,UPI
PS001-202608-033,PS001,2026-08-16,debit,Entertainment,380.46,Cinema / streaming,Ahmedabad,UPI
PS001-202608-034,PS001,2026-08-30,debit,Entertainment,464.41,Cinema / streaming,Ahmedabad,UPI
PS001-202608-035,PS001,2026-08-02,debit,Investment,1827,Recurring investment,Ahmedabad,UPI
PS001-202608-036,PS001,2026-08-02,debit,UPI Transfer,594.64,Household transfer,Ahmedabad,UPI
PS001-202608-037,PS001,2026-08-31,debit,UPI Transfer,775.36,Household transfer,Ahmedabad,UPI
PS001-202608-038,PS001,2026-08-02,debit,Other,352.1,Everyday purchase,Ahmedabad,UPI
PS001-202608-039,PS001,2026-08-30,debit,Other,256.9,Everyday purchase,Ahmedabad,UPI
PS001-202608-040,PS001,2026-08-05,debit,EMI,12000,Scheduled loan EMI,Ahmedabad,Auto debit
PS002-202512-001,PS002,2025-12-01,credit,Salary,65000,Monthly salary,Surat,NEFT
PS002-202512-002,PS002,2025-12-02,debit,Food,489.68,Swiggy / local groceries,Surat,UPI
PS002-202512-003,PS002,2025-12-04,debit,Food,432.93,Swiggy / local groceries,Surat,UPI
PS002-202512-004,PS002,2025-12-07,debit,Food,384.36,Swiggy / local groceries,Surat,UPI
PS002-202512-005,PS002,2025-12-09,debit,Food,491.99,Swiggy / local groceries,Surat,UPI
PS002-202512-006,PS002,2025-12-13,debit,Food,685.11,Swiggy / local groceries,Surat,UPI
PS002-202512-007,PS002,2025-12-15,debit,Food,586.67,Swiggy / local groceries,Surat,UPI
PS002-202512-008,PS002,2025-12-17,debit,Food,435.82,Swiggy / local groceries,Surat,UPI
PS002-202512-009,PS002,2025-12-20,debit,Food,575.81,Swiggy / local groceries,Surat,UPI
PS002-202512-010,PS002,2025-12-22,debit,Food,489.84,Swiggy / local groceries,Surat,UPI
PS002-202512-011,PS002,2025-12-25,debit,Food,375.59,Swiggy / local groceries,Surat,UPI
PS002-202512-012,PS002,2025-12-28,debit,Food,667.76,Swiggy / local groceries,Surat,UPI
PS002-202512-013,PS002,2025-12-30,debit,Food,572.44,Swiggy / local groceries,Surat,UPI
PS002-202512-014,PS002,2025-12-02,debit,Shopping,1107.81,Amazon / local retail,Surat,UPI
PS002-202512-015,PS002,2025-12-12,debit,Shopping,899.98,Amazon / local retail,Surat,UPI
PS002-202512-016,PS002,2025-12-20,debit,Shopping,1045.51,Amazon / local retail,Surat,UPI
PS002-202512-017,PS002,2025-12-30,debit,Shopping,1314.7,Amazon / local retail,Surat,UPI
PS002-202512-018,PS002,2025-12-03,debit,Transport,356.17,Metro / fuel,Surat,UPI
PS002-202512-019,PS002,2025-12-06,debit,Transport,334.06,Metro / fuel,Surat,UPI
PS002-202512-020,PS002,2025-12-11,debit,Transport,273.98,Metro / fuel,Surat,UPI
PS002-202512-021,PS002,2025-12-14,debit,Transport,436.97,Metro / fuel,Surat,UPI
PS002-202512-022,PS002,2025-12-18,debit,Transport,428.52,Metro / fuel,Surat,UPI
PS002-202512-023,PS002,2025-12-22,debit,Transport,392.65,Metro / fuel,Surat,UPI
PS002-202512-024,PS002,2025-12-27,debit,Transport,337.81,Metro / fuel,Surat,UPI
PS002-202512-025,PS002,2025-12-30,debit,Transport,351.84,Metro / fuel,Surat,UPI
PS002-202512-026,PS002,2025-12-03,debit,Bills,1230.34,Electricity / mobile,Surat,UPI
PS002-202512-027,PS002,2025-12-17,debit,Bills,1229.57,Electricity / mobile,Surat,UPI
PS002-202512-028,PS002,2025-12-30,debit,Bills,1180.09,Electricity / mobile,Surat,UPI
PS002-202512-029,PS002,2025-12-03,debit,Rent,11284,Monthly rent,Surat,NEFT
PS002-202512-030,PS002,2025-12-03,debit,Education,910,Learning centre,Surat,UPI
PS002-202512-031,PS002,2025-12-02,debit,Healthcare,910,Pharmacy,Surat,UPI
PS002-202512-032,PS002,2025-12-03,debit,Entertainment,574.24,Cinema / streaming,Surat,UPI
PS002-202512-033,PS002,2025-12-16,debit,Entertainment,507.86,Cinema / streaming,Surat,UPI
PS002-202512-034,PS002,2025-12-30,debit,Entertainment,555.9,Cinema / streaming,Surat,UPI
PS002-202512-035,PS002,2025-12-02,debit,Investment,2184,Recurring investment,Surat,UPI
PS002-202512-036,PS002,2025-12-03,debit,UPI Transfer,876.51,Household transfer,Surat,UPI
PS002-202512-037,PS002,2025-12-31,debit,UPI Transfer,761.49,Household transfer,Surat,UPI
PS002-202512-038,PS002,2025-12-02,debit,Other,390.46,Everyday purchase,Surat,UPI
PS002-202512-039,PS002,2025-12-31,debit,Other,337.54,Everyday purchase,Surat,UPI
PS002-202512-040,PS002,2025-12-05,debit,EMI,8000,Scheduled loan EMI,Surat,Auto debit
PS002-202601-001,PS002,2026-01-01,credit,Salary,65000,Monthly salary,Surat,NEFT
PS002-202601-002,PS002,2026-01-03,debit,Food,553.4,Swiggy / local groceries,Surat,UPI
PS002-202601-003,PS002,2026-01-05,debit,Food,340.06,Swiggy / local groceries,Surat,UPI
PS002-202601-004,PS002,2026-01-07,debit,Food,530.53,Swiggy / local groceries,Surat,UPI
PS002-202601-005,PS002,2026-01-09,debit,Food,414.87,Swiggy / local groceries,Surat,UPI
PS002-202601-006,PS002,2026-01-12,debit,Food,536.0,Swiggy / local groceries,Surat,UPI
PS002-202601-007,PS002,2026-01-15,debit,Food,510.44,Swiggy / local groceries,Surat,UPI
PS002-202601-008,PS002,2026-01-17,debit,Food,555.07,Swiggy / local groceries,Surat,UPI
PS002-202601-009,PS002,2026-01-19,debit,Food,507.55,Swiggy / local groceries,Surat,UPI
PS002-202601-010,PS002,2026-01-23,debit,Food,550.08,Swiggy / local groceries,Surat,UPI
PS002-202601-011,PS002,2026-01-24,debit,Food,578.62,Swiggy / local groceries,Surat,UPI
PS002-202601-012,PS002,2026-01-27,debit,Food,579.08,Swiggy / local groceries,Surat,UPI
PS002-202601-013,PS002,2026-01-30,debit,Food,532.3,Swiggy / local groceries,Surat,UPI
PS002-202601-014,PS002,2026-01-02,debit,Shopping,794.81,Amazon / local retail,Surat,UPI
PS002-202601-015,PS002,2026-01-12,debit,Shopping,1156.96,Amazon / local retail,Surat,UPI
PS002-202601-016,PS002,2026-01-20,debit,Shopping,1061.81,Amazon / local retail,Surat,UPI
PS002-202601-017,PS002,2026-01-30,debit,Shopping,1354.42,Amazon / local retail,Surat,UPI
PS002-202601-018,PS002,2026-01-03,debit,Transport,413.33,Metro / fuel,Surat,UPI
PS002-202601-019,PS002,2026-01-07,debit,Transport,412.29,Metro / fuel,Surat,UPI
PS002-202601-020,PS002,2026-01-10,debit,Transport,385.52,Metro / fuel,Surat,UPI
PS002-202601-021,PS002,2026-01-14,debit,Transport,334.28,Metro / fuel,Surat,UPI
PS002-202601-022,PS002,2026-01-18,debit,Transport,343.38,Metro / fuel,Surat,UPI
PS002-202601-023,PS002,2026-01-23,debit,Transport,389.07,Metro / fuel,Surat,UPI
PS002-202601-024,PS002,2026-01-26,debit,Transport,359.74,Metro / fuel,Surat,UPI
PS002-202601-025,PS002,2026-01-30,debit,Transport,274.39,Metro / fuel,Surat,UPI
PS002-202601-026,PS002,2026-01-02,debit,Bills,1201.23,Electricity / mobile,Surat,UPI
PS002-202601-027,PS002,2026-01-17,debit,Bills,1531.74,Electricity / mobile,Surat,UPI
PS002-202601-028,PS002,2026-01-31,debit,Bills,907.03,Electricity / mobile,Surat,UPI
PS002-202601-029,PS002,2026-01-03,debit,Rent,11284,Monthly rent,Surat,NEFT
PS002-202601-030,PS002,2026-01-03,debit,Education,910,Learning centre,Surat,UPI
PS002-202601-031,PS002,2026-01-03,debit,Healthcare,910,Pharmacy,Surat,UPI
PS002-202601-032,PS002,2026-01-03,debit,Entertainment,573.17,Cinema / streaming,Surat,UPI
PS002-202601-033,PS002,2026-01-17,debit,Entertainment,612.14,Cinema / streaming,Surat,UPI
PS002-202601-034,PS002,2026-01-30,debit,Entertainment,452.69,Cinema / streaming,Surat,UPI
PS002-202601-035,PS002,2026-01-03,debit,Investment,2184,Recurring investment,Surat,UPI
PS002-202601-036,PS002,2026-01-03,debit,UPI Transfer,646.93,Household transfer,Surat,UPI
PS002-202601-037,PS002,2026-01-30,debit,UPI Transfer,991.07,Household transfer,Surat,UPI
PS002-202601-038,PS002,2026-01-03,debit,Other,415.97,Everyday purchase,Surat,UPI
PS002-202601-039,PS002,2026-01-30,debit,Other,312.03,Everyday purchase,Surat,UPI
PS002-202601-040,PS002,2026-01-05,debit,EMI,8000,Scheduled loan EMI,Surat,Auto debit
PS002-202602-001,PS002,2026-02-01,credit,Salary,65000,Monthly salary,Surat,NEFT
PS002-202602-002,PS002,2026-02-03,debit,Food,607.16,Swiggy / local groceries,Surat,UPI
PS002-202602-003,PS002,2026-02-05,debit,Food,463.87,Swiggy / local groceries,Surat,UPI
PS002-202602-004,PS002,2026-02-07,debit,Food,515.86,Swiggy / local groceries,Surat,UPI
PS002-202602-005,PS002,2026-02-08,debit,Food,577.76,Swiggy / local groceries,Surat,UPI
PS002-202602-006,PS002,2026-02-12,debit,Food,476.78,Swiggy / local groceries,Surat,UPI
PS002-202602-007,PS002,2026-02-13,debit,Food,608.02,Swiggy / local groceries,Surat,UPI
PS002-202602-008,PS002,2026-02-15,debit,Food,537.52,Swiggy / local groceries,Surat,UPI
PS002-202602-009,PS002,2026-02-17,debit,Food,423.98,Swiggy / local groceries,Surat,UPI
PS002-202602-010,PS002,2026-02-21,debit,Food,591.93,Swiggy / local groceries,Surat,UPI
PS002-202602-011,PS002,2026-02-22,debit,Food,360.09,Swiggy / local groceries,Surat,UPI
PS002-202602-012,PS002,2026-02-25,debit,Food,632.09,Swiggy / local groceries,Surat,UPI
PS002-202602-013,PS002,2026-02-28,debit,Food,392.94,Swiggy / local groceries,Surat,UPI
PS002-202602-014,PS002,2026-02-03,debit,Shopping,1156.75,Amazon / local retail,Surat,UPI
PS002-202602-015,PS002,2026-02-11,debit,Shopping,1070.99,Amazon / local retail,Surat,UPI
PS002-202602-016,PS002,2026-02-18,debit,Shopping,1039.3,Amazon / local retail,Surat,UPI
PS002-202602-017,PS002,2026-02-28,debit,Shopping,1100.96,Amazon / local retail,Surat,UPI
PS002-202602-018,PS002,2026-02-02,debit,Transport,394.34,Metro / fuel,Surat,UPI
PS002-202602-019,PS002,2026-02-05,debit,Transport,401.98,Metro / fuel,Surat,UPI
PS002-202602-020,PS002,2026-02-09,debit,Transport,395.5,Metro / fuel,Surat,UPI
PS002-202602-021,PS002,2026-02-13,debit,Transport,290.88,Metro / fuel,Surat,UPI
PS002-202602-022,PS002,2026-02-16,debit,Transport,302.49,Metro / fuel,Surat,UPI
PS002-202602-023,PS002,2026-02-19,debit,Transport,268.06,Metro / fuel,Surat,UPI
PS002-202602-024,PS002,2026-02-23,debit,Transport,434.68,Metro / fuel,Surat,UPI
PS002-202602-025,PS002,2026-02-28,debit,Transport,424.07,Metro / fuel,Surat,UPI
PS002-202602-026,PS002,2026-02-03,debit,Bills,1001.83,Electricity / mobile,Surat,UPI
PS002-202602-027,PS002,2026-02-15,debit,Bills,1301.42,Electricity / mobile,Surat,UPI
PS002-202602-028,PS002,2026-02-28,debit,Bills,1336.75,Electricity / mobile,Surat,UPI
PS002-202602-029,PS002,2026-02-02,debit,Rent,11284,Monthly rent,Surat,NEFT
PS002-202602-030,PS002,2026-02-02,debit,Education,910,Learning centre,Surat,UPI
PS002-202602-031,PS002,2026-02-03,debit,Healthcare,910,Pharmacy,Surat,UPI
PS002-202602-032,PS002,2026-02-03,debit,Entertainment,552.08,Cinema / streaming,Surat,UPI
PS002-202602-033,PS002,2026-02-14,debit,Entertainment,543.58,Cinema / streaming,Surat,UPI
PS002-202602-034,PS002,2026-02-27,debit,Entertainment,542.34,Cinema / streaming,Surat,UPI
PS002-202602-035,PS002,2026-02-03,debit,Investment,2184,Recurring investment,Surat,UPI
PS002-202602-036,PS002,2026-02-02,debit,UPI Transfer,778.48,Household transfer,Surat,UPI
PS002-202602-037,PS002,2026-02-27,debit,UPI Transfer,859.52,Household transfer,Surat,UPI
PS002-202602-038,PS002,2026-02-02,debit,Other,394.22,Everyday purchase,Surat,UPI
PS002-202602-039,PS002,2026-02-27,debit,Other,333.78,Everyday purchase,Surat,UPI
PS002-202602-040,PS002,2026-02-05,debit,EMI,8000,Scheduled loan EMI,Surat,Auto debit
PS002-202603-001,PS002,2026-03-01,credit,Salary,65000,Monthly salary,Surat,NEFT
PS002-202603-002,PS002,2026-03-02,debit,Food,669.34,Swiggy / local groceries,Surat,UPI
PS002-202603-003,PS002,2026-03-04,debit,Food,403.26,Swiggy / local groceries,Surat,UPI
PS002-202603-004,PS002,2026-03-07,debit,Food,623.55,Swiggy / local groceries,Surat,UPI
PS002-202603-005,PS002,2026-03-09,debit,Food,443.75,Swiggy / local groceries,Surat,UPI
PS002-202603-006,PS002,2026-03-13,debit,Food,658.16,Swiggy / local groceries,Surat,UPI
PS002-202603-007,PS002,2026-03-14,debit,Food,554.26,Swiggy / local groceries,Surat,UPI
PS002-202603-008,PS002,2026-03-17,debit,Food,552.56,Swiggy / local groceries,Surat,UPI
PS002-202603-009,PS002,2026-03-19,debit,Food,455.56,Swiggy / local groceries,Surat,UPI
PS002-202603-010,PS002,2026-03-22,debit,Food,440.04,Swiggy / local groceries,Surat,UPI
PS002-202603-011,PS002,2026-03-25,debit,Food,553.5,Swiggy / local groceries,Surat,UPI
PS002-202603-012,PS002,2026-03-28,debit,Food,439.31,Swiggy / local groceries,Surat,UPI
PS002-202603-013,PS002,2026-03-30,debit,Food,394.71,Swiggy / local groceries,Surat,UPI
PS002-202603-014,PS002,2026-03-02,debit,Shopping,1315.77,Amazon / local retail,Surat,UPI
PS002-202603-015,PS002,2026-03-12,debit,Shopping,908.7,Amazon / local retail,Surat,UPI
PS002-202603-016,PS002,2026-03-21,debit,Shopping,1151.39,Amazon / local retail,Surat,UPI
PS002-202603-017,PS002,2026-03-31,debit,Shopping,992.14,Amazon / local retail,Surat,UPI
PS002-202603-018,PS002,2026-03-03,debit,Transport,359.62,Metro / fuel,Surat,UPI
PS002-202603-019,PS002,2026-03-06,debit,Transport,377.46,Metro / fuel,Surat,UPI
PS002-202603-020,PS002,2026-03-10,debit,Transport,420.18,Metro / fuel,Surat,UPI
PS002-202603-021,PS002,2026-03-15,debit,Transport,351.0,Metro / fuel,Surat,UPI
PS002-202603-022,PS002,2026-03-19,debit,Transport,436.23,Metro / fuel,Surat,UPI
PS002-202603-023,PS002,2026-03-23,debit,Transport,280.86,Metro / fuel,Surat,UPI
PS002-202603-024,PS002,2026-03-27,debit,Transport,329.2,Metro / fuel,Surat,UPI
PS002-202603-025,PS002,2026-03-30,debit,Transport,357.45,Metro / fuel,Surat,UPI
PS002-202603-026,PS002,2026-03-03,debit,Bills,1213.8,Electricity / mobile,Surat,UPI
PS002-202603-027,PS002,2026-03-17,debit,Bills,1451.32,Electricity / mobile,Surat,UPI
PS002-202603-028,PS002,2026-03-31,debit,Bills,974.88,Electricity / mobile,Surat,UPI
PS002-202603-029,PS002,2026-03-02,debit,Rent,11284,Monthly rent,Surat,NEFT
PS002-202603-030,PS002,2026-03-03,debit,Education,910,Learning centre,Surat,UPI
PS002-202603-031,PS002,2026-03-03,debit,Healthcare,910,Pharmacy,Surat,UPI
PS002-202603-032,PS002,2026-03-02,debit,Entertainment,571.23,Cinema / streaming,Surat,UPI
PS002-202603-033,PS002,2026-03-16,debit,Entertainment,438.92,Cinema / streaming,Surat,UPI
PS002-202603-034,PS002,2026-03-31,debit,Entertainment,627.85,Cinema / streaming,Surat,UPI
PS002-202603-035,PS002,2026-03-02,debit,Investment,2184,Recurring investment,Surat,UPI
PS002-202603-036,PS002,2026-03-02,debit,UPI Transfer,919.68,Household transfer,Surat,UPI
PS002-202603-037,PS002,2026-03-31,debit,UPI Transfer,718.32,Household transfer,Surat,UPI
PS002-202603-038,PS002,2026-03-03,debit,Other,416.52,Everyday purchase,Surat,UPI
PS002-202603-039,PS002,2026-03-31,debit,Other,311.48,Everyday purchase,Surat,UPI
PS002-202603-040,PS002,2026-03-05,debit,EMI,8000,Scheduled loan EMI,Surat,Auto debit
PS002-202604-001,PS002,2026-04-01,credit,Salary,65000,Monthly salary,Surat,NEFT
PS002-202604-002,PS002,2026-04-03,debit,Food,567.44,Swiggy / local groceries,Surat,UPI
PS002-202604-003,PS002,2026-04-05,debit,Food,428.77,Swiggy / local groceries,Surat,UPI
PS002-202604-004,PS002,2026-04-06,debit,Food,577.97,Swiggy / local groceries,Surat,UPI
PS002-202604-005,PS002,2026-04-10,debit,Food,525.76,Swiggy / local groceries,Surat,UPI
PS002-202604-006,PS002,2026-04-12,debit,Food,484.59,Swiggy / local groceries,Surat,UPI
PS002-202604-007,PS002,2026-04-14,debit,Food,616.91,Swiggy / local groceries,Surat,UPI
PS002-202604-008,PS002,2026-04-16,debit,Food,623.81,Swiggy / local groceries,Surat,UPI
PS002-202604-009,PS002,2026-04-19,debit,Food,501.37,Swiggy / local groceries,Surat,UPI
PS002-202604-010,PS002,2026-04-22,debit,Food,449.25,Swiggy / local groceries,Surat,UPI
PS002-202604-011,PS002,2026-04-24,debit,Food,497.48,Swiggy / local groceries,Surat,UPI
PS002-202604-012,PS002,2026-04-27,debit,Food,459.01,Swiggy / local groceries,Surat,UPI
PS002-202604-013,PS002,2026-04-29,debit,Food,455.64,Swiggy / local groceries,Surat,UPI
PS002-202604-014,PS002,2026-04-03,debit,Shopping,1071.73,Amazon / local retail,Surat,UPI
PS002-202604-015,PS002,2026-04-12,debit,Shopping,1157.39,Amazon / local retail,Surat,UPI
PS002-202604-016,PS002,2026-04-21,debit,Shopping,1016.45,Amazon / local retail,Surat,UPI
PS002-202604-017,PS002,2026-04-30,debit,Shopping,1122.43,Amazon / local retail,Surat,UPI
PS002-202604-018,PS002,2026-04-02,debit,Transport,402.21,Metro / fuel,Surat,UPI
PS002-202604-019,PS002,2026-04-06,debit,Transport,308.05,Metro / fuel,Surat,UPI
PS002-202604-020,PS002,2026-04-10,debit,Transport,276.17,Metro / fuel,Surat,UPI
PS002-202604-021,PS002,2026-04-14,debit,Transport,433.23,Metro / fuel,Surat,UPI
PS002-202604-022,PS002,2026-04-17,debit,Transport,404.73,Metro / fuel,Surat,UPI
PS002-202604-023,PS002,2026-04-21,debit,Transport,444.11,Metro / fuel,Surat,UPI
PS002-202604-024,PS002,2026-04-25,debit,Transport,293.51,Metro / fuel,Surat,UPI
PS002-202604-025,PS002,2026-04-29,debit,Transport,349.99,Metro / fuel,Surat,UPI
PS002-202604-026,PS002,2026-04-03,debit,Bills,1474.81,Electricity / mobile,Surat,UPI
PS002-202604-027,PS002,2026-04-16,debit,Bills,935.91,Electricity / mobile,Surat,UPI
PS002-202604-028,PS002,2026-04-29,debit,Bills,1229.28,Electricity / mobile,Surat,UPI
PS002-202604-029,PS002,2026-04-03,debit,Rent,11284,Monthly rent,Surat,NEFT
PS002-202604-030,PS002,2026-04-03,debit,Education,910,Learning centre,Surat,UPI
PS002-202604-031,PS002,2026-04-02,debit,Healthcare,910,Pharmacy,Surat,UPI
PS002-202604-032,PS002,2026-04-02,debit,Entertainment,622.2,Cinema / streaming,Surat,UPI
PS002-202604-033,PS002,2026-04-15,debit,Entertainment,587.35,Cinema / streaming,Surat,UPI
PS002-202604-034,PS002,2026-04-29,debit,Entertainment,428.45,Cinema / streaming,Surat,UPI
PS002-202604-035,PS002,2026-04-02,debit,Investment,2184,Recurring investment,Surat,UPI
PS002-202604-036,PS002,2026-04-03,debit,UPI Transfer,699.8,Household transfer,Surat,UPI
PS002-202604-037,PS002,2026-04-30,debit,UPI Transfer,938.2,Household transfer,Surat,UPI
PS002-202604-038,PS002,2026-04-03,debit,Other,434.19,Everyday purchase,Surat,UPI
PS002-202604-039,PS002,2026-04-30,debit,Other,293.81,Everyday purchase,Surat,UPI
PS002-202604-040,PS002,2026-04-05,debit,EMI,8000,Scheduled loan EMI,Surat,Auto debit
PS002-202605-001,PS002,2026-05-01,credit,Salary,65000,Monthly salary,Surat,NEFT
PS002-202605-002,PS002,2026-05-03,debit,Food,398.25,Swiggy / local groceries,Surat,UPI
PS002-202605-003,PS002,2026-05-04,debit,Food,563.07,Swiggy / local groceries,Surat,UPI
PS002-202605-004,PS002,2026-05-07,debit,Food,643.19,Swiggy / local groceries,Surat,UPI
PS002-202605-005,PS002,2026-05-09,debit,Food,632.87,Swiggy / local groceries,Surat,UPI
PS002-202605-006,PS002,2026-05-13,debit,Food,647.67,Swiggy / local groceries,Surat,UPI
PS002-202605-007,PS002,2026-05-14,debit,Food,593.02,Swiggy / local groceries,Surat,UPI
PS002-202605-008,PS002,2026-05-17,debit,Food,514.54,Swiggy / local groceries,Surat,UPI
PS002-202605-009,PS002,2026-05-20,debit,Food,363.44,Swiggy / local groceries,Surat,UPI
PS002-202605-010,PS002,2026-05-23,debit,Food,411.89,Swiggy / local groceries,Surat,UPI
PS002-202605-011,PS002,2026-05-24,debit,Food,456.21,Swiggy / local groceries,Surat,UPI
PS002-202605-012,PS002,2026-05-28,debit,Food,465.87,Swiggy / local groceries,Surat,UPI
PS002-202605-013,PS002,2026-05-31,debit,Food,497.98,Swiggy / local groceries,Surat,UPI
PS002-202605-014,PS002,2026-05-02,debit,Shopping,1207.12,Amazon / local retail,Surat,UPI
PS002-202605-015,PS002,2026-05-12,debit,Shopping,1214.86,Amazon / local retail,Surat,UPI
PS002-202605-016,PS002,2026-05-20,debit,Shopping,838.85,Amazon / local retail,Surat,UPI
PS002-202605-017,PS002,2026-05-31,debit,Shopping,1107.17,Amazon / local retail,Surat,UPI
PS002-202605-018,PS002,2026-05-02,debit,Transport,371.3,Metro / fuel,Surat,UPI
PS002-202605-019,PS002,2026-05-07,debit,Transport,376.83,Metro / fuel,Surat,UPI
PS002-202605-020,PS002,2026-05-11,debit,Transport,441.38,Metro / fuel,Surat,UPI
PS002-202605-021,PS002,2026-05-15,debit,Transport,399.72,Metro / fuel,Surat,UPI
PS002-202605-022,PS002,2026-05-19,debit,Transport,283.05,Metro / fuel,Surat,UPI
PS002-202605-023,PS002,2026-05-23,debit,Transport,352.56,Metro / fuel,Surat,UPI
PS002-202605-024,PS002,2026-05-26,debit,Transport,291.12,Metro / fuel,Surat,UPI
PS002-202605-025,PS002,2026-05-30,debit,Transport,396.04,Metro / fuel,Surat,UPI
PS002-202605-026,PS002,2026-05-02,debit,Bills,986.23,Electricity / mobile,Surat,UPI
PS002-202605-027,PS002,2026-05-17,debit,Bills,1479.31,Electricity / mobile,Surat,UPI
PS002-202605-028,PS002,2026-05-31,debit,Bills,1174.46,Electricity / mobile,Surat,UPI
PS002-202605-029,PS002,2026-05-02,debit,Rent,11284,Monthly rent,Surat,NEFT
PS002-202605-030,PS002,2026-05-02,debit,Education,910,Learning centre,Surat,UPI
PS002-202605-031,PS002,2026-05-03,debit,Healthcare,910,Pharmacy,Surat,UPI
PS002-202605-032,PS002,2026-05-02,debit,Entertainment,477.97,Cinema / streaming,Surat,UPI
PS002-202605-033,PS002,2026-05-17,debit,Entertainment,600.61,Cinema / streaming,Surat,UPI
PS002-202605-034,PS002,2026-05-31,debit,Entertainment,559.42,Cinema / streaming,Surat,UPI
PS002-202605-035,PS002,2026-05-03,debit,Investment,2184,Recurring investment,Surat,UPI
PS002-202605-036,PS002,2026-05-02,debit,UPI Transfer,736.83,Household transfer,Surat,UPI
PS002-202605-037,PS002,2026-05-31,debit,UPI Transfer,901.17,Household transfer,Surat,UPI
PS002-202605-038,PS002,2026-05-03,debit,Other,332.16,Everyday purchase,Surat,UPI
PS002-202605-039,PS002,2026-05-31,debit,Other,395.84,Everyday purchase,Surat,UPI
PS002-202605-040,PS002,2026-05-05,debit,EMI,8000,Scheduled loan EMI,Surat,Auto debit
PS002-202606-001,PS002,2026-06-01,credit,Salary,65000,Monthly salary,Surat,NEFT
PS002-202606-002,PS002,2026-06-03,debit,Food,534.77,Swiggy / local groceries,Surat,UPI
PS002-202606-003,PS002,2026-06-04,debit,Food,514.86,Swiggy / local groceries,Surat,UPI
PS002-202606-004,PS002,2026-06-07,debit,Food,638.19,Swiggy / local groceries,Surat,UPI
PS002-202606-005,PS002,2026-06-09,debit,Food,399.81,Swiggy / local groceries,Surat,UPI
PS002-202606-006,PS002,2026-06-11,debit,Food,614.41,Swiggy / local groceries,Surat,UPI
PS002-202606-007,PS002,2026-06-14,debit,Food,481.11,Swiggy / local groceries,Surat,UPI
PS002-202606-008,PS002,2026-06-17,debit,Food,604.12,Swiggy / local groceries,Surat,UPI
PS002-202606-009,PS002,2026-06-20,debit,Food,463.12,Swiggy / local groceries,Surat,UPI
PS002-202606-010,PS002,2026-06-21,debit,Food,492.11,Swiggy / local groceries,Surat,UPI
PS002-202606-011,PS002,2026-06-25,debit,Food,373.67,Swiggy / local groceries,Surat,UPI
PS002-202606-012,PS002,2026-06-26,debit,Food,652.83,Swiggy / local groceries,Surat,UPI
PS002-202606-013,PS002,2026-06-30,debit,Food,419.0,Swiggy / local groceries,Surat,UPI
PS002-202606-014,PS002,2026-06-02,debit,Shopping,1260.14,Amazon / local retail,Surat,UPI
PS002-202606-015,PS002,2026-06-11,debit,Shopping,1146.37,Amazon / local retail,Surat,UPI
PS002-202606-016,PS002,2026-06-20,debit,Shopping,765.09,Amazon / local retail,Surat,UPI
PS002-202606-017,PS002,2026-06-30,debit,Shopping,1196.4,Amazon / local retail,Surat,UPI
PS002-202606-018,PS002,2026-06-03,debit,Transport,374.33,Metro / fuel,Surat,UPI
PS002-202606-019,PS002,2026-06-05,debit,Transport,276.01,Metro / fuel,Surat,UPI
PS002-202606-020,PS002,2026-06-10,debit,Transport,365.17,Metro / fuel,Surat,UPI
PS002-202606-021,PS002,2026-06-14,debit,Transport,306.35,Metro / fuel,Surat,UPI
PS002-202606-022,PS002,2026-06-17,debit,Transport,304.06,Metro / fuel,Surat,UPI
PS002-202606-023,PS002,2026-06-22,debit,Transport,410.93,Metro / fuel,Surat,UPI
PS002-202606-024,PS002,2026-06-26,debit,Transport,452.07,Metro / fuel,Surat,UPI
PS002-202606-025,PS002,2026-06-29,debit,Transport,423.08,Metro / fuel,Surat,UPI
PS002-202606-026,PS002,2026-06-03,debit,Bills,1138.1,Electricity / mobile,Surat,UPI
PS002-202606-027,PS002,2026-06-15,debit,Bills,1100.59,Electricity / mobile,Surat,UPI
PS002-202606-028,PS002,2026-06-30,debit,Bills,1401.31,Electricity / mobile,Surat,UPI
PS002-202606-029,PS002,2026-06-02,debit,Rent,11284,Monthly rent,Surat,NEFT
PS002-202606-030,PS002,2026-06-02,debit,Education,910,Learning centre,Surat,UPI
PS002-202606-031,PS002,2026-06-02,debit,Healthcare,910,Pharmacy,Surat,UPI
PS002-202606-032,PS002,2026-06-02,debit,Entertainment,445.54,Cinema / streaming,Surat,UPI
PS002-202606-033,PS002,2026-06-16,debit,Entertainment,584.79,Cinema / streaming,Surat,UPI
PS002-202606-034,PS002,2026-06-29,debit,Entertainment,607.67,Cinema / streaming,Surat,UPI
PS002-202606-035,PS002,2026-06-03,debit,Investment,2184,Recurring investment,Surat,UPI
PS002-202606-036,PS002,2026-06-03,debit,UPI Transfer,838.88,Household transfer,Surat,UPI
PS002-202606-037,PS002,2026-06-30,debit,UPI Transfer,799.12,Household transfer,Surat,UPI
PS002-202606-038,PS002,2026-06-03,debit,Other,324.91,Everyday purchase,Surat,UPI
PS002-202606-039,PS002,2026-06-30,debit,Other,403.09,Everyday purchase,Surat,UPI
PS002-202606-040,PS002,2026-06-05,debit,EMI,8000,Scheduled loan EMI,Surat,Auto debit
PS002-202607-001,PS002,2026-07-01,credit,Salary,65000,Monthly salary,Surat,NEFT
PS002-202607-002,PS002,2026-07-03,debit,Food,378.26,Swiggy / local groceries,Surat,UPI
PS002-202607-003,PS002,2026-07-04,debit,Food,519.49,Swiggy / local groceries,Surat,UPI
PS002-202607-004,PS002,2026-07-08,debit,Food,583.97,Swiggy / local groceries,Surat,UPI
PS002-202607-005,PS002,2026-07-09,debit,Food,417.49,Swiggy / local groceries,Surat,UPI
PS002-202607-006,PS002,2026-07-12,debit,Food,493.12,Swiggy / local groceries,Surat,UPI
PS002-202607-007,PS002,2026-07-14,debit,Food,596.37,Swiggy / local groceries,Surat,UPI
PS002-202607-008,PS002,2026-07-17,debit,Food,604.65,Swiggy / local groceries,Surat,UPI
PS002-202607-009,PS002,2026-07-19,debit,Food,615.43,Swiggy / local groceries,Surat,UPI
PS002-202607-010,PS002,2026-07-23,debit,Food,514.37,Swiggy / local groceries,Surat,UPI
PS002-202607-011,PS002,2026-07-25,debit,Food,637.55,Swiggy / local groceries,Surat,UPI
PS002-202607-012,PS002,2026-07-27,debit,Food,411.61,Swiggy / local groceries,Surat,UPI
PS002-202607-013,PS002,2026-07-30,debit,Food,415.69,Swiggy / local groceries,Surat,UPI
PS002-202607-014,PS002,2026-07-02,debit,Shopping,999.42,Amazon / local retail,Surat,UPI
PS002-202607-015,PS002,2026-07-11,debit,Shopping,1135.89,Amazon / local retail,Surat,UPI
PS002-202607-016,PS002,2026-07-21,debit,Shopping,1230.73,Amazon / local retail,Surat,UPI
PS002-202607-017,PS002,2026-07-31,debit,Shopping,1001.96,Amazon / local retail,Surat,UPI
PS002-202607-018,PS002,2026-07-03,debit,Transport,367.28,Metro / fuel,Surat,UPI
PS002-202607-019,PS002,2026-07-06,debit,Transport,267.04,Metro / fuel,Surat,UPI
PS002-202607-020,PS002,2026-07-10,debit,Transport,390.83,Metro / fuel,Surat,UPI
PS002-202607-021,PS002,2026-07-15,debit,Transport,340.99,Metro / fuel,Surat,UPI
PS002-202607-022,PS002,2026-07-18,debit,Transport,343.61,Metro / fuel,Surat,UPI
PS002-202607-023,PS002,2026-07-23,debit,Transport,356.12,Metro / fuel,Surat,UPI
PS002-202607-024,PS002,2026-07-27,debit,Transport,414.09,Metro / fuel,Surat,UPI
PS002-202607-025,PS002,2026-07-31,debit,Transport,432.04,Metro / fuel,Surat,UPI
PS002-202607-026,PS002,2026-07-02,debit,Bills,1213.67,Electricity / mobile,Surat,UPI
PS002-202607-027,PS002,2026-07-16,debit,Bills,1426.4,Electricity / mobile,Surat,UPI
PS002-202607-028,PS002,2026-07-30,debit,Bills,999.93,Electricity / mobile,Surat,UPI
PS002-202607-029,PS002,2026-07-03,debit,Rent,11284,Monthly rent,Surat,NEFT
PS002-202607-030,PS002,2026-07-02,debit,Education,910,Learning centre,Surat,UPI
PS002-202607-031,PS002,2026-07-03,debit,Healthcare,910,Pharmacy,Surat,UPI
PS002-202607-032,PS002,2026-07-03,debit,Entertainment,654.41,Cinema / streaming,Surat,UPI
PS002-202607-033,PS002,2026-07-17,debit,Entertainment,484.95,Cinema / streaming,Surat,UPI
PS002-202607-034,PS002,2026-07-30,debit,Entertainment,498.64,Cinema / streaming,Surat,UPI
PS002-202607-035,PS002,2026-07-02,debit,Investment,2184,Recurring investment,Surat,UPI
PS002-202607-036,PS002,2026-07-02,debit,UPI Transfer,816.66,Household transfer,Surat,UPI
PS002-202607-037,PS002,2026-07-30,debit,UPI Transfer,821.34,Household transfer,Surat,UPI
PS002-202607-038,PS002,2026-07-02,debit,Other,321.38,Everyday purchase,Surat,UPI
PS002-202607-039,PS002,2026-07-30,debit,Other,406.62,Everyday purchase,Surat,UPI
PS002-202607-040,PS002,2026-07-05,debit,EMI,8000,Scheduled loan EMI,Surat,Auto debit
PS002-202608-001,PS002,2026-08-01,credit,Salary,65000,Monthly salary,Surat,NEFT
PS002-202608-002,PS002,2026-08-02,debit,Food,363.97,Swiggy / local groceries,Surat,UPI
PS002-202608-003,PS002,2026-08-04,debit,Food,646.26,Swiggy / local groceries,Surat,UPI
PS002-202608-004,PS002,2026-08-07,debit,Food,621.68,Swiggy / local groceries,Surat,UPI
PS002-202608-005,PS002,2026-08-10,debit,Food,490.79,Swiggy / local groceries,Surat,UPI
PS002-202608-006,PS002,2026-08-13,debit,Food,405.52,Swiggy / local groceries,Surat,UPI
PS002-202608-007,PS002,2026-08-15,debit,Food,638.02,Swiggy / local groceries,Surat,UPI
PS002-202608-008,PS002,2026-08-18,debit,Food,601.65,Swiggy / local groceries,Surat,UPI
PS002-202608-009,PS002,2026-08-19,debit,Food,405.99,Swiggy / local groceries,Surat,UPI
PS002-202608-010,PS002,2026-08-23,debit,Food,499.17,Swiggy / local groceries,Surat,UPI
PS002-202608-011,PS002,2026-08-25,debit,Food,548.39,Swiggy / local groceries,Surat,UPI
PS002-202608-012,PS002,2026-08-28,debit,Food,418.95,Swiggy / local groceries,Surat,UPI
PS002-202608-013,PS002,2026-08-31,debit,Food,547.61,Swiggy / local groceries,Surat,UPI
PS002-202608-014,PS002,2026-08-03,debit,Shopping,956.72,Amazon / local retail,Surat,UPI
PS002-202608-015,PS002,2026-08-12,debit,Shopping,1065.03,Amazon / local retail,Surat,UPI
PS002-202608-016,PS002,2026-08-21,debit,Shopping,1083.39,Amazon / local retail,Surat,UPI
PS002-202608-017,PS002,2026-08-30,debit,Shopping,1262.86,Amazon / local retail,Surat,UPI
PS002-202608-018,PS002,2026-08-02,debit,Transport,397.59,Metro / fuel,Surat,UPI
PS002-202608-019,PS002,2026-08-06,debit,Transport,314.5,Metro / fuel,Surat,UPI
PS002-202608-020,PS002,2026-08-10,debit,Transport,393.11,Metro / fuel,Surat,UPI
PS002-202608-021,PS002,2026-08-15,debit,Transport,319.92,Metro / fuel,Surat,UPI
PS002-202608-022,PS002,2026-08-18,debit,Transport,483.81,Metro / fuel,Surat,UPI
PS002-202608-023,PS002,2026-08-23,debit,Transport,377.83,Metro / fuel,Surat,UPI
PS002-202608-024,PS002,2026-08-26,debit,Transport,274.21,Metro / fuel,Surat,UPI
PS002-202608-025,PS002,2026-08-31,debit,Transport,351.03,Metro / fuel,Surat,UPI
PS002-202608-026,PS002,2026-08-03,debit,Bills,1548.43,Electricity / mobile,Surat,UPI
PS002-202608-027,PS002,2026-08-16,debit,Bills,1168.61,Electricity / mobile,Surat,UPI
PS002-202608-028,PS002,2026-08-31,debit,Bills,922.96,Electricity / mobile,Surat,UPI
PS002-202608-029,PS002,2026-08-02,debit,Rent,11284,Monthly rent,Surat,NEFT
PS002-202608-030,PS002,2026-08-02,debit,Education,910,Learning centre,Surat,UPI
PS002-202608-031,PS002,2026-08-03,debit,Healthcare,910,Pharmacy,Surat,UPI
PS002-202608-032,PS002,2026-08-02,debit,Entertainment,483.96,Cinema / streaming,Surat,UPI
PS002-202608-033,PS002,2026-08-17,debit,Entertainment,495.18,Cinema / streaming,Surat,UPI
PS002-202608-034,PS002,2026-08-30,debit,Entertainment,658.86,Cinema / streaming,Surat,UPI
PS002-202608-035,PS002,2026-08-02,debit,Investment,2184,Recurring investment,Surat,UPI
PS002-202608-036,PS002,2026-08-02,debit,UPI Transfer,740.8,Household transfer,Surat,UPI
PS002-202608-037,PS002,2026-08-30,debit,UPI Transfer,897.2,Household transfer,Surat,UPI
PS002-202608-038,PS002,2026-08-03,debit,Other,277.83,Everyday purchase,Surat,UPI
PS002-202608-039,PS002,2026-08-30,debit,Other,450.17,Everyday purchase,Surat,UPI
PS002-202608-040,PS002,2026-08-05,debit,EMI,8000,Scheduled loan EMI,Surat,Auto debit
PS003-202512-001,PS003,2025-12-01,credit,Salary,38000,Monthly salary,Rajkot,NEFT
PS003-202512-002,PS003,2025-12-03,debit,Food,238.93,Swiggy / local groceries,Rajkot,UPI
PS003-202512-003,PS003,2025-12-05,debit,Food,209.01,Swiggy / local groceries,Rajkot,UPI
PS003-202512-004,PS003,2025-12-08,debit,Food,264.73,Swiggy / local groceries,Rajkot,UPI
PS003-202512-005,PS003,2025-12-09,debit,Food,241.99,Swiggy / local groceries,Rajkot,UPI
PS003-202512-006,PS003,2025-12-13,debit,Food,273.72,Swiggy / local groceries,Rajkot,UPI
PS003-202512-007,PS003,2025-12-14,debit,Food,255.33,Swiggy / local groceries,Rajkot,UPI
PS003-202512-008,PS003,2025-12-17,debit,Food,213.63,Swiggy / local groceries,Rajkot,UPI
PS003-202512-009,PS003,2025-12-20,debit,Food,214.9,Swiggy / local groceries,Rajkot,UPI
PS003-202512-010,PS003,2025-12-22,debit,Food,184.23,Swiggy / local groceries,Rajkot,UPI
PS003-202512-011,PS003,2025-12-24,debit,Food,265.56,Swiggy / local groceries,Rajkot,UPI
PS003-202512-012,PS003,2025-12-27,debit,Food,214.96,Swiggy / local groceries,Rajkot,UPI
PS003-202512-013,PS003,2025-12-30,debit,Food,265.01,Swiggy / local groceries,Rajkot,UPI
PS003-202512-014,PS003,2025-12-03,debit,Shopping,396.45,Amazon / local retail,Rajkot,UPI
PS003-202512-015,PS003,2025-12-12,debit,Shopping,664.1,Amazon / local retail,Rajkot,UPI
PS003-202512-016,PS003,2025-12-20,debit,Shopping,424.05,Amazon / local retail,Rajkot,UPI
PS003-202512-017,PS003,2025-12-30,debit,Shopping,521.4,Amazon / local retail,Rajkot,UPI
PS003-202512-018,PS003,2025-12-02,debit,Transport,212.93,Metro / fuel,Rajkot,UPI
PS003-202512-019,PS003,2025-12-07,debit,Transport,139.94,Metro / fuel,Rajkot,UPI
PS003-202512-020,PS003,2025-12-10,debit,Transport,147.08,Metro / fuel,Rajkot,UPI
PS003-202512-021,PS003,2025-12-15,debit,Transport,166.07,Metro / fuel,Rajkot,UPI
PS003-202512-022,PS003,2025-12-18,debit,Transport,204.59,Metro / fuel,Rajkot,UPI
PS003-202512-023,PS003,2025-12-23,debit,Transport,154.66,Metro / fuel,Rajkot,UPI
PS003-202512-024,PS003,2025-12-26,debit,Transport,148.51,Metro / fuel,Rajkot,UPI
PS003-202512-025,PS003,2025-12-30,debit,Transport,164.22,Metro / fuel,Rajkot,UPI
PS003-202512-026,PS003,2025-12-03,debit,Bills,643.86,Electricity / mobile,Rajkot,UPI
PS003-202512-027,PS003,2025-12-16,debit,Bills,492.42,Electricity / mobile,Rajkot,UPI
PS003-202512-028,PS003,2025-12-30,debit,Bills,535.72,Electricity / mobile,Rajkot,UPI
PS003-202512-029,PS003,2025-12-03,debit,Rent,5183,Monthly rent,Rajkot,NEFT
PS003-202512-030,PS003,2025-12-03,debit,Education,418,Learning centre,Rajkot,UPI
PS003-202512-031,PS003,2025-12-03,debit,Healthcare,418,Pharmacy,Rajkot,UPI
PS003-202512-032,PS003,2025-12-03,debit,Entertainment,259.89,Cinema / streaming,Rajkot,UPI
PS003-202512-033,PS003,2025-12-16,debit,Entertainment,199.08,Cinema / streaming,Rajkot,UPI
PS003-202512-034,PS003,2025-12-30,debit,Entertainment,293.03,Cinema / streaming,Rajkot,UPI
PS003-202512-035,PS003,2025-12-02,debit,Investment,1003,Recurring investment,Rajkot,UPI
PS003-202512-036,PS003,2025-12-02,debit,UPI Transfer,342.47,Household transfer,Rajkot,UPI
PS003-202512-037,PS003,2025-12-31,debit,UPI Transfer,409.53,Household transfer,Rajkot,UPI
PS003-202512-038,PS003,2025-12-03,debit,Other,161.14,Everyday purchase,Rajkot,UPI
PS003-202512-039,PS003,2025-12-31,debit,Other,172.86,Everyday purchase,Rajkot,UPI
PS003-202512-040,PS003,2025-12-05,debit,EMI,14000,Scheduled loan EMI,Rajkot,Auto debit
PS003-202601-001,PS003,2026-01-01,credit,Salary,38000,Monthly salary,Rajkot,NEFT
PS003-202601-002,PS003,2026-01-03,debit,Food,275.76,Swiggy / local groceries,Rajkot,UPI
PS003-202601-003,PS003,2026-01-05,debit,Food,251.18,Swiggy / local groceries,Rajkot,UPI
PS003-202601-004,PS003,2026-01-07,debit,Food,238.41,Swiggy / local groceries,Rajkot,UPI
PS003-202601-005,PS003,2026-01-09,debit,Food,271.74,Swiggy / local groceries,Rajkot,UPI
PS003-202601-006,PS003,2026-01-12,debit,Food,272.36,Swiggy / local groceries,Rajkot,UPI
PS003-202601-007,PS003,2026-01-14,debit,Food,178.93,Swiggy / local groceries,Rajkot,UPI
PS003-202601-008,PS003,2026-01-18,debit,Food,225.27,Swiggy / local groceries,Rajkot,UPI
PS003-202601-009,PS003,2026-01-20,debit,Food,288.92,Swiggy / local groceries,Rajkot,UPI
PS003-202601-010,PS003,2026-01-22,debit,Food,252.85,Swiggy / local groceries,Rajkot,UPI
PS003-202601-011,PS003,2026-01-25,debit,Food,283.48,Swiggy / local groceries,Rajkot,UPI
PS003-202601-012,PS003,2026-01-27,debit,Food,195.19,Swiggy / local groceries,Rajkot,UPI
PS003-202601-013,PS003,2026-01-30,debit,Food,224.91,Swiggy / local groceries,Rajkot,UPI
PS003-202601-014,PS003,2026-01-03,debit,Shopping,508.29,Amazon / local retail,Rajkot,UPI
PS003-202601-015,PS003,2026-01-11,debit,Shopping,528.16,Amazon / local retail,Rajkot,UPI
PS003-202601-016,PS003,2026-01-21,debit,Shopping,525.68,Amazon / local retail,Rajkot,UPI
PS003-202601-017,PS003,2026-01-31,debit,Shopping,525.87,Amazon / local retail,Rajkot,UPI
PS003-202601-018,PS003,2026-01-03,debit,Transport,218.87,Metro / fuel,Rajkot,UPI
PS003-202601-019,PS003,2026-01-07,debit,Transport,204.53,Metro / fuel,Rajkot,UPI
PS003-202601-020,PS003,2026-01-10,debit,Transport,180.02,Metro / fuel,Rajkot,UPI
PS003-202601-021,PS003,2026-01-15,debit,Transport,128.67,Metro / fuel,Rajkot,UPI
PS003-202601-022,PS003,2026-01-19,debit,Transport,164.37,Metro / fuel,Rajkot,UPI
PS003-202601-023,PS003,2026-01-22,debit,Transport,125.48,Metro / fuel,Rajkot,UPI
PS003-202601-024,PS003,2026-01-26,debit,Transport,185.64,Metro / fuel,Rajkot,UPI
PS003-202601-025,PS003,2026-01-31,debit,Transport,184.42,Metro / fuel,Rajkot,UPI
PS003-202601-026,PS003,2026-01-02,debit,Bills,653.46,Electricity / mobile,Rajkot,UPI
PS003-202601-027,PS003,2026-01-17,debit,Bills,565.4,Electricity / mobile,Rajkot,UPI
PS003-202601-028,PS003,2026-01-31,debit,Bills,521.14,Electricity / mobile,Rajkot,UPI
PS003-202601-029,PS003,2026-01-02,debit,Rent,5395,Monthly rent,Rajkot,NEFT
PS003-202601-030,PS003,2026-01-03,debit,Education,435,Learning centre,Rajkot,UPI
PS003-202601-031,PS003,2026-01-03,debit,Healthcare,435,Pharmacy,Rajkot,UPI
PS003-202601-032,PS003,2026-01-03,debit,Entertainment,303.0,Cinema / streaming,Rajkot,UPI
PS003-202601-033,PS003,2026-01-17,debit,Entertainment,202.53,Cinema / streaming,Rajkot,UPI
PS003-202601-034,PS003,2026-01-31,debit,Entertainment,277.47,Cinema / streaming,Rajkot,UPI
PS003-202601-035,PS003,2026-01-03,debit,Investment,1044,Recurring investment,Rajkot,UPI
PS003-202601-036,PS003,2026-01-02,debit,UPI Transfer,372.42,Household transfer,Rajkot,UPI
PS003-202601-037,PS003,2026-01-30,debit,UPI Transfer,410.58,Household transfer,Rajkot,UPI
PS003-202601-038,PS003,2026-01-02,debit,Other,162.6,Everyday purchase,Rajkot,UPI
PS003-202601-039,PS003,2026-01-31,debit,Other,185.4,Everyday purchase,Rajkot,UPI
PS003-202601-040,PS003,2026-01-05,debit,EMI,14000,Scheduled loan EMI,Rajkot,Auto debit
PS003-202602-001,PS003,2026-02-01,credit,Salary,38000,Monthly salary,Rajkot,NEFT
PS003-202602-002,PS003,2026-02-02,debit,Food,242.98,Swiggy / local groceries,Rajkot,UPI
PS003-202602-003,PS003,2026-02-04,debit,Food,334.43,Swiggy / local groceries,Rajkot,UPI
PS003-202602-004,PS003,2026-02-06,debit,Food,251.32,Swiggy / local groceries,Rajkot,UPI
PS003-202602-005,PS003,2026-02-09,debit,Food,282.21,Swiggy / local groceries,Rajkot,UPI
PS003-202602-006,PS003,2026-02-12,debit,Food,194.56,Swiggy / local groceries,Rajkot,UPI
PS003-202602-007,PS003,2026-02-14,debit,Food,269.85,Swiggy / local groceries,Rajkot,UPI
PS003-202602-008,PS003,2026-02-16,debit,Food,293.82,Swiggy / local groceries,Rajkot,UPI
PS003-202602-009,PS003,2026-02-17,debit,Food,286.31,Swiggy / local groceries,Rajkot,UPI
PS003-202602-010,PS003,2026-02-21,debit,Food,231.96,Swiggy / local groceries,Rajkot,UPI
PS003-202602-011,PS003,2026-02-22,debit,Food,293.59,Swiggy / local groceries,Rajkot,UPI
PS003-202602-012,PS003,2026-02-24,debit,Food,190.07,Swiggy / local groceries,Rajkot,UPI
PS003-202602-013,PS003,2026-02-28,debit,Food,203.9,Swiggy / local groceries,Rajkot,UPI
PS003-202602-014,PS003,2026-02-02,debit,Shopping,564.63,Amazon / local retail,Rajkot,UPI
PS003-202602-015,PS003,2026-02-10,debit,Shopping,557.03,Amazon / local retail,Rajkot,UPI
PS003-202602-016,PS003,2026-02-18,debit,Shopping,466.15,Amazon / local retail,Rajkot,UPI
PS003-202602-017,PS003,2026-02-28,debit,Shopping,583.19,Amazon / local retail,Rajkot,UPI
PS003-202602-018,PS003,2026-02-03,debit,Transport,178.01,Metro / fuel,Rajkot,UPI
PS003-202602-019,PS003,2026-02-05,debit,Transport,160.51,Metro / fuel,Rajkot,UPI
PS003-202602-020,PS003,2026-02-10,debit,Transport,161.27,Metro / fuel,Rajkot,UPI
PS003-202602-021,PS003,2026-02-12,debit,Transport,177.4,Metro / fuel,Rajkot,UPI
PS003-202602-022,PS003,2026-02-17,debit,Transport,212.37,Metro / fuel,Rajkot,UPI
PS003-202602-023,PS003,2026-02-20,debit,Transport,176.98,Metro / fuel,Rajkot,UPI
PS003-202602-024,PS003,2026-02-23,debit,Transport,173.03,Metro / fuel,Rajkot,UPI
PS003-202602-025,PS003,2026-02-28,debit,Transport,207.43,Metro / fuel,Rajkot,UPI
PS003-202602-026,PS003,2026-02-03,debit,Bills,569.93,Electricity / mobile,Rajkot,UPI
PS003-202602-027,PS003,2026-02-15,debit,Bills,508.85,Electricity / mobile,Rajkot,UPI
PS003-202602-028,PS003,2026-02-27,debit,Bills,730.22,Electricity / mobile,Rajkot,UPI
PS003-202602-029,PS003,2026-02-02,debit,Rent,5607,Monthly rent,Rajkot,NEFT
PS003-202602-030,PS003,2026-02-02,debit,Education,452,Learning centre,Rajkot,UPI
PS003-202602-031,PS003,2026-02-02,debit,Healthcare,452,Pharmacy,Rajkot,UPI
PS003-202602-032,PS003,2026-02-02,debit,Entertainment,305.89,Cinema / streaming,Rajkot,UPI
PS003-202602-033,PS003,2026-02-15,debit,Entertainment,246.77,Cinema / streaming,Rajkot,UPI
PS003-202602-034,PS003,2026-02-27,debit,Entertainment,261.34,Cinema / streaming,Rajkot,UPI
PS003-202602-035,PS003,2026-02-03,debit,Investment,1085,Recurring investment,Rajkot,UPI
PS003-202602-036,PS003,2026-02-02,debit,UPI Transfer,454.54,Household transfer,Rajkot,UPI
PS003-202602-037,PS003,2026-02-28,debit,UPI Transfer,359.46,Household transfer,Rajkot,UPI
PS003-202602-038,PS003,2026-02-02,debit,Other,195.89,Everyday purchase,Rajkot,UPI
PS003-202602-039,PS003,2026-02-27,debit,Other,166.11,Everyday purchase,Rajkot,UPI
PS003-202602-040,PS003,2026-02-05,debit,EMI,14000,Scheduled loan EMI,Rajkot,Auto debit
PS003-202603-001,PS003,2026-03-01,credit,Salary,38000,Monthly salary,Rajkot,NEFT
PS003-202603-002,PS003,2026-03-02,debit,Food,265.56,Swiggy / local groceries,Rajkot,UPI
PS003-202603-003,PS003,2026-03-05,debit,Food,200.19,Swiggy / local groceries,Rajkot,UPI
PS003-202603-004,PS003,2026-03-07,debit,Food,278.73,Swiggy / local groceries,Rajkot,UPI
PS003-202603-005,PS003,2026-03-09,debit,Food,332.46,Swiggy / local groceries,Rajkot,UPI
PS003-202603-006,PS003,2026-03-13,debit,Food,211.96,Swiggy / local groceries,Rajkot,UPI
PS003-202603-007,PS003,2026-03-14,debit,Food,212.35,Swiggy / local groceries,Rajkot,UPI
PS003-202603-008,PS003,2026-03-17,debit,Food,233.47,Swiggy / local groceries,Rajkot,UPI
PS003-202603-009,PS003,2026-03-19,debit,Food,291.11,Swiggy / local groceries,Rajkot,UPI
PS003-202603-010,PS003,2026-03-22,debit,Food,306.48,Swiggy / local groceries,Rajkot,UPI
PS003-202603-011,PS003,2026-03-25,debit,Food,335.66,Swiggy / local groceries,Rajkot,UPI
PS003-202603-012,PS003,2026-03-27,debit,Food,228.08,Swiggy / local groceries,Rajkot,UPI
PS003-202603-013,PS003,2026-03-30,debit,Food,294.95,Swiggy / local groceries,Rajkot,UPI
PS003-202603-014,PS003,2026-03-03,debit,Shopping,611.03,Amazon / local retail,Rajkot,UPI
PS003-202603-015,PS003,2026-03-11,debit,Shopping,556.51,Amazon / local retail,Rajkot,UPI
PS003-202603-016,PS003,2026-03-21,debit,Shopping,583.76,Amazon / local retail,Rajkot,UPI
PS003-202603-017,PS003,2026-03-30,debit,Shopping,501.7,Amazon / local retail,Rajkot,UPI
PS003-202603-018,PS003,2026-03-03,debit,Transport,168.37,Metro / fuel,Rajkot,UPI
PS003-202603-019,PS003,2026-03-06,debit,Transport,150.65,Metro / fuel,Rajkot,UPI
PS003-202603-020,PS003,2026-03-10,debit,Transport,170.43,Metro / fuel,Rajkot,UPI
PS003-202603-021,PS003,2026-03-15,debit,Transport,262.02,Metro / fuel,Rajkot,UPI
PS003-202603-022,PS003,2026-03-19,debit,Transport,187.79,Metro / fuel,Rajkot,UPI
PS003-202603-023,PS003,2026-03-23,debit,Transport,237.82,Metro / fuel,Rajkot,UPI
PS003-202603-024,PS003,2026-03-27,debit,Transport,174.19,Metro / fuel,Rajkot,UPI
PS003-202603-025,PS003,2026-03-31,debit,Transport,150.73,Metro / fuel,Rajkot,UPI
PS003-202603-026,PS003,2026-03-02,debit,Bills,719.63,Electricity / mobile,Rajkot,UPI
PS003-202603-027,PS003,2026-03-17,debit,Bills,450.43,Electricity / mobile,Rajkot,UPI
PS003-202603-028,PS003,2026-03-31,debit,Bills,706.94,Electricity / mobile,Rajkot,UPI
PS003-202603-029,PS003,2026-03-02,debit,Rent,5819,Monthly rent,Rajkot,NEFT
PS003-202603-030,PS003,2026-03-02,debit,Education,469,Learning centre,Rajkot,UPI
PS003-202603-031,PS003,2026-03-02,debit,Healthcare,469,Pharmacy,Rajkot,UPI
PS003-202603-032,PS003,2026-03-02,debit,Entertainment,221.15,Cinema / streaming,Rajkot,UPI
PS003-202603-033,PS003,2026-03-16,debit,Entertainment,351.46,Cinema / streaming,Rajkot,UPI
PS003-202603-034,PS003,2026-03-31,debit,Entertainment,272.39,Cinema / streaming,Rajkot,UPI
PS003-202603-035,PS003,2026-03-02,debit,Investment,1126,Recurring investment,Rajkot,UPI
PS003-202603-036,PS003,2026-03-02,debit,UPI Transfer,380.87,Household transfer,Rajkot,UPI
PS003-202603-037,PS003,2026-03-31,debit,UPI Transfer,464.13,Household transfer,Rajkot,UPI
PS003-202603-038,PS003,2026-03-03,debit,Other,192.39,Everyday purchase,Rajkot,UPI
PS003-202603-039,PS003,2026-03-30,debit,Other,182.61,Everyday purchase,Rajkot,UPI
PS003-202603-040,PS003,2026-03-05,debit,EMI,14000,Scheduled loan EMI,Rajkot,Auto debit
PS003-202604-001,PS003,2026-04-01,credit,Salary,38000,Monthly salary,Rajkot,NEFT
PS003-202604-002,PS003,2026-04-03,debit,Food,274.66,Swiggy / local groceries,Rajkot,UPI
PS003-202604-003,PS003,2026-04-04,debit,Food,234.37,Swiggy / local groceries,Rajkot,UPI
PS003-202604-004,PS003,2026-04-06,debit,Food,290.61,Swiggy / local groceries,Rajkot,UPI
PS003-202604-005,PS003,2026-04-10,debit,Food,324.73,Swiggy / local groceries,Rajkot,UPI
PS003-202604-006,PS003,2026-04-12,debit,Food,323.05,Swiggy / local groceries,Rajkot,UPI
PS003-202604-007,PS003,2026-04-15,debit,Food,341.17,Swiggy / local groceries,Rajkot,UPI
PS003-202604-008,PS003,2026-04-17,debit,Food,343.7,Swiggy / local groceries,Rajkot,UPI
PS003-202604-009,PS003,2026-04-19,debit,Food,219.07,Swiggy / local groceries,Rajkot,UPI
PS003-202604-010,PS003,2026-04-22,debit,Food,231.43,Swiggy / local groceries,Rajkot,UPI
PS003-202604-011,PS003,2026-04-25,debit,Food,253.12,Swiggy / local groceries,Rajkot,UPI
PS003-202604-012,PS003,2026-04-27,debit,Food,246.55,Swiggy / local groceries,Rajkot,UPI
PS003-202604-013,PS003,2026-04-29,debit,Food,225.54,Swiggy / local groceries,Rajkot,UPI
PS003-202604-014,PS003,2026-04-03,debit,Shopping,520.14,Amazon / local retail,Rajkot,UPI
PS003-202604-015,PS003,2026-04-11,debit,Shopping,744.32,Amazon / local retail,Rajkot,UPI
PS003-202604-016,PS003,2026-04-20,debit,Shopping,657.28,Amazon / local retail,Rajkot,UPI
PS003-202604-017,PS003,2026-04-29,debit,Shopping,413.26,Amazon / local retail,Rajkot,UPI
PS003-202604-018,PS003,2026-04-02,debit,Transport,227.63,Metro / fuel,Rajkot,UPI
PS003-202604-019,PS003,2026-04-05,debit,Transport,198.86,Metro / fuel,Rajkot,UPI
PS003-202604-020,PS003,2026-04-09,debit,Transport,185.93,Metro / fuel,Rajkot,UPI
PS003-202604-021,PS003,2026-04-14,debit,Transport,180.17,Metro / fuel,Rajkot,UPI
PS003-202604-022,PS003,2026-04-17,debit,Transport,189.95,Metro / fuel,Rajkot,UPI
PS003-202604-023,PS003,2026-04-21,debit,Transport,184.73,Metro / fuel,Rajkot,UPI
PS003-202604-024,PS003,2026-04-25,debit,Transport,206.74,Metro / fuel,Rajkot,UPI
PS003-202604-025,PS003,2026-04-30,debit,Transport,181.99,Metro / fuel,Rajkot,UPI
PS003-202604-026,PS003,2026-04-03,debit,Bills,818.87,Electricity / mobile,Rajkot,UPI
PS003-202604-027,PS003,2026-04-16,debit,Bills,470.96,Electricity / mobile,Rajkot,UPI
PS003-202604-028,PS003,2026-04-30,debit,Bills,656.17,Electricity / mobile,Rajkot,UPI
PS003-202604-029,PS003,2026-04-02,debit,Rent,6031,Monthly rent,Rajkot,NEFT
PS003-202604-030,PS003,2026-04-03,debit,Education,486,Learning centre,Rajkot,UPI
PS003-202604-031,PS003,2026-04-03,debit,Healthcare,486,Pharmacy,Rajkot,UPI
PS003-202604-032,PS003,2026-04-02,debit,Entertainment,307.76,Cinema / streaming,Rajkot,UPI
PS003-202604-033,PS003,2026-04-15,debit,Entertainment,306.51,Cinema / streaming,Rajkot,UPI
PS003-202604-034,PS003,2026-04-30,debit,Entertainment,261.73,Cinema / streaming,Rajkot,UPI
PS003-202604-035,PS003,2026-04-03,debit,Investment,1167,Recurring investment,Rajkot,UPI
PS003-202604-036,PS003,2026-04-02,debit,UPI Transfer,507.74,Household transfer,Rajkot,UPI
PS003-202604-037,PS003,2026-04-30,debit,UPI Transfer,368.26,Household transfer,Rajkot,UPI
PS003-202604-038,PS003,2026-04-03,debit,Other,209.87,Everyday purchase,Rajkot,UPI
PS003-202604-039,PS003,2026-04-30,debit,Other,179.13,Everyday purchase,Rajkot,UPI
PS003-202604-040,PS003,2026-04-05,debit,EMI,14000,Scheduled loan EMI,Rajkot,Auto debit
PS003-202605-001,PS003,2026-05-01,credit,Salary,38000,Monthly salary,Rajkot,NEFT
PS003-202605-002,PS003,2026-05-03,debit,Food,316.95,Swiggy / local groceries,Rajkot,UPI
PS003-202605-003,PS003,2026-05-04,debit,Food,226.04,Swiggy / local groceries,Rajkot,UPI
PS003-202605-004,PS003,2026-05-08,debit,Food,247.73,Swiggy / local groceries,Rajkot,UPI
PS003-202605-005,PS003,2026-05-09,debit,Food,245.79,Swiggy / local groceries,Rajkot,UPI
PS003-202605-006,PS003,2026-05-13,debit,Food,386.17,Swiggy / local groceries,Rajkot,UPI
PS003-202605-007,PS003,2026-05-14,debit,Food,306.57,Swiggy / local groceries,Rajkot,UPI
PS003-202605-008,PS003,2026-05-17,debit,Food,363.52,Swiggy / local groceries,Rajkot,UPI
PS003-202605-009,PS003,2026-05-20,debit,Food,216.64,Swiggy / local groceries,Rajkot,UPI
PS003-202605-010,PS003,2026-05-23,debit,Food,297.39,Swiggy / local groceries,Rajkot,UPI
PS003-202605-011,PS003,2026-05-24,debit,Food,232.74,Swiggy / local groceries,Rajkot,UPI
PS003-202605-012,PS003,2026-05-27,debit,Food,250.5,Swiggy / local groceries,Rajkot,UPI
PS003-202605-013,PS003,2026-05-31,debit,Food,333.96,Swiggy / local groceries,Rajkot,UPI
PS003-202605-014,PS003,2026-05-02,debit,Shopping,566.74,Amazon / local retail,Rajkot,UPI
PS003-202605-015,PS003,2026-05-12,debit,Shopping,645.99,Amazon / local retail,Rajkot,UPI
PS003-202605-016,PS003,2026-05-20,debit,Shopping,654.67,Amazon / local retail,Rajkot,UPI
PS003-202605-017,PS003,2026-05-31,debit,Shopping,549.6,Amazon / local retail,Rajkot,UPI
PS003-202605-018,PS003,2026-05-03,debit,Transport,252.81,Metro / fuel,Rajkot,UPI
PS003-202605-019,PS003,2026-05-06,debit,Transport,176.94,Metro / fuel,Rajkot,UPI
PS003-202605-020,PS003,2026-05-11,debit,Transport,196.32,Metro / fuel,Rajkot,UPI
PS003-202605-021,PS003,2026-05-14,debit,Transport,171.82,Metro / fuel,Rajkot,UPI
PS003-202605-022,PS003,2026-05-18,debit,Transport,175.94,Metro / fuel,Rajkot,UPI
PS003-202605-023,PS003,2026-05-22,debit,Transport,188.46,Metro / fuel,Rajkot,UPI
PS003-202605-024,PS003,2026-05-26,debit,Transport,222.47,Metro / fuel,Rajkot,UPI
PS003-202605-025,PS003,2026-05-31,debit,Transport,226.24,Metro / fuel,Rajkot,UPI
PS003-202605-026,PS003,2026-05-03,debit,Bills,496.43,Electricity / mobile,Rajkot,UPI
PS003-202605-027,PS003,2026-05-16,debit,Bills,765.34,Electricity / mobile,Rajkot,UPI
PS003-202605-028,PS003,2026-05-30,debit,Bills,752.23,Electricity / mobile,Rajkot,UPI
PS003-202605-029,PS003,2026-05-03,debit,Rent,6243,Monthly rent,Rajkot,NEFT
PS003-202605-030,PS003,2026-05-02,debit,Education,504,Learning centre,Rajkot,UPI
PS003-202605-031,PS003,2026-05-03,debit,Healthcare,504,Pharmacy,Rajkot,UPI
PS003-202605-032,PS003,2026-05-02,debit,Entertainment,313.76,Cinema / streaming,Rajkot,UPI
PS003-202605-033,PS003,2026-05-16,debit,Entertainment,247.13,Cinema / streaming,Rajkot,UPI
PS003-202605-034,PS003,2026-05-31,debit,Entertainment,345.11,Cinema / streaming,Rajkot,UPI
PS003-202605-035,PS003,2026-05-02,debit,Investment,1208,Recurring investment,Rajkot,UPI
PS003-202605-036,PS003,2026-05-02,debit,UPI Transfer,518.57,Household transfer,Rajkot,UPI
PS003-202605-037,PS003,2026-05-31,debit,UPI Transfer,387.43,Household transfer,Rajkot,UPI
PS003-202605-038,PS003,2026-05-02,debit,Other,178.94,Everyday purchase,Rajkot,UPI
PS003-202605-039,PS003,2026-05-30,debit,Other,224.06,Everyday purchase,Rajkot,UPI
PS003-202605-040,PS003,2026-05-05,debit,EMI,14000,Scheduled loan EMI,Rajkot,Auto debit
PS003-202606-001,PS003,2026-06-01,credit,Salary,38000,Monthly salary,Rajkot,NEFT
PS003-202606-002,PS003,2026-06-02,debit,Food,298.8,Swiggy / local groceries,Rajkot,UPI
PS003-202606-003,PS003,2026-06-04,debit,Food,317.98,Swiggy / local groceries,Rajkot,UPI
PS003-202606-004,PS003,2026-06-06,debit,Food,262.08,Swiggy / local groceries,Rajkot,UPI
PS003-202606-005,PS003,2026-06-10,debit,Food,225.24,Swiggy / local groceries,Rajkot,UPI
PS003-202606-006,PS003,2026-06-11,debit,Food,334.67,Swiggy / local groceries,Rajkot,UPI
PS003-202606-007,PS003,2026-06-15,debit,Food,334.02,Swiggy / local groceries,Rajkot,UPI
PS003-202606-008,PS003,2026-06-17,debit,Food,271.19,Swiggy / local groceries,Rajkot,UPI
PS003-202606-009,PS003,2026-06-20,debit,Food,331.32,Swiggy / local groceries,Rajkot,UPI
PS003-202606-010,PS003,2026-06-22,debit,Food,266.52,Swiggy / local groceries,Rajkot,UPI
PS003-202606-011,PS003,2026-06-25,debit,Food,294.49,Swiggy / local groceries,Rajkot,UPI
PS003-202606-012,PS003,2026-06-26,debit,Food,340.48,Swiggy / local groceries,Rajkot,UPI
PS003-202606-013,PS003,2026-06-30,debit,Food,263.21,Swiggy / local groceries,Rajkot,UPI
PS003-202606-014,PS003,2026-06-03,debit,Shopping,622.51,Amazon / local retail,Rajkot,UPI
PS003-202606-015,PS003,2026-06-12,debit,Shopping,656.29,Amazon / local retail,Rajkot,UPI
PS003-202606-016,PS003,2026-06-20,debit,Shopping,702.75,Amazon / local retail,Rajkot,UPI
PS003-202606-017,PS003,2026-06-30,debit,Shopping,517.45,Amazon / local retail,Rajkot,UPI
PS003-202606-018,PS003,2026-06-02,debit,Transport,228.51,Metro / fuel,Rajkot,UPI
PS003-202606-019,PS003,2026-06-06,debit,Transport,243.46,Metro / fuel,Rajkot,UPI
PS003-202606-020,PS003,2026-06-10,debit,Transport,191.06,Metro / fuel,Rajkot,UPI
PS003-202606-021,PS003,2026-06-14,debit,Transport,212.25,Metro / fuel,Rajkot,UPI
PS003-202606-022,PS003,2026-06-17,debit,Transport,185.91,Metro / fuel,Rajkot,UPI
PS003-202606-023,PS003,2026-06-22,debit,Transport,161.19,Metro / fuel,Rajkot,UPI
PS003-202606-024,PS003,2026-06-25,debit,Transport,172.13,Metro / fuel,Rajkot,UPI
PS003-202606-025,PS003,2026-06-29,debit,Transport,271.49,Metro / fuel,Rajkot,UPI
PS003-202606-026,PS003,2026-06-02,debit,Bills,781.22,Electricity / mobile,Rajkot,UPI
PS003-202606-027,PS003,2026-06-16,debit,Bills,802.95,Electricity / mobile,Rajkot,UPI
PS003-202606-028,PS003,2026-06-29,debit,Bills,497.83,Electricity / mobile,Rajkot,UPI
PS003-202606-029,PS003,2026-06-02,debit,Rent,6455,Monthly rent,Rajkot,NEFT
PS003-202606-030,PS003,2026-06-02,debit,Education,521,Learning centre,Rajkot,UPI
PS003-202606-031,PS003,2026-06-02,debit,Healthcare,521,Pharmacy,Rajkot,UPI
PS003-202606-032,PS003,2026-06-02,debit,Entertainment,242.41,Cinema / streaming,Rajkot,UPI
PS003-202606-033,PS003,2026-06-16,debit,Entertainment,264.16,Cinema / streaming,Rajkot,UPI
PS003-202606-034,PS003,2026-06-29,debit,Entertainment,430.43,Cinema / streaming,Rajkot,UPI
PS003-202606-035,PS003,2026-06-03,debit,Investment,1249,Recurring investment,Rajkot,UPI
PS003-202606-036,PS003,2026-06-02,debit,UPI Transfer,464.36,Household transfer,Rajkot,UPI
PS003-202606-037,PS003,2026-06-30,debit,UPI Transfer,472.64,Household transfer,Rajkot,UPI
PS003-202606-038,PS003,2026-06-03,debit,Other,221.75,Everyday purchase,Rajkot,UPI
PS003-202606-039,PS003,2026-06-30,debit,Other,194.25,Everyday purchase,Rajkot,UPI
PS003-202606-040,PS003,2026-06-05,debit,EMI,14000,Scheduled loan EMI,Rajkot,Auto debit
PS003-202607-001,PS003,2026-07-01,credit,Salary,38000,Monthly salary,Rajkot,NEFT
PS003-202607-002,PS003,2026-07-02,debit,Food,351.54,Swiggy / local groceries,Rajkot,UPI
PS003-202607-003,PS003,2026-07-04,debit,Food,262.12,Swiggy / local groceries,Rajkot,UPI
PS003-202607-004,PS003,2026-07-07,debit,Food,373.47,Swiggy / local groceries,Rajkot,UPI
PS003-202607-005,PS003,2026-07-09,debit,Food,238.74,Swiggy / local groceries,Rajkot,UPI
PS003-202607-006,PS003,2026-07-12,debit,Food,305.59,Swiggy / local groceries,Rajkot,UPI
PS003-202607-007,PS003,2026-07-15,debit,Food,328.11,Swiggy / local groceries,Rajkot,UPI
PS003-202607-008,PS003,2026-07-18,debit,Food,382.19,Swiggy / local groceries,Rajkot,UPI
PS003-202607-009,PS003,2026-07-19,debit,Food,364.21,Swiggy / local groceries,Rajkot,UPI
PS003-202607-010,PS003,2026-07-23,debit,Food,351.55,Swiggy / local groceries,Rajkot,UPI
PS003-202607-011,PS003,2026-07-25,debit,Food,219.42,Swiggy / local groceries,Rajkot,UPI
PS003-202607-012,PS003,2026-07-27,debit,Food,254.66,Swiggy / local groceries,Rajkot,UPI
PS003-202607-013,PS003,2026-07-31,debit,Food,224.4,Swiggy / local groceries,Rajkot,UPI
PS003-202607-014,PS003,2026-07-03,debit,Shopping,681.17,Amazon / local retail,Rajkot,UPI
PS003-202607-015,PS003,2026-07-11,debit,Shopping,672.66,Amazon / local retail,Rajkot,UPI
PS003-202607-016,PS003,2026-07-20,debit,Shopping,515.27,Amazon / local retail,Rajkot,UPI
PS003-202607-017,PS003,2026-07-31,debit,Shopping,711.9,Amazon / local retail,Rajkot,UPI
PS003-202607-018,PS003,2026-07-02,debit,Transport,258.13,Metro / fuel,Rajkot,UPI
PS003-202607-019,PS003,2026-07-06,debit,Transport,257.75,Metro / fuel,Rajkot,UPI
PS003-202607-020,PS003,2026-07-11,debit,Transport,212.02,Metro / fuel,Rajkot,UPI
PS003-202607-021,PS003,2026-07-15,debit,Transport,204.06,Metro / fuel,Rajkot,UPI
PS003-202607-022,PS003,2026-07-18,debit,Transport,221.94,Metro / fuel,Rajkot,UPI
PS003-202607-023,PS003,2026-07-23,debit,Transport,184.86,Metro / fuel,Rajkot,UPI
PS003-202607-024,PS003,2026-07-26,debit,Transport,169.79,Metro / fuel,Rajkot,UPI
PS003-202607-025,PS003,2026-07-31,debit,Transport,212.45,Metro / fuel,Rajkot,UPI
PS003-202607-026,PS003,2026-07-02,debit,Bills,747.87,Electricity / mobile,Rajkot,UPI
PS003-202607-027,PS003,2026-07-16,debit,Bills,699.47,Electricity / mobile,Rajkot,UPI
PS003-202607-028,PS003,2026-07-31,debit,Bills,703.66,Electricity / mobile,Rajkot,UPI
PS003-202607-029,PS003,2026-07-03,debit,Rent,6667,Monthly rent,Rajkot,NEFT
PS003-202607-030,PS003,2026-07-02,debit,Education,538,Learning centre,Rajkot,UPI
PS003-202607-031,PS003,2026-07-02,debit,Healthcare,538,Pharmacy,Rajkot,UPI
PS003-202607-032,PS003,2026-07-02,debit,Entertainment,391.68,Cinema / streaming,Rajkot,UPI
PS003-202607-033,PS003,2026-07-16,debit,Entertainment,279.1,Cinema / streaming,Rajkot,UPI
PS003-202607-034,PS003,2026-07-31,debit,Entertainment,297.22,Cinema / streaming,Rajkot,UPI
PS003-202607-035,PS003,2026-07-02,debit,Investment,1290,Recurring investment,Rajkot,UPI
PS003-202607-036,PS003,2026-07-02,debit,UPI Transfer,447.26,Household transfer,Rajkot,UPI
PS003-202607-037,PS003,2026-07-30,debit,UPI Transfer,520.74,Household transfer,Rajkot,UPI
PS003-202607-038,PS003,2026-07-02,debit,Other,217.12,Everyday purchase,Rajkot,UPI
PS003-202607-039,PS003,2026-07-31,debit,Other,212.88,Everyday purchase,Rajkot,UPI
PS003-202607-040,PS003,2026-07-05,debit,EMI,14000,Scheduled loan EMI,Rajkot,Auto debit
PS003-202608-001,PS003,2026-08-01,credit,Salary,38000,Monthly salary,Rajkot,NEFT
PS003-202608-002,PS003,2026-08-02,debit,Food,317.91,Swiggy / local groceries,Rajkot,UPI
PS003-202608-003,PS003,2026-08-05,debit,Food,455.5,Swiggy / local groceries,Rajkot,UPI
PS003-202608-004,PS003,2026-08-08,debit,Food,291.05,Swiggy / local groceries,Rajkot,UPI
PS003-202608-005,PS003,2026-08-10,debit,Food,268.11,Swiggy / local groceries,Rajkot,UPI
PS003-202608-006,PS003,2026-08-12,debit,Food,398.94,Swiggy / local groceries,Rajkot,UPI
PS003-202608-007,PS003,2026-08-14,debit,Food,356.0,Swiggy / local groceries,Rajkot,UPI
PS003-202608-008,PS003,2026-08-18,debit,Food,404.14,Swiggy / local groceries,Rajkot,UPI
PS003-202608-009,PS003,2026-08-20,debit,Food,425.11,Swiggy / local groceries,Rajkot,UPI
PS003-202608-010,PS003,2026-08-23,debit,Food,299.54,Swiggy / local groceries,Rajkot,UPI
PS003-202608-011,PS003,2026-08-24,debit,Food,307.84,Swiggy / local groceries,Rajkot,UPI
PS003-202608-012,PS003,2026-08-28,debit,Food,342.56,Swiggy / local groceries,Rajkot,UPI
PS003-202608-013,PS003,2026-08-31,debit,Food,434.3,Swiggy / local groceries,Rajkot,UPI
PS003-202608-014,PS003,2026-08-03,debit,Shopping,648.96,Amazon / local retail,Rajkot,UPI
PS003-202608-015,PS003,2026-08-11,debit,Shopping,730.28,Amazon / local retail,Rajkot,UPI
PS003-202608-016,PS003,2026-08-21,debit,Shopping,994.31,Amazon / local retail,Rajkot,UPI
PS003-202608-017,PS003,2026-08-30,debit,Shopping,662.45,Amazon / local retail,Rajkot,UPI
PS003-202608-018,PS003,2026-08-02,debit,Transport,261.73,Metro / fuel,Rajkot,UPI
PS003-202608-019,PS003,2026-08-06,debit,Transport,272.35,Metro / fuel,Rajkot,UPI
PS003-202608-020,PS003,2026-08-10,debit,Transport,282.15,Metro / fuel,Rajkot,UPI
PS003-202608-021,PS003,2026-08-14,debit,Transport,242.01,Metro / fuel,Rajkot,UPI
PS003-202608-022,PS003,2026-08-19,debit,Transport,234.24,Metro / fuel,Rajkot,UPI
PS003-202608-023,PS003,2026-08-23,debit,Transport,304.49,Metro / fuel,Rajkot,UPI
PS003-202608-024,PS003,2026-08-27,debit,Transport,178.24,Metro / fuel,Rajkot,UPI
PS003-202608-025,PS003,2026-08-31,debit,Transport,248.79,Metro / fuel,Rajkot,UPI
PS003-202608-026,PS003,2026-08-03,debit,Bills,992.12,Electricity / mobile,Rajkot,UPI
PS003-202608-027,PS003,2026-08-17,debit,Bills,546.68,Electricity / mobile,Rajkot,UPI
PS003-202608-028,PS003,2026-08-30,debit,Bills,991.2,Electricity / mobile,Rajkot,UPI
PS003-202608-029,PS003,2026-08-02,debit,Rent,7843,Monthly rent,Rajkot,NEFT
PS003-202608-030,PS003,2026-08-02,debit,Education,632,Learning centre,Rajkot,UPI
PS003-202608-031,PS003,2026-08-02,debit,Healthcare,632,Pharmacy,Rajkot,UPI
PS003-202608-032,PS003,2026-08-03,debit,Entertainment,352.56,Cinema / streaming,Rajkot,UPI
PS003-202608-033,PS003,2026-08-16,debit,Entertainment,371.88,Cinema / streaming,Rajkot,UPI
PS003-202608-034,PS003,2026-08-31,debit,Entertainment,413.56,Cinema / streaming,Rajkot,UPI
PS003-202608-035,PS003,2026-08-03,debit,Investment,1518,Recurring investment,Rajkot,UPI
PS003-202608-036,PS003,2026-08-02,debit,UPI Transfer,586.28,Household transfer,Rajkot,UPI
PS003-202608-037,PS003,2026-08-30,debit,UPI Transfer,551.72,Household transfer,Rajkot,UPI
PS003-202608-038,PS003,2026-08-02,debit,Other,274.54,Everyday purchase,Rajkot,UPI
PS003-202608-039,PS003,2026-08-31,debit,Other,231.46,Everyday purchase,Rajkot,UPI
PS003-202608-040,PS003,2026-08-05,debit,EMI,14000,Scheduled loan EMI,Rajkot,Auto debit
PS004-202512-001,PS004,2025-12-01,credit,Salary,45000,Monthly salary,Mumbai,NEFT
PS004-202512-002,PS004,2025-12-02,debit,Food,325.24,Swiggy / local groceries,Mumbai,UPI
PS004-202512-003,PS004,2025-12-05,debit,Food,344.56,Swiggy / local groceries,Mumbai,UPI
PS004-202512-004,PS004,2025-12-08,debit,Food,373.42,Swiggy / local groceries,Mumbai,UPI
PS004-202512-005,PS004,2025-12-10,debit,Food,366.29,Swiggy / local groceries,Mumbai,UPI
PS004-202512-006,PS004,2025-12-12,debit,Food,363.84,Swiggy / local groceries,Mumbai,UPI
PS004-202512-007,PS004,2025-12-15,debit,Food,359.05,Swiggy / local groceries,Mumbai,UPI
PS004-202512-008,PS004,2025-12-17,debit,Food,446.99,Swiggy / local groceries,Mumbai,UPI
PS004-202512-009,PS004,2025-12-19,debit,Food,424.08,Swiggy / local groceries,Mumbai,UPI
PS004-202512-010,PS004,2025-12-23,debit,Food,327.94,Swiggy / local groceries,Mumbai,UPI
PS004-202512-011,PS004,2025-12-25,debit,Food,281.92,Swiggy / local groceries,Mumbai,UPI
PS004-202512-012,PS004,2025-12-27,debit,Food,472.72,Swiggy / local groceries,Mumbai,UPI
PS004-202512-013,PS004,2025-12-30,debit,Food,273.95,Swiggy / local groceries,Mumbai,UPI
PS004-202512-014,PS004,2025-12-03,debit,Shopping,753.69,Amazon / local retail,Mumbai,UPI
PS004-202512-015,PS004,2025-12-11,debit,Shopping,754.96,Amazon / local retail,Mumbai,UPI
PS004-202512-016,PS004,2025-12-21,debit,Shopping,774.74,Amazon / local retail,Mumbai,UPI
PS004-202512-017,PS004,2025-12-31,debit,Shopping,794.61,Amazon / local retail,Mumbai,UPI
PS004-202512-018,PS004,2025-12-03,debit,Transport,301.71,Metro / fuel,Mumbai,UPI
PS004-202512-019,PS004,2025-12-06,debit,Transport,291.53,Metro / fuel,Mumbai,UPI
PS004-202512-020,PS004,2025-12-10,debit,Transport,284.82,Metro / fuel,Mumbai,UPI
PS004-202512-021,PS004,2025-12-14,debit,Transport,200.03,Metro / fuel,Mumbai,UPI
PS004-202512-022,PS004,2025-12-18,debit,Transport,232.25,Metro / fuel,Mumbai,UPI
PS004-202512-023,PS004,2025-12-22,debit,Transport,262.81,Metro / fuel,Mumbai,UPI
PS004-202512-024,PS004,2025-12-26,debit,Transport,282.02,Metro / fuel,Mumbai,UPI
PS004-202512-025,PS004,2025-12-30,debit,Transport,196.83,Metro / fuel,Mumbai,UPI
PS004-202512-026,PS004,2025-12-02,debit,Bills,948.88,Electricity / mobile,Mumbai,UPI
PS004-202512-027,PS004,2025-12-16,debit,Bills,759.23,Electricity / mobile,Mumbai,UPI
PS004-202512-028,PS004,2025-12-30,debit,Bills,856.89,Electricity / mobile,Mumbai,UPI
PS004-202512-029,PS004,2025-12-02,debit,Rent,7952,Monthly rent,Mumbai,NEFT
PS004-202512-030,PS004,2025-12-03,debit,Education,641,Learning centre,Mumbai,UPI
PS004-202512-031,PS004,2025-12-03,debit,Healthcare,641,Pharmacy,Mumbai,UPI
PS004-202512-032,PS004,2025-12-02,debit,Entertainment,465.13,Cinema / streaming,Mumbai,UPI
PS004-202512-033,PS004,2025-12-17,debit,Entertainment,392.0,Cinema / streaming,Mumbai,UPI
PS004-202512-034,PS004,2025-12-31,debit,Entertainment,296.87,Cinema / streaming,Mumbai,UPI
PS004-202512-035,PS004,2025-12-03,debit,Investment,1539,Recurring investment,Mumbai,UPI
PS004-202512-036,PS004,2025-12-03,debit,UPI Transfer,465.7,Household transfer,Mumbai,UPI
PS004-202512-037,PS004,2025-12-31,debit,UPI Transfer,688.3,Household transfer,Mumbai,UPI
PS004-202512-038,PS004,2025-12-03,debit,Other,325.62,Everyday purchase,Mumbai,UPI
PS004-202512-039,PS004,2025-12-31,debit,Other,187.38,Everyday purchase,Mumbai,UPI
PS004-202512-040,PS004,2025-12-05,debit,EMI,12500,Scheduled loan EMI,Mumbai,Auto debit
PS004-202601-001,PS004,2026-01-01,credit,Salary,45000,Monthly salary,Mumbai,NEFT
PS004-202601-002,PS004,2026-01-03,debit,Food,417.24,Swiggy / local groceries,Mumbai,UPI
PS004-202601-003,PS004,2026-01-05,debit,Food,315.58,Swiggy / local groceries,Mumbai,UPI
PS004-202601-004,PS004,2026-01-07,debit,Food,324.03,Swiggy / local groceries,Mumbai,UPI
PS004-202601-005,PS004,2026-01-10,debit,Food,385.62,Swiggy / local groceries,Mumbai,UPI
PS004-202601-006,PS004,2026-01-13,debit,Food,416.22,Swiggy / local groceries,Mumbai,UPI
PS004-202601-007,PS004,2026-01-15,debit,Food,308.98,Swiggy / local groceries,Mumbai,UPI
PS004-202601-008,PS004,2026-01-18,debit,Food,341.01,Swiggy / local groceries,Mumbai,UPI
PS004-202601-009,PS004,2026-01-20,debit,Food,274.8,Swiggy / local groceries,Mumbai,UPI
PS004-202601-010,PS004,2026-01-23,debit,Food,345.36,Swiggy / local groceries,Mumbai,UPI
PS004-202601-011,PS004,2026-01-25,debit,Food,441.26,Swiggy / local groceries,Mumbai,UPI
PS004-202601-012,PS004,2026-01-28,debit,Food,397.89,Swiggy / local groceries,Mumbai,UPI
PS004-202601-013,PS004,2026-01-30,debit,Food,392.01,Swiggy / local groceries,Mumbai,UPI
PS004-202601-014,PS004,2026-01-03,debit,Shopping,760.3,Amazon / local retail,Mumbai,UPI
PS004-202601-015,PS004,2026-01-12,debit,Shopping,789.4,Amazon / local retail,Mumbai,UPI
PS004-202601-016,PS004,2026-01-21,debit,Shopping,753.45,Amazon / local retail,Mumbai,UPI
PS004-202601-017,PS004,2026-01-30,debit,Shopping,774.85,Amazon / local retail,Mumbai,UPI
PS004-202601-018,PS004,2026-01-03,debit,Transport,242.32,Metro / fuel,Mumbai,UPI
PS004-202601-019,PS004,2026-01-06,debit,Transport,302.71,Metro / fuel,Mumbai,UPI
PS004-202601-020,PS004,2026-01-11,debit,Transport,286.14,Metro / fuel,Mumbai,UPI
PS004-202601-021,PS004,2026-01-14,debit,Transport,311.05,Metro / fuel,Mumbai,UPI
PS004-202601-022,PS004,2026-01-18,debit,Transport,228.09,Metro / fuel,Mumbai,UPI
PS004-202601-023,PS004,2026-01-22,debit,Transport,243.67,Metro / fuel,Mumbai,UPI
PS004-202601-024,PS004,2026-01-27,debit,Transport,222.63,Metro / fuel,Mumbai,UPI
PS004-202601-025,PS004,2026-01-30,debit,Transport,215.39,Metro / fuel,Mumbai,UPI
PS004-202601-026,PS004,2026-01-02,debit,Bills,854.81,Electricity / mobile,Mumbai,UPI
PS004-202601-027,PS004,2026-01-17,debit,Bills,914.04,Electricity / mobile,Mumbai,UPI
PS004-202601-028,PS004,2026-01-31,debit,Bills,796.15,Electricity / mobile,Mumbai,UPI
PS004-202601-029,PS004,2026-01-02,debit,Rent,7952,Monthly rent,Mumbai,NEFT
PS004-202601-030,PS004,2026-01-03,debit,Education,641,Learning centre,Mumbai,UPI
PS004-202601-031,PS004,2026-01-03,debit,Healthcare,641,Pharmacy,Mumbai,UPI
PS004-202601-032,PS004,2026-01-02,debit,Entertainment,415.07,Cinema / streaming,Mumbai,UPI
PS004-202601-033,PS004,2026-01-17,debit,Entertainment,431.7,Cinema / streaming,Mumbai,UPI
PS004-202601-034,PS004,2026-01-30,debit,Entertainment,307.23,Cinema / streaming,Mumbai,UPI
PS004-202601-035,PS004,2026-01-02,debit,Investment,1539,Recurring investment,Mumbai,UPI
PS004-202601-036,PS004,2026-01-02,debit,UPI Transfer,489.11,Household transfer,Mumbai,UPI
PS004-202601-037,PS004,2026-01-30,debit,UPI Transfer,664.89,Household transfer,Mumbai,UPI
PS004-202601-038,PS004,2026-01-02,debit,Other,225.32,Everyday purchase,Mumbai,UPI
PS004-202601-039,PS004,2026-01-31,debit,Other,287.68,Everyday purchase,Mumbai,UPI
PS004-202601-040,PS004,2026-01-05,debit,EMI,12500,Scheduled loan EMI,Mumbai,Auto debit
PS004-202602-001,PS004,2026-02-01,credit,Salary,45000,Monthly salary,Mumbai,NEFT
PS004-202602-002,PS004,2026-02-03,debit,Food,329.81,Swiggy / local groceries,Mumbai,UPI
PS004-202602-003,PS004,2026-02-04,debit,Food,450.02,Swiggy / local groceries,Mumbai,UPI
PS004-202602-004,PS004,2026-02-07,debit,Food,303.35,Swiggy / local groceries,Mumbai,UPI
PS004-202602-005,PS004,2026-02-08,debit,Food,417.95,Swiggy / local groceries,Mumbai,UPI
PS004-202602-006,PS004,2026-02-11,debit,Food,329.13,Swiggy / local groceries,Mumbai,UPI
PS004-202602-007,PS004,2026-02-14,debit,Food,254.12,Swiggy / local groceries,Mumbai,UPI
PS004-202602-008,PS004,2026-02-15,debit,Food,426.8,Swiggy / local groceries,Mumbai,UPI
PS004-202602-009,PS004,2026-02-18,debit,Food,300.94,Swiggy / local groceries,Mumbai,UPI
PS004-202602-010,PS004,2026-02-21,debit,Food,383.88,Swiggy / local groceries,Mumbai,UPI
PS004-202602-011,PS004,2026-02-22,debit,Food,357.24,Swiggy / local groceries,Mumbai,UPI
PS004-202602-012,PS004,2026-02-25,debit,Food,452.12,Swiggy / local groceries,Mumbai,UPI
PS004-202602-013,PS004,2026-02-28,debit,Food,354.64,Swiggy / local groceries,Mumbai,UPI
PS004-202602-014,PS004,2026-02-02,debit,Shopping,884.75,Amazon / local retail,Mumbai,UPI
PS004-202602-015,PS004,2026-02-11,debit,Shopping,580.0,Amazon / local retail,Mumbai,UPI
PS004-202602-016,PS004,2026-02-18,debit,Shopping,918.21,Amazon / local retail,Mumbai,UPI
PS004-202602-017,PS004,2026-02-28,debit,Shopping,695.04,Amazon / local retail,Mumbai,UPI
PS004-202602-018,PS004,2026-02-03,debit,Transport,254.98,Metro / fuel,Mumbai,UPI
PS004-202602-019,PS004,2026-02-05,debit,Transport,261.74,Metro / fuel,Mumbai,UPI
PS004-202602-020,PS004,2026-02-10,debit,Transport,208.16,Metro / fuel,Mumbai,UPI
PS004-202602-021,PS004,2026-02-12,debit,Transport,221.85,Metro / fuel,Mumbai,UPI
PS004-202602-022,PS004,2026-02-16,debit,Transport,305.38,Metro / fuel,Mumbai,UPI
PS004-202602-023,PS004,2026-02-20,debit,Transport,287.03,Metro / fuel,Mumbai,UPI
PS004-202602-024,PS004,2026-02-24,debit,Transport,236.23,Metro / fuel,Mumbai,UPI
PS004-202602-025,PS004,2026-02-27,debit,Transport,276.63,Metro / fuel,Mumbai,UPI
PS004-202602-026,PS004,2026-02-03,debit,Bills,716.79,Electricity / mobile,Mumbai,UPI
PS004-202602-027,PS004,2026-02-14,debit,Bills,1023.9,Electricity / mobile,Mumbai,UPI
PS004-202602-028,PS004,2026-02-28,debit,Bills,824.31,Electricity / mobile,Mumbai,UPI
PS004-202602-029,PS004,2026-02-02,debit,Rent,7952,Monthly rent,Mumbai,NEFT
PS004-202602-030,PS004,2026-02-02,debit,Education,641,Learning centre,Mumbai,UPI
PS004-202602-031,PS004,2026-02-02,debit,Healthcare,641,Pharmacy,Mumbai,UPI
PS004-202602-032,PS004,2026-02-02,debit,Entertainment,329.43,Cinema / streaming,Mumbai,UPI
PS004-202602-033,PS004,2026-02-14,debit,Entertainment,438.86,Cinema / streaming,Mumbai,UPI
PS004-202602-034,PS004,2026-02-27,debit,Entertainment,385.71,Cinema / streaming,Mumbai,UPI
PS004-202602-035,PS004,2026-02-03,debit,Investment,1539,Recurring investment,Mumbai,UPI
PS004-202602-036,PS004,2026-02-03,debit,UPI Transfer,556.55,Household transfer,Mumbai,UPI
PS004-202602-037,PS004,2026-02-27,debit,UPI Transfer,597.45,Household transfer,Mumbai,UPI
PS004-202602-038,PS004,2026-02-03,debit,Other,263.55,Everyday purchase,Mumbai,UPI
PS004-202602-039,PS004,2026-02-27,debit,Other,249.45,Everyday purchase,Mumbai,UPI
PS004-202602-040,PS004,2026-02-05,debit,EMI,12500,Scheduled loan EMI,Mumbai,Auto debit
PS004-202603-001,PS004,2026-03-01,credit,Salary,45000,Monthly salary,Mumbai,NEFT
PS004-202603-002,PS004,2026-03-02,debit,Food,446.23,Swiggy / local groceries,Mumbai,UPI
PS004-202603-003,PS004,2026-03-04,debit,Food,281.21,Swiggy / local groceries,Mumbai,UPI
PS004-202603-004,PS004,2026-03-07,debit,Food,283.41,Swiggy / local groceries,Mumbai,UPI
PS004-202603-005,PS004,2026-03-10,debit,Food,316.53,Swiggy / local groceries,Mumbai,UPI
PS004-202603-006,PS004,2026-03-12,debit,Food,309.47,Swiggy / local groceries,Mumbai,UPI
PS004-202603-007,PS004,2026-03-15,debit,Food,429.33,Swiggy / local groceries,Mumbai,UPI
PS004-202603-008,PS004,2026-03-18,debit,Food,406.9,Swiggy / local groceries,Mumbai,UPI
PS004-202603-009,PS004,2026-03-20,debit,Food,435.01,Swiggy / local groceries,Mumbai,UPI
PS004-202603-010,PS004,2026-03-22,debit,Food,276.77,Swiggy / local groceries,Mumbai,UPI
PS004-202603-011,PS004,2026-03-25,debit,Food,428.25,Swiggy / local groceries,Mumbai,UPI
PS004-202603-012,PS004,2026-03-27,debit,Food,272.28,Swiggy / local groceries,Mumbai,UPI
PS004-202603-013,PS004,2026-03-30,debit,Food,474.61,Swiggy / local groceries,Mumbai,UPI
PS004-202603-014,PS004,2026-03-03,debit,Shopping,565.23,Amazon / local retail,Mumbai,UPI
PS004-202603-015,PS004,2026-03-11,debit,Shopping,962.85,Amazon / local retail,Mumbai,UPI
PS004-202603-016,PS004,2026-03-20,debit,Shopping,787.78,Amazon / local retail,Mumbai,UPI
PS004-202603-017,PS004,2026-03-30,debit,Shopping,762.14,Amazon / local retail,Mumbai,UPI
PS004-202603-018,PS004,2026-03-02,debit,Transport,332.35,Metro / fuel,Mumbai,UPI
PS004-202603-019,PS004,2026-03-07,debit,Transport,279.35,Metro / fuel,Mumbai,UPI
PS004-202603-020,PS004,2026-03-10,debit,Transport,287.39,Metro / fuel,Mumbai,UPI
PS004-202603-021,PS004,2026-03-14,debit,Transport,214.17,Metro / fuel,Mumbai,UPI
PS004-202603-022,PS004,2026-03-19,debit,Transport,213.07,Metro / fuel,Mumbai,UPI
PS004-202603-023,PS004,2026-03-23,debit,Transport,196.4,Metro / fuel,Mumbai,UPI
PS004-202603-024,PS004,2026-03-26,debit,Transport,216.0,Metro / fuel,Mumbai,UPI
PS004-202603-025,PS004,2026-03-31,debit,Transport,313.27,Metro / fuel,Mumbai,UPI
PS004-202603-026,PS004,2026-03-02,debit,Bills,751.79,Electricity / mobile,Mumbai,UPI
PS004-202603-027,PS004,2026-03-16,debit,Bills,974.65,Electricity / mobile,Mumbai,UPI
PS004-202603-028,PS004,2026-03-31,debit,Bills,838.56,Electricity / mobile,Mumbai,UPI
PS004-202603-029,PS004,2026-03-02,debit,Rent,7952,Monthly rent,Mumbai,NEFT
PS004-202603-030,PS004,2026-03-02,debit,Education,641,Learning centre,Mumbai,UPI
PS004-202603-031,PS004,2026-03-02,debit,Healthcare,641,Pharmacy,Mumbai,UPI
PS004-202603-032,PS004,2026-03-02,debit,Entertainment,418.32,Cinema / streaming,Mumbai,UPI
PS004-202603-033,PS004,2026-03-16,debit,Entertainment,324.85,Cinema / streaming,Mumbai,UPI
PS004-202603-034,PS004,2026-03-30,debit,Entertainment,410.83,Cinema / streaming,Mumbai,UPI
PS004-202603-035,PS004,2026-03-02,debit,Investment,1539,Recurring investment,Mumbai,UPI
PS004-202603-036,PS004,2026-03-03,debit,UPI Transfer,560.26,Household transfer,Mumbai,UPI
PS004-202603-037,PS004,2026-03-31,debit,UPI Transfer,593.74,Household transfer,Mumbai,UPI
PS004-202603-038,PS004,2026-03-03,debit,Other,301.14,Everyday purchase,Mumbai,UPI
PS004-202603-039,PS004,2026-03-30,debit,Other,211.86,Everyday purchase,Mumbai,UPI
PS004-202603-040,PS004,2026-03-05,debit,EMI,12500,Scheduled loan EMI,Mumbai,Auto debit
PS004-202604-001,PS004,2026-04-01,credit,Salary,45000,Monthly salary,Mumbai,NEFT
PS004-202604-002,PS004,2026-04-03,debit,Food,302.78,Swiggy / local groceries,Mumbai,UPI
PS004-202604-003,PS004,2026-04-04,debit,Food,460.7,Swiggy / local groceries,Mumbai,UPI
PS004-202604-004,PS004,2026-04-07,debit,Food,328.09,Swiggy / local groceries,Mumbai,UPI
PS004-202604-005,PS004,2026-04-09,debit,Food,357.49,Swiggy / local groceries,Mumbai,UPI
PS004-202604-006,PS004,2026-04-12,debit,Food,409.47,Swiggy / local groceries,Mumbai,UPI
PS004-202604-007,PS004,2026-04-15,debit,Food,370.34,Swiggy / local groceries,Mumbai,UPI
PS004-202604-008,PS004,2026-04-16,debit,Food,391.35,Swiggy / local groceries,Mumbai,UPI
PS004-202604-009,PS004,2026-04-20,debit,Food,326.74,Swiggy / local groceries,Mumbai,UPI
PS004-202604-010,PS004,2026-04-21,debit,Food,446.16,Swiggy / local groceries,Mumbai,UPI
PS004-202604-011,PS004,2026-04-24,debit,Food,272.43,Swiggy / local groceries,Mumbai,UPI
PS004-202604-012,PS004,2026-04-27,debit,Food,289.01,Swiggy / local groceries,Mumbai,UPI
PS004-202604-013,PS004,2026-04-29,debit,Food,405.44,Swiggy / local groceries,Mumbai,UPI
PS004-202604-014,PS004,2026-04-02,debit,Shopping,701.9,Amazon / local retail,Mumbai,UPI
PS004-202604-015,PS004,2026-04-11,debit,Shopping,924.36,Amazon / local retail,Mumbai,UPI
PS004-202604-016,PS004,2026-04-20,debit,Shopping,560.62,Amazon / local retail,Mumbai,UPI
PS004-202604-017,PS004,2026-04-29,debit,Shopping,891.12,Amazon / local retail,Mumbai,UPI
PS004-202604-018,PS004,2026-04-03,debit,Transport,243.8,Metro / fuel,Mumbai,UPI
PS004-202604-019,PS004,2026-04-05,debit,Transport,295.26,Metro / fuel,Mumbai,UPI
PS004-202604-020,PS004,2026-04-09,debit,Transport,198.83,Metro / fuel,Mumbai,UPI
PS004-202604-021,PS004,2026-04-14,debit,Transport,357.95,Metro / fuel,Mumbai,UPI
PS004-202604-022,PS004,2026-04-18,debit,Transport,202.76,Metro / fuel,Mumbai,UPI
PS004-202604-023,PS004,2026-04-21,debit,Transport,211.55,Metro / fuel,Mumbai,UPI
PS004-202604-024,PS004,2026-04-25,debit,Transport,227.71,Metro / fuel,Mumbai,UPI
PS004-202604-025,PS004,2026-04-30,debit,Transport,314.14,Metro / fuel,Mumbai,UPI
PS004-202604-026,PS004,2026-04-02,debit,Bills,874.56,Electricity / mobile,Mumbai,UPI
PS004-202604-027,PS004,2026-04-15,debit,Bills,1026.7,Electricity / mobile,Mumbai,UPI
PS004-202604-028,PS004,2026-04-30,debit,Bills,663.74,Electricity / mobile,Mumbai,UPI
PS004-202604-029,PS004,2026-04-03,debit,Rent,7952,Monthly rent,Mumbai,NEFT
PS004-202604-030,PS004,2026-04-03,debit,Education,641,Learning centre,Mumbai,UPI
PS004-202604-031,PS004,2026-04-02,debit,Healthcare,641,Pharmacy,Mumbai,UPI
PS004-202604-032,PS004,2026-04-03,debit,Entertainment,402.52,Cinema / streaming,Mumbai,UPI
PS004-202604-033,PS004,2026-04-15,debit,Entertainment,383.11,Cinema / streaming,Mumbai,UPI
PS004-202604-034,PS004,2026-04-30,debit,Entertainment,368.37,Cinema / streaming,Mumbai,UPI
PS004-202604-035,PS004,2026-04-02,debit,Investment,1539,Recurring investment,Mumbai,UPI
PS004-202604-036,PS004,2026-04-02,debit,UPI Transfer,547.96,Household transfer,Mumbai,UPI
PS004-202604-037,PS004,2026-04-29,debit,UPI Transfer,606.04,Household transfer,Mumbai,UPI
PS004-202604-038,PS004,2026-04-03,debit,Other,247.04,Everyday purchase,Mumbai,UPI
PS004-202604-039,PS004,2026-04-29,debit,Other,265.96,Everyday purchase,Mumbai,UPI
PS004-202604-040,PS004,2026-04-05,debit,EMI,12500,Scheduled loan EMI,Mumbai,Auto debit
PS004-202605-001,PS004,2026-05-01,credit,Salary,45000,Monthly salary,Mumbai,NEFT
PS004-202605-002,PS004,2026-05-03,debit,Food,413.8,Swiggy / local groceries,Mumbai,UPI
PS004-202605-003,PS004,2026-05-05,debit,Food,346.89,Swiggy / local groceries,Mumbai,UPI
PS004-202605-004,PS004,2026-05-08,debit,Food,356.87,Swiggy / local groceries,Mumbai,UPI
PS004-202605-005,PS004,2026-05-09,debit,Food,377.86,Swiggy / local groceries,Mumbai,UPI
PS004-202605-006,PS004,2026-05-12,debit,Food,352.13,Swiggy / local groceries,Mumbai,UPI
PS004-202605-007,PS004,2026-05-14,debit,Food,444.75,Swiggy / local groceries,Mumbai,UPI
PS004-202605-008,PS004,2026-05-17,debit,Food,292.53,Swiggy / local groceries,Mumbai,UPI
PS004-202605-009,PS004,2026-05-20,debit,Food,370.91,Swiggy / local groceries,Mumbai,UPI
PS004-202605-010,PS004,2026-05-23,debit,Food,329.85,Swiggy / local groceries,Mumbai,UPI
PS004-202605-011,PS004,2026-05-24,debit,Food,430.49,Swiggy / local groceries,Mumbai,UPI
PS004-202605-012,PS004,2026-05-28,debit,Food,355.21,Swiggy / local groceries,Mumbai,UPI
PS004-202605-013,PS004,2026-05-30,debit,Food,288.71,Swiggy / local groceries,Mumbai,UPI
PS004-202605-014,PS004,2026-05-02,debit,Shopping,719.92,Amazon / local retail,Mumbai,UPI
PS004-202605-015,PS004,2026-05-12,debit,Shopping,887.9,Amazon / local retail,Mumbai,UPI
PS004-202605-016,PS004,2026-05-21,debit,Shopping,642.35,Amazon / local retail,Mumbai,UPI
PS004-202605-017,PS004,2026-05-31,debit,Shopping,827.83,Amazon / local retail,Mumbai,UPI
PS004-202605-018,PS004,2026-05-02,debit,Transport,275.18,Metro / fuel,Mumbai,UPI
PS004-202605-019,PS004,2026-05-06,debit,Transport,296.91,Metro / fuel,Mumbai,UPI
PS004-202605-020,PS004,2026-05-10,debit,Transport,268.9,Metro / fuel,Mumbai,UPI
PS004-202605-021,PS004,2026-05-14,debit,Transport,282.74,Metro / fuel,Mumbai,UPI
PS004-202605-022,PS004,2026-05-18,debit,Transport,291.27,Metro / fuel,Mumbai,UPI
PS004-202605-023,PS004,2026-05-22,debit,Transport,196.78,Metro / fuel,Mumbai,UPI
PS004-202605-024,PS004,2026-05-26,debit,Transport,203.94,Metro / fuel,Mumbai,UPI
PS004-202605-025,PS004,2026-05-31,debit,Transport,236.28,Metro / fuel,Mumbai,UPI
PS004-202605-026,PS004,2026-05-03,debit,Bills,916.2,Electricity / mobile,Mumbai,UPI
PS004-202605-027,PS004,2026-05-17,debit,Bills,781.1,Electricity / mobile,Mumbai,UPI
PS004-202605-028,PS004,2026-05-30,debit,Bills,867.7,Electricity / mobile,Mumbai,UPI
PS004-202605-029,PS004,2026-05-02,debit,Rent,7952,Monthly rent,Mumbai,NEFT
PS004-202605-030,PS004,2026-05-02,debit,Education,641,Learning centre,Mumbai,UPI
PS004-202605-031,PS004,2026-05-02,debit,Healthcare,641,Pharmacy,Mumbai,UPI
PS004-202605-032,PS004,2026-05-02,debit,Entertainment,387.54,Cinema / streaming,Mumbai,UPI
PS004-202605-033,PS004,2026-05-17,debit,Entertainment,395.79,Cinema / streaming,Mumbai,UPI
PS004-202605-034,PS004,2026-05-31,debit,Entertainment,370.67,Cinema / streaming,Mumbai,UPI
PS004-202605-035,PS004,2026-05-02,debit,Investment,1539,Recurring investment,Mumbai,UPI
PS004-202605-036,PS004,2026-05-03,debit,UPI Transfer,611.01,Household transfer,Mumbai,UPI
PS004-202605-037,PS004,2026-05-30,debit,UPI Transfer,542.99,Household transfer,Mumbai,UPI
PS004-202605-038,PS004,2026-05-03,debit,Other,286.58,Everyday purchase,Mumbai,UPI
PS004-202605-039,PS004,2026-05-30,debit,Other,226.42,Everyday purchase,Mumbai,UPI
PS004-202605-040,PS004,2026-05-05,debit,EMI,12500,Scheduled loan EMI,Mumbai,Auto debit
PS004-202606-001,PS004,2026-06-01,credit,Salary,45000,Monthly salary,Mumbai,NEFT
PS004-202606-002,PS004,2026-06-02,debit,Food,289.27,Swiggy / local groceries,Mumbai,UPI
PS004-202606-003,PS004,2026-06-04,debit,Food,476.23,Swiggy / local groceries,Mumbai,UPI
PS004-202606-004,PS004,2026-06-06,debit,Food,265.25,Swiggy / local groceries,Mumbai,UPI
PS004-202606-005,PS004,2026-06-09,debit,Food,395.05,Swiggy / local groceries,Mumbai,UPI
PS004-202606-006,PS004,2026-06-12,debit,Food,469.3,Swiggy / local groceries,Mumbai,UPI
PS004-202606-007,PS004,2026-06-15,debit,Food,400.78,Swiggy / local groceries,Mumbai,UPI
PS004-202606-008,PS004,2026-06-16,debit,Food,412.08,Swiggy / local groceries,Mumbai,UPI
PS004-202606-009,PS004,2026-06-19,debit,Food,318.59,Swiggy / local groceries,Mumbai,UPI
PS004-202606-010,PS004,2026-06-21,debit,Food,290.91,Swiggy / local groceries,Mumbai,UPI
PS004-202606-011,PS004,2026-06-25,debit,Food,444.28,Swiggy / local groceries,Mumbai,UPI
PS004-202606-012,PS004,2026-06-26,debit,Food,333.15,Swiggy / local groceries,Mumbai,UPI
PS004-202606-013,PS004,2026-06-30,debit,Food,265.11,Swiggy / local groceries,Mumbai,UPI
PS004-202606-014,PS004,2026-06-03,debit,Shopping,597.65,Amazon / local retail,Mumbai,UPI
PS004-202606-015,PS004,2026-06-11,debit,Shopping,930.28,Amazon / local retail,Mumbai,UPI
PS004-202606-016,PS004,2026-06-20,debit,Shopping,872.65,Amazon / local retail,Mumbai,UPI
PS004-202606-017,PS004,2026-06-30,debit,Shopping,677.42,Amazon / local retail,Mumbai,UPI
PS004-202606-018,PS004,2026-06-02,debit,Transport,178.47,Metro / fuel,Mumbai,UPI
PS004-202606-019,PS004,2026-06-05,debit,Transport,296.66,Metro / fuel,Mumbai,UPI
PS004-202606-020,PS004,2026-06-10,debit,Transport,294.15,Metro / fuel,Mumbai,UPI
PS004-202606-021,PS004,2026-06-14,debit,Transport,262.17,Metro / fuel,Mumbai,UPI
PS004-202606-022,PS004,2026-06-18,debit,Transport,300.56,Metro / fuel,Mumbai,UPI
PS004-202606-023,PS004,2026-06-21,debit,Transport,230.62,Metro / fuel,Mumbai,UPI
PS004-202606-024,PS004,2026-06-25,debit,Transport,256.73,Metro / fuel,Mumbai,UPI
PS004-202606-025,PS004,2026-06-29,debit,Transport,232.64,Metro / fuel,Mumbai,UPI
PS004-202606-026,PS004,2026-06-02,debit,Bills,885.02,Electricity / mobile,Mumbai,UPI
PS004-202606-027,PS004,2026-06-16,debit,Bills,934.37,Electricity / mobile,Mumbai,UPI
PS004-202606-028,PS004,2026-06-30,debit,Bills,745.61,Electricity / mobile,Mumbai,UPI
PS004-202606-029,PS004,2026-06-03,debit,Rent,7952,Monthly rent,Mumbai,NEFT
PS004-202606-030,PS004,2026-06-02,debit,Education,641,Learning centre,Mumbai,UPI
PS004-202606-031,PS004,2026-06-03,debit,Healthcare,641,Pharmacy,Mumbai,UPI
PS004-202606-032,PS004,2026-06-03,debit,Entertainment,424.43,Cinema / streaming,Mumbai,UPI
PS004-202606-033,PS004,2026-06-15,debit,Entertainment,286.64,Cinema / streaming,Mumbai,UPI
PS004-202606-034,PS004,2026-06-30,debit,Entertainment,442.93,Cinema / streaming,Mumbai,UPI
PS004-202606-035,PS004,2026-06-02,debit,Investment,1539,Recurring investment,Mumbai,UPI
PS004-202606-036,PS004,2026-06-03,debit,UPI Transfer,561.08,Household transfer,Mumbai,UPI
PS004-202606-037,PS004,2026-06-29,debit,UPI Transfer,592.92,Household transfer,Mumbai,UPI
PS004-202606-038,PS004,2026-06-02,debit,Other,246.55,Everyday purchase,Mumbai,UPI
PS004-202606-039,PS004,2026-06-29,debit,Other,266.45,Everyday purchase,Mumbai,UPI
PS004-202606-040,PS004,2026-06-05,debit,EMI,12500,Scheduled loan EMI,Mumbai,Auto debit
PS004-202607-001,PS004,2026-07-01,credit,Salary,24750,Monthly salary,Mumbai,NEFT
PS004-202607-002,PS004,2026-07-03,debit,Food,294.13,Swiggy / local groceries,Mumbai,UPI
PS004-202607-003,PS004,2026-07-05,debit,Food,427.58,Swiggy / local groceries,Mumbai,UPI
PS004-202607-004,PS004,2026-07-07,debit,Food,282.88,Swiggy / local groceries,Mumbai,UPI
PS004-202607-005,PS004,2026-07-10,debit,Food,297.31,Swiggy / local groceries,Mumbai,UPI
PS004-202607-006,PS004,2026-07-13,debit,Food,316.56,Swiggy / local groceries,Mumbai,UPI
PS004-202607-007,PS004,2026-07-15,debit,Food,292.43,Swiggy / local groceries,Mumbai,UPI
PS004-202607-008,PS004,2026-07-17,debit,Food,500.1,Swiggy / local groceries,Mumbai,UPI
PS004-202607-009,PS004,2026-07-19,debit,Food,454.51,Swiggy / local groceries,Mumbai,UPI
PS004-202607-010,PS004,2026-07-23,debit,Food,322.2,Swiggy / local groceries,Mumbai,UPI
PS004-202607-011,PS004,2026-07-25,debit,Food,441.99,Swiggy / local groceries,Mumbai,UPI
PS004-202607-012,PS004,2026-07-28,debit,Food,335.98,Swiggy / local groceries,Mumbai,UPI
PS004-202607-013,PS004,2026-07-30,debit,Food,394.33,Swiggy / local groceries,Mumbai,UPI
PS004-202607-014,PS004,2026-07-03,debit,Shopping,874.76,Amazon / local retail,Mumbai,UPI
PS004-202607-015,PS004,2026-07-12,debit,Shopping,776.63,Amazon / local retail,Mumbai,UPI
PS004-202607-016,PS004,2026-07-20,debit,Shopping,631.83,Amazon / local retail,Mumbai,UPI
PS004-202607-017,PS004,2026-07-31,debit,Shopping,794.78,Amazon / local retail,Mumbai,UPI
PS004-202607-018,PS004,2026-07-02,debit,Transport,244.19,Metro / fuel,Mumbai,UPI
PS004-202607-019,PS004,2026-07-07,debit,Transport,283.28,Metro / fuel,Mumbai,UPI
PS004-202607-020,PS004,2026-07-11,debit,Transport,184.15,Metro / fuel,Mumbai,UPI
PS004-202607-021,PS004,2026-07-15,debit,Transport,306.17,Metro / fuel,Mumbai,UPI
PS004-202607-022,PS004,2026-07-19,debit,Transport,225.18,Metro / fuel,Mumbai,UPI
PS004-202607-023,PS004,2026-07-22,debit,Transport,270.01,Metro / fuel,Mumbai,UPI
PS004-202607-024,PS004,2026-07-27,debit,Transport,277.63,Metro / fuel,Mumbai,UPI
PS004-202607-025,PS004,2026-07-31,debit,Transport,261.39,Metro / fuel,Mumbai,UPI
PS004-202607-026,PS004,2026-07-02,debit,Bills,1055.16,Electricity / mobile,Mumbai,UPI
PS004-202607-027,PS004,2026-07-17,debit,Bills,729.11,Electricity / mobile,Mumbai,UPI
PS004-202607-028,PS004,2026-07-31,debit,Bills,780.73,Electricity / mobile,Mumbai,UPI
PS004-202607-029,PS004,2026-07-02,debit,Rent,7952,Monthly rent,Mumbai,NEFT
PS004-202607-030,PS004,2026-07-03,debit,Education,641,Learning centre,Mumbai,UPI
PS004-202607-031,PS004,2026-07-02,debit,Healthcare,641,Pharmacy,Mumbai,UPI
PS004-202607-032,PS004,2026-07-03,debit,Entertainment,362.77,Cinema / streaming,Mumbai,UPI
PS004-202607-033,PS004,2026-07-16,debit,Entertainment,303.17,Cinema / streaming,Mumbai,UPI
PS004-202607-034,PS004,2026-07-31,debit,Entertainment,488.06,Cinema / streaming,Mumbai,UPI
PS004-202607-035,PS004,2026-07-02,debit,Investment,1539,Recurring investment,Mumbai,UPI
PS004-202607-036,PS004,2026-07-02,debit,UPI Transfer,700.55,Household transfer,Mumbai,UPI
PS004-202607-037,PS004,2026-07-30,debit,UPI Transfer,453.45,Household transfer,Mumbai,UPI
PS004-202607-038,PS004,2026-07-03,debit,Other,219.67,Everyday purchase,Mumbai,UPI
PS004-202607-039,PS004,2026-07-30,debit,Other,293.33,Everyday purchase,Mumbai,UPI
PS004-202607-040,PS004,2026-07-05,debit,EMI,12500,Scheduled loan EMI,Mumbai,Auto debit
PS004-202608-001,PS004,2026-08-01,credit,Salary,12600,Monthly salary,Mumbai,NEFT
PS004-202608-002,PS004,2026-08-02,debit,Food,337.06,Swiggy / local groceries,Mumbai,UPI
PS004-202608-003,PS004,2026-08-05,debit,Food,265.9,Swiggy / local groceries,Mumbai,UPI
PS004-202608-004,PS004,2026-08-08,debit,Food,328.02,Swiggy / local groceries,Mumbai,UPI
PS004-202608-005,PS004,2026-08-09,debit,Food,349.91,Swiggy / local groceries,Mumbai,UPI
PS004-202608-006,PS004,2026-08-13,debit,Food,386.18,Swiggy / local groceries,Mumbai,UPI
PS004-202608-007,PS004,2026-08-14,debit,Food,441.46,Swiggy / local groceries,Mumbai,UPI
PS004-202608-008,PS004,2026-08-17,debit,Food,449.39,Swiggy / local groceries,Mumbai,UPI
PS004-202608-009,PS004,2026-08-19,debit,Food,362.11,Swiggy / local groceries,Mumbai,UPI
PS004-202608-010,PS004,2026-08-22,debit,Food,419.07,Swiggy / local groceries,Mumbai,UPI
PS004-202608-011,PS004,2026-08-24,debit,Food,443.15,Swiggy / local groceries,Mumbai,UPI
PS004-202608-012,PS004,2026-08-27,debit,Food,281.72,Swiggy / local groceries,Mumbai,UPI
PS004-202608-013,PS004,2026-08-30,debit,Food,296.03,Swiggy / local groceries,Mumbai,UPI
PS004-202608-014,PS004,2026-08-03,debit,Shopping,859.79,Amazon / local retail,Mumbai,UPI
PS004-202608-015,PS004,2026-08-11,debit,Shopping,770.46,Amazon / local retail,Mumbai,UPI
PS004-202608-016,PS004,2026-08-20,debit,Shopping,533.87,Amazon / local retail,Mumbai,UPI
PS004-202608-017,PS004,2026-08-31,debit,Shopping,913.88,Amazon / local retail,Mumbai,UPI
PS004-202608-018,PS004,2026-08-03,debit,Transport,324.63,Metro / fuel,Mumbai,UPI
PS004-202608-019,PS004,2026-08-07,debit,Transport,225.1,Metro / fuel,Mumbai,UPI
PS004-202608-020,PS004,2026-08-10,debit,Transport,314.8,Metro / fuel,Mumbai,UPI
PS004-202608-021,PS004,2026-08-15,debit,Transport,286.44,Metro / fuel,Mumbai,UPI
PS004-202608-022,PS004,2026-08-18,debit,Transport,226.55,Metro / fuel,Mumbai,UPI
PS004-202608-023,PS004,2026-08-22,debit,Transport,234.89,Metro / fuel,Mumbai,UPI
PS004-202608-024,PS004,2026-08-26,debit,Transport,220.23,Metro / fuel,Mumbai,UPI
PS004-202608-025,PS004,2026-08-30,debit,Transport,219.36,Metro / fuel,Mumbai,UPI
PS004-202608-026,PS004,2026-08-03,debit,Bills,874.62,Electricity / mobile,Mumbai,UPI
PS004-202608-027,PS004,2026-08-16,debit,Bills,796.29,Electricity / mobile,Mumbai,UPI
PS004-202608-028,PS004,2026-08-30,debit,Bills,894.09,Electricity / mobile,Mumbai,UPI
PS004-202608-029,PS004,2026-08-02,debit,Rent,7952,Monthly rent,Mumbai,NEFT
PS004-202608-030,PS004,2026-08-02,debit,Education,641,Learning centre,Mumbai,UPI
PS004-202608-031,PS004,2026-08-03,debit,Healthcare,641,Pharmacy,Mumbai,UPI
PS004-202608-032,PS004,2026-08-02,debit,Entertainment,351.12,Cinema / streaming,Mumbai,UPI
PS004-202608-033,PS004,2026-08-17,debit,Entertainment,381.81,Cinema / streaming,Mumbai,UPI
PS004-202608-034,PS004,2026-08-30,debit,Entertainment,421.07,Cinema / streaming,Mumbai,UPI
PS004-202608-035,PS004,2026-08-03,debit,Investment,1539,Recurring investment,Mumbai,UPI
PS004-202608-036,PS004,2026-08-02,debit,UPI Transfer,661.81,Household transfer,Mumbai,UPI
PS004-202608-037,PS004,2026-08-30,debit,UPI Transfer,492.19,Household transfer,Mumbai,UPI
PS004-202608-038,PS004,2026-08-03,debit,Other,281.66,Everyday purchase,Mumbai,UPI
PS004-202608-039,PS004,2026-08-30,debit,Other,231.34,Everyday purchase,Mumbai,UPI
PS005-202512-001,PS005,2025-12-01,credit,Salary,82000,Monthly salary,Vadodara,NEFT
PS005-202512-002,PS005,2025-12-02,debit,Food,683.31,Swiggy / local groceries,Vadodara,UPI
PS005-202512-003,PS005,2025-12-05,debit,Food,559.34,Swiggy / local groceries,Vadodara,UPI
PS005-202512-004,PS005,2025-12-07,debit,Food,724.37,Swiggy / local groceries,Vadodara,UPI
PS005-202512-005,PS005,2025-12-10,debit,Food,727.86,Swiggy / local groceries,Vadodara,UPI
PS005-202512-006,PS005,2025-12-13,debit,Food,600.91,Swiggy / local groceries,Vadodara,UPI
PS005-202512-007,PS005,2025-12-14,debit,Food,651.57,Swiggy / local groceries,Vadodara,UPI
PS005-202512-008,PS005,2025-12-18,debit,Food,518.04,Swiggy / local groceries,Vadodara,UPI
PS005-202512-009,PS005,2025-12-20,debit,Food,541.72,Swiggy / local groceries,Vadodara,UPI
PS005-202512-010,PS005,2025-12-22,debit,Food,460.88,Swiggy / local groceries,Vadodara,UPI
PS005-202512-011,PS005,2025-12-25,debit,Food,498.13,Swiggy / local groceries,Vadodara,UPI
PS005-202512-012,PS005,2025-12-27,debit,Food,686.52,Swiggy / local groceries,Vadodara,UPI
PS005-202512-013,PS005,2025-12-31,debit,Food,456.35,Swiggy / local groceries,Vadodara,UPI
PS005-202512-014,PS005,2025-12-02,debit,Shopping,1029.7,Amazon / local retail,Vadodara,UPI
PS005-202512-015,PS005,2025-12-11,debit,Shopping,1605.64,Amazon / local retail,Vadodara,UPI
PS005-202512-016,PS005,2025-12-20,debit,Shopping,1184.58,Amazon / local retail,Vadodara,UPI
PS005-202512-017,PS005,2025-12-30,debit,Shopping,1198.08,Amazon / local retail,Vadodara,UPI
PS005-202512-018,PS005,2025-12-02,debit,Transport,446.99,Metro / fuel,Vadodara,UPI
PS005-202512-019,PS005,2025-12-06,debit,Transport,402.96,Metro / fuel,Vadodara,UPI
PS005-202512-020,PS005,2025-12-11,debit,Transport,500.17,Metro / fuel,Vadodara,UPI
PS005-202512-021,PS005,2025-12-15,debit,Transport,405.27,Metro / fuel,Vadodara,UPI
PS005-202512-022,PS005,2025-12-19,debit,Transport,398.03,Metro / fuel,Vadodara,UPI
PS005-202512-023,PS005,2025-12-22,debit,Transport,356.96,Metro / fuel,Vadodara,UPI
PS005-202512-024,PS005,2025-12-27,debit,Transport,449.44,Metro / fuel,Vadodara,UPI
PS005-202512-025,PS005,2025-12-30,debit,Transport,386.18,Metro / fuel,Vadodara,UPI
PS005-202512-026,PS005,2025-12-02,debit,Bills,1148.1,Electricity / mobile,Vadodara,UPI
PS005-202512-027,PS005,2025-12-17,debit,Bills,1364.4,Electricity / mobile,Vadodara,UPI
PS005-202512-028,PS005,2025-12-30,debit,Bills,1669.5,Electricity / mobile,Vadodara,UPI
PS005-202512-029,PS005,2025-12-02,debit,Rent,12964,Monthly rent,Vadodara,NEFT
PS005-202512-030,PS005,2025-12-03,debit,Education,1046,Learning centre,Vadodara,UPI
PS005-202512-031,PS005,2025-12-02,debit,Healthcare,1046,Pharmacy,Vadodara,UPI
PS005-202512-032,PS005,2025-12-03,debit,Entertainment,535.27,Cinema / streaming,Vadodara,UPI
PS005-202512-033,PS005,2025-12-17,debit,Entertainment,544.14,Cinema / streaming,Vadodara,UPI
PS005-202512-034,PS005,2025-12-30,debit,Entertainment,802.59,Cinema / streaming,Vadodara,UPI
PS005-202512-035,PS005,2025-12-03,debit,Investment,2509,Recurring investment,Vadodara,UPI
PS005-202512-036,PS005,2025-12-02,debit,UPI Transfer,791.5,Household transfer,Vadodara,UPI
PS005-202512-037,PS005,2025-12-30,debit,UPI Transfer,1090.5,Household transfer,Vadodara,UPI
PS005-202512-038,PS005,2025-12-02,debit,Other,398.37,Everyday purchase,Vadodara,UPI
PS005-202512-039,PS005,2025-12-30,debit,Other,437.63,Everyday purchase,Vadodara,UPI
PS005-202512-040,PS005,2025-12-05,debit,EMI,9000,Scheduled loan EMI,Vadodara,Auto debit
PS005-202601-001,PS005,2026-01-01,credit,Salary,82000,Monthly salary,Vadodara,NEFT
PS005-202601-002,PS005,2026-01-02,debit,Food,571.09,Swiggy / local groceries,Vadodara,UPI
PS005-202601-003,PS005,2026-01-04,debit,Food,556.31,Swiggy / local groceries,Vadodara,UPI
PS005-202601-004,PS005,2026-01-08,debit,Food,610.14,Swiggy / local groceries,Vadodara,UPI
PS005-202601-005,PS005,2026-01-10,debit,Food,494.37,Swiggy / local groceries,Vadodara,UPI
PS005-202601-006,PS005,2026-01-13,debit,Food,502.11,Swiggy / local groceries,Vadodara,UPI
PS005-202601-007,PS005,2026-01-15,debit,Food,626.5,Swiggy / local groceries,Vadodara,UPI
PS005-202601-008,PS005,2026-01-17,debit,Food,563.99,Swiggy / local groceries,Vadodara,UPI
PS005-202601-009,PS005,2026-01-20,debit,Food,660.85,Swiggy / local groceries,Vadodara,UPI
PS005-202601-010,PS005,2026-01-22,debit,Food,539.16,Swiggy / local groceries,Vadodara,UPI
PS005-202601-011,PS005,2026-01-24,debit,Food,439.62,Swiggy / local groceries,Vadodara,UPI
PS005-202601-012,PS005,2026-01-27,debit,Food,681.07,Swiggy / local groceries,Vadodara,UPI
PS005-202601-013,PS005,2026-01-31,debit,Food,682.79,Swiggy / local groceries,Vadodara,UPI
PS005-202601-014,PS005,2026-01-03,debit,Shopping,1297.97,Amazon / local retail,Vadodara,UPI
PS005-202601-015,PS005,2026-01-12,debit,Shopping,1365.86,Amazon / local retail,Vadodara,UPI
PS005-202601-016,PS005,2026-01-20,debit,Shopping,1311.46,Amazon / local retail,Vadodara,UPI
PS005-202601-017,PS005,2026-01-31,debit,Shopping,914.71,Amazon / local retail,Vadodara,UPI
PS005-202601-018,PS005,2026-01-02,debit,Transport,518.25,Metro / fuel,Vadodara,UPI
PS005-202601-019,PS005,2026-01-07,debit,Transport,305.83,Metro / fuel,Vadodara,UPI
PS005-202601-020,PS005,2026-01-11,debit,Transport,368.43,Metro / fuel,Vadodara,UPI
PS005-202601-021,PS005,2026-01-15,debit,Transport,477.82,Metro / fuel,Vadodara,UPI
PS005-202601-022,PS005,2026-01-19,debit,Transport,505.78,Metro / fuel,Vadodara,UPI
PS005-202601-023,PS005,2026-01-23,debit,Transport,455.43,Metro / fuel,Vadodara,UPI
PS005-202601-024,PS005,2026-01-27,debit,Transport,331.59,Metro / fuel,Vadodara,UPI
PS005-202601-025,PS005,2026-01-31,debit,Transport,296.87,Metro / fuel,Vadodara,UPI
PS005-202601-026,PS005,2026-01-03,debit,Bills,1525.02,Electricity / mobile,Vadodara,UPI
PS005-202601-027,PS005,2026-01-17,debit,Bills,1373.84,Electricity / mobile,Vadodara,UPI
PS005-202601-028,PS005,2026-01-31,debit,Bills,1176.14,Electricity / mobile,Vadodara,UPI
PS005-202601-029,PS005,2026-01-03,debit,Rent,12634,Monthly rent,Vadodara,NEFT
PS005-202601-030,PS005,2026-01-02,debit,Education,1019,Learning centre,Vadodara,UPI
PS005-202601-031,PS005,2026-01-02,debit,Healthcare,1019,Pharmacy,Vadodara,UPI
PS005-202601-032,PS005,2026-01-03,debit,Entertainment,834.19,Cinema / streaming,Vadodara,UPI
PS005-202601-033,PS005,2026-01-16,debit,Entertainment,502.71,Cinema / streaming,Vadodara,UPI
PS005-202601-034,PS005,2026-01-31,debit,Entertainment,497.1,Cinema / streaming,Vadodara,UPI
PS005-202601-035,PS005,2026-01-03,debit,Investment,2445,Recurring investment,Vadodara,UPI
PS005-202601-036,PS005,2026-01-02,debit,UPI Transfer,880.46,Household transfer,Vadodara,UPI
PS005-202601-037,PS005,2026-01-31,debit,UPI Transfer,953.54,Household transfer,Vadodara,UPI
PS005-202601-038,PS005,2026-01-02,debit,Other,394.56,Everyday purchase,Vadodara,UPI
PS005-202601-039,PS005,2026-01-31,debit,Other,420.44,Everyday purchase,Vadodara,UPI
PS005-202601-040,PS005,2026-01-05,debit,EMI,9000,Scheduled loan EMI,Vadodara,Auto debit
PS005-202602-001,PS005,2026-02-01,credit,Salary,82000,Monthly salary,Vadodara,NEFT
PS005-202602-002,PS005,2026-02-02,debit,Food,603.62,Swiggy / local groceries,Vadodara,UPI
PS005-202602-003,PS005,2026-02-05,debit,Food,475.19,Swiggy / local groceries,Vadodara,UPI
PS005-202602-004,PS005,2026-02-06,debit,Food,487.37,Swiggy / local groceries,Vadodara,UPI
PS005-202602-005,PS005,2026-02-08,debit,Food,676.03,Swiggy / local groceries,Vadodara,UPI
PS005-202602-006,PS005,2026-02-12,debit,Food,502.47,Swiggy / local groceries,Vadodara,UPI
PS005-202602-007,PS005,2026-02-14,debit,Food,587.39,Swiggy / local groceries,Vadodara,UPI
PS005-202602-008,PS005,2026-02-16,debit,Food,516.7,Swiggy / local groceries,Vadodara,UPI
PS005-202602-009,PS005,2026-02-17,debit,Food,559.42,Swiggy / local groceries,Vadodara,UPI
PS005-202602-010,PS005,2026-02-20,debit,Food,734.14,Swiggy / local groceries,Vadodara,UPI
PS005-202602-011,PS005,2026-02-22,debit,Food,568.38,Swiggy / local groceries,Vadodara,UPI
PS005-202602-012,PS005,2026-02-24,debit,Food,591.49,Swiggy / local groceries,Vadodara,UPI
PS005-202602-013,PS005,2026-02-28,debit,Food,444.8,Swiggy / local groceries,Vadodara,UPI
PS005-202602-014,PS005,2026-02-02,debit,Shopping,1131.87,Amazon / local retail,Vadodara,UPI
PS005-202602-015,PS005,2026-02-11,debit,Shopping,1167.42,Amazon / local retail,Vadodara,UPI
PS005-202602-016,PS005,2026-02-19,debit,Shopping,1296.7,Amazon / local retail,Vadodara,UPI
PS005-202602-017,PS005,2026-02-28,debit,Shopping,1167.01,Amazon / local retail,Vadodara,UPI
PS005-202602-018,PS005,2026-02-03,debit,Transport,539.17,Metro / fuel,Vadodara,UPI
PS005-202602-019,PS005,2026-02-05,debit,Transport,363.03,Metro / fuel,Vadodara,UPI
PS005-202602-020,PS005,2026-02-09,debit,Transport,339.02,Metro / fuel,Vadodara,UPI
PS005-202602-021,PS005,2026-02-13,debit,Transport,359.4,Metro / fuel,Vadodara,UPI
PS005-202602-022,PS005,2026-02-17,debit,Transport,368.91,Metro / fuel,Vadodara,UPI
PS005-202602-023,PS005,2026-02-20,debit,Transport,394.86,Metro / fuel,Vadodara,UPI
PS005-202602-024,PS005,2026-02-23,debit,Transport,323.78,Metro / fuel,Vadodara,UPI
PS005-202602-025,PS005,2026-02-28,debit,Transport,486.83,Metro / fuel,Vadodara,UPI
PS005-202602-026,PS005,2026-02-02,debit,Bills,1315.56,Electricity / mobile,Vadodara,UPI
PS005-202602-027,PS005,2026-02-14,debit,Bills,1355.17,Electricity / mobile,Vadodara,UPI
PS005-202602-028,PS005,2026-02-28,debit,Bills,1298.27,Electricity / mobile,Vadodara,UPI
PS005-202602-029,PS005,2026-02-03,debit,Rent,12303,Monthly rent,Vadodara,NEFT
PS005-202602-030,PS005,2026-02-03,debit,Education,992,Learning centre,Vadodara,UPI
PS005-202602-031,PS005,2026-02-03,debit,Healthcare,992,Pharmacy,Vadodara,UPI
PS005-202602-032,PS005,2026-02-03,debit,Entertainment,599.25,Cinema / streaming,Vadodara,UPI
PS005-202602-033,PS005,2026-02-14,debit,Entertainment,631.53,Cinema / streaming,Vadodara,UPI
PS005-202602-034,PS005,2026-02-27,debit,Entertainment,555.22,Cinema / streaming,Vadodara,UPI
PS005-202602-035,PS005,2026-02-02,debit,Investment,2381,Recurring investment,Vadodara,UPI
PS005-202602-036,PS005,2026-02-02,debit,UPI Transfer,839.34,Household transfer,Vadodara,UPI
PS005-202602-037,PS005,2026-02-27,debit,UPI Transfer,946.66,Household transfer,Vadodara,UPI
PS005-202602-038,PS005,2026-02-03,debit,Other,419.98,Everyday purchase,Vadodara,UPI
PS005-202602-039,PS005,2026-02-27,debit,Other,374.02,Everyday purchase,Vadodara,UPI
PS005-202602-040,PS005,2026-02-05,debit,EMI,9000,Scheduled loan EMI,Vadodara,Auto debit
PS005-202603-001,PS005,2026-03-01,credit,Salary,82000,Monthly salary,Vadodara,NEFT
PS005-202603-002,PS005,2026-03-02,debit,Food,447.81,Swiggy / local groceries,Vadodara,UPI
PS005-202603-003,PS005,2026-03-05,debit,Food,731.19,Swiggy / local groceries,Vadodara,UPI
PS005-202603-004,PS005,2026-03-07,debit,Food,477.03,Swiggy / local groceries,Vadodara,UPI
PS005-202603-005,PS005,2026-03-09,debit,Food,704.54,Swiggy / local groceries,Vadodara,UPI
PS005-202603-006,PS005,2026-03-13,debit,Food,530.94,Swiggy / local groceries,Vadodara,UPI
PS005-202603-007,PS005,2026-03-14,debit,Food,450.6,Swiggy / local groceries,Vadodara,UPI
PS005-202603-008,PS005,2026-03-18,debit,Food,472.11,Swiggy / local groceries,Vadodara,UPI
PS005-202603-009,PS005,2026-03-19,debit,Food,609.0,Swiggy / local groceries,Vadodara,UPI
PS005-202603-010,PS005,2026-03-22,debit,Food,559.4,Swiggy / local groceries,Vadodara,UPI
PS005-202603-011,PS005,2026-03-24,debit,Food,447.33,Swiggy / local groceries,Vadodara,UPI
PS005-202603-012,PS005,2026-03-28,debit,Food,523.9,Swiggy / local groceries,Vadodara,UPI
PS005-202603-013,PS005,2026-03-30,debit,Food,612.15,Swiggy / local groceries,Vadodara,UPI
PS005-202603-014,PS005,2026-03-02,debit,Shopping,1035.82,Amazon / local retail,Vadodara,UPI
PS005-202603-015,PS005,2026-03-12,debit,Shopping,1350.59,Amazon / local retail,Vadodara,UPI
PS005-202603-016,PS005,2026-03-21,debit,Shopping,1218.23,Amazon / local retail,Vadodara,UPI
PS005-202603-017,PS005,2026-03-31,debit,Shopping,1030.36,Amazon / local retail,Vadodara,UPI
PS005-202603-018,PS005,2026-03-02,debit,Transport,430.63,Metro / fuel,Vadodara,UPI
PS005-202603-019,PS005,2026-03-07,debit,Transport,367.65,Metro / fuel,Vadodara,UPI
PS005-202603-020,PS005,2026-03-11,debit,Transport,364.19,Metro / fuel,Vadodara,UPI
PS005-202603-021,PS005,2026-03-15,debit,Transport,455.13,Metro / fuel,Vadodara,UPI
PS005-202603-022,PS005,2026-03-19,debit,Transport,322.64,Metro / fuel,Vadodara,UPI
PS005-202603-023,PS005,2026-03-23,debit,Transport,344.75,Metro / fuel,Vadodara,UPI
PS005-202603-024,PS005,2026-03-26,debit,Transport,431.21,Metro / fuel,Vadodara,UPI
PS005-202603-025,PS005,2026-03-31,debit,Transport,373.8,Metro / fuel,Vadodara,UPI
PS005-202603-026,PS005,2026-03-03,debit,Bills,1420.33,Electricity / mobile,Vadodara,UPI
PS005-202603-027,PS005,2026-03-17,debit,Bills,1292.92,Electricity / mobile,Vadodara,UPI
PS005-202603-028,PS005,2026-03-31,debit,Bills,1148.75,Electricity / mobile,Vadodara,UPI
PS005-202603-029,PS005,2026-03-02,debit,Rent,11973,Monthly rent,Vadodara,NEFT
PS005-202603-030,PS005,2026-03-02,debit,Education,966,Learning centre,Vadodara,UPI
PS005-202603-031,PS005,2026-03-03,debit,Healthcare,966,Pharmacy,Vadodara,UPI
PS005-202603-032,PS005,2026-03-02,debit,Entertainment,460.88,Cinema / streaming,Vadodara,UPI
PS005-202603-033,PS005,2026-03-17,debit,Entertainment,748.03,Cinema / streaming,Vadodara,UPI
PS005-202603-034,PS005,2026-03-30,debit,Entertainment,529.09,Cinema / streaming,Vadodara,UPI
PS005-202603-035,PS005,2026-03-03,debit,Investment,2317,Recurring investment,Vadodara,UPI
PS005-202603-036,PS005,2026-03-02,debit,UPI Transfer,889.84,Household transfer,Vadodara,UPI
PS005-202603-037,PS005,2026-03-30,debit,UPI Transfer,848.16,Household transfer,Vadodara,UPI
PS005-202603-038,PS005,2026-03-02,debit,Other,438.94,Everyday purchase,Vadodara,UPI
PS005-202603-039,PS005,2026-03-31,debit,Other,333.06,Everyday purchase,Vadodara,UPI
PS005-202603-040,PS005,2026-03-05,debit,EMI,9000,Scheduled loan EMI,Vadodara,Auto debit
PS005-202604-001,PS005,2026-04-01,credit,Salary,82000,Monthly salary,Vadodara,NEFT
PS005-202604-002,PS005,2026-04-02,debit,Food,568.86,Swiggy / local groceries,Vadodara,UPI
PS005-202604-003,PS005,2026-04-04,debit,Food,389.49,Swiggy / local groceries,Vadodara,UPI
PS005-202604-004,PS005,2026-04-06,debit,Food,490.11,Swiggy / local groceries,Vadodara,UPI
PS005-202604-005,PS005,2026-04-10,debit,Food,656.08,Swiggy / local groceries,Vadodara,UPI
PS005-202604-006,PS005,2026-04-12,debit,Food,402.92,Swiggy / local groceries,Vadodara,UPI
PS005-202604-007,PS005,2026-04-15,debit,Food,510.3,Swiggy / local groceries,Vadodara,UPI
PS005-202604-008,PS005,2026-04-17,debit,Food,579.05,Swiggy / local groceries,Vadodara,UPI
PS005-202604-009,PS005,2026-04-20,debit,Food,622.55,Swiggy / local groceries,Vadodara,UPI
PS005-202604-010,PS005,2026-04-22,debit,Food,662.52,Swiggy / local groceries,Vadodara,UPI
PS005-202604-011,PS005,2026-04-24,debit,Food,660.11,Swiggy / local groceries,Vadodara,UPI
PS005-202604-012,PS005,2026-04-27,debit,Food,420.84,Swiggy / local groceries,Vadodara,UPI
PS005-202604-013,PS005,2026-04-29,debit,Food,422.17,Swiggy / local groceries,Vadodara,UPI
PS005-202604-014,PS005,2026-04-03,debit,Shopping,1259.48,Amazon / local retail,Vadodara,UPI
PS005-202604-015,PS005,2026-04-12,debit,Shopping,1126.81,Amazon / local retail,Vadodara,UPI
PS005-202604-016,PS005,2026-04-21,debit,Shopping,1030.95,Amazon / local retail,Vadodara,UPI
PS005-202604-017,PS005,2026-04-29,debit,Shopping,1089.76,Amazon / local retail,Vadodara,UPI
PS005-202604-018,PS005,2026-04-02,debit,Transport,403.28,Metro / fuel,Vadodara,UPI
PS005-202604-019,PS005,2026-04-05,debit,Transport,428.7,Metro / fuel,Vadodara,UPI
PS005-202604-020,PS005,2026-04-09,debit,Transport,434.48,Metro / fuel,Vadodara,UPI
PS005-202604-021,PS005,2026-04-14,debit,Transport,314.06,Metro / fuel,Vadodara,UPI
PS005-202604-022,PS005,2026-04-18,debit,Transport,436.82,Metro / fuel,Vadodara,UPI
PS005-202604-023,PS005,2026-04-22,debit,Transport,270.59,Metro / fuel,Vadodara,UPI
PS005-202604-024,PS005,2026-04-25,debit,Transport,404.64,Metro / fuel,Vadodara,UPI
PS005-202604-025,PS005,2026-04-29,debit,Transport,311.43,Metro / fuel,Vadodara,UPI
PS005-202604-026,PS005,2026-04-02,debit,Bills,1420.13,Electricity / mobile,Vadodara,UPI
PS005-202604-027,PS005,2026-04-16,debit,Bills,1082.14,Electricity / mobile,Vadodara,UPI
PS005-202604-028,PS005,2026-04-29,debit,Bills,1253.73,Electricity / mobile,Vadodara,UPI
PS005-202604-029,PS005,2026-04-03,debit,Rent,11642,Monthly rent,Vadodara,NEFT
PS005-202604-030,PS005,2026-04-03,debit,Education,939,Learning centre,Vadodara,UPI
PS005-202604-031,PS005,2026-04-03,debit,Healthcare,939,Pharmacy,Vadodara,UPI
PS005-202604-032,PS005,2026-04-03,debit,Entertainment,543.94,Cinema / streaming,Vadodara,UPI
PS005-202604-033,PS005,2026-04-15,debit,Entertainment,642.28,Cinema / streaming,Vadodara,UPI
PS005-202604-034,PS005,2026-04-29,debit,Entertainment,503.78,Cinema / streaming,Vadodara,UPI
PS005-202604-035,PS005,2026-04-02,debit,Investment,2253,Recurring investment,Vadodara,UPI
PS005-202604-036,PS005,2026-04-02,debit,UPI Transfer,829.43,Household transfer,Vadodara,UPI
PS005-202604-037,PS005,2026-04-30,debit,UPI Transfer,860.57,Household transfer,Vadodara,UPI
PS005-202604-038,PS005,2026-04-02,debit,Other,371.7,Everyday purchase,Vadodara,UPI
PS005-202604-039,PS005,2026-04-29,debit,Other,379.3,Everyday purchase,Vadodara,UPI
PS005-202604-040,PS005,2026-04-05,debit,EMI,9000,Scheduled loan EMI,Vadodara,Auto debit
PS005-202605-001,PS005,2026-05-01,credit,Salary,82000,Monthly salary,Vadodara,NEFT
PS005-202605-002,PS005,2026-05-03,debit,Food,458.99,Swiggy / local groceries,Vadodara,UPI
PS005-202605-003,PS005,2026-05-04,debit,Food,506.47,Swiggy / local groceries,Vadodara,UPI
PS005-202605-004,PS005,2026-05-07,debit,Food,549.58,Swiggy / local groceries,Vadodara,UPI
PS005-202605-005,PS005,2026-05-09,debit,Food,666.73,Swiggy / local groceries,Vadodara,UPI
PS005-202605-006,PS005,2026-05-12,debit,Food,389.67,Swiggy / local groceries,Vadodara,UPI
PS005-202605-007,PS005,2026-05-15,debit,Food,449.33,Swiggy / local groceries,Vadodara,UPI
PS005-202605-008,PS005,2026-05-17,debit,Food,520.19,Swiggy / local groceries,Vadodara,UPI
PS005-202605-009,PS005,2026-05-20,debit,Food,549.21,Swiggy / local groceries,Vadodara,UPI
PS005-202605-010,PS005,2026-05-22,debit,Food,490.38,Swiggy / local groceries,Vadodara,UPI
PS005-202605-011,PS005,2026-05-25,debit,Food,419.43,Swiggy / local groceries,Vadodara,UPI
PS005-202605-012,PS005,2026-05-28,debit,Food,649.9,Swiggy / local groceries,Vadodara,UPI
PS005-202605-013,PS005,2026-05-30,debit,Food,553.12,Swiggy / local groceries,Vadodara,UPI
PS005-202605-014,PS005,2026-05-03,debit,Shopping,1207.85,Amazon / local retail,Vadodara,UPI
PS005-202605-015,PS005,2026-05-12,debit,Shopping,902.03,Amazon / local retail,Vadodara,UPI
PS005-202605-016,PS005,2026-05-21,debit,Shopping,996.0,Amazon / local retail,Vadodara,UPI
PS005-202605-017,PS005,2026-05-31,debit,Shopping,1273.12,Amazon / local retail,Vadodara,UPI
PS005-202605-018,PS005,2026-05-03,debit,Transport,332.51,Metro / fuel,Vadodara,UPI
PS005-202605-019,PS005,2026-05-06,debit,Transport,350.98,Metro / fuel,Vadodara,UPI
PS005-202605-020,PS005,2026-05-11,debit,Transport,312.49,Metro / fuel,Vadodara,UPI
PS005-202605-021,PS005,2026-05-15,debit,Transport,313.6,Metro / fuel,Vadodara,UPI
PS005-202605-022,PS005,2026-05-18,debit,Transport,424.56,Metro / fuel,Vadodara,UPI
PS005-202605-023,PS005,2026-05-22,debit,Transport,485.96,Metro / fuel,Vadodara,UPI
PS005-202605-024,PS005,2026-05-27,debit,Transport,323.16,Metro / fuel,Vadodara,UPI
PS005-202605-025,PS005,2026-05-30,debit,Transport,375.74,Metro / fuel,Vadodara,UPI
PS005-202605-026,PS005,2026-05-02,debit,Bills,1136.45,Electricity / mobile,Vadodara,UPI
PS005-202605-027,PS005,2026-05-16,debit,Bills,1274.47,Electricity / mobile,Vadodara,UPI
PS005-202605-028,PS005,2026-05-30,debit,Bills,1238.08,Electricity / mobile,Vadodara,UPI
PS005-202605-029,PS005,2026-05-03,debit,Rent,11312,Monthly rent,Vadodara,NEFT
PS005-202605-030,PS005,2026-05-02,debit,Education,912,Learning centre,Vadodara,UPI
PS005-202605-031,PS005,2026-05-03,debit,Healthcare,912,Pharmacy,Vadodara,UPI
PS005-202605-032,PS005,2026-05-02,debit,Entertainment,509.39,Cinema / streaming,Vadodara,UPI
PS005-202605-033,PS005,2026-05-16,debit,Entertainment,597.18,Cinema / streaming,Vadodara,UPI
PS005-202605-034,PS005,2026-05-31,debit,Entertainment,535.43,Cinema / streaming,Vadodara,UPI
PS005-202605-035,PS005,2026-05-03,debit,Investment,2189,Recurring investment,Vadodara,UPI
PS005-202605-036,PS005,2026-05-03,debit,UPI Transfer,920.62,Household transfer,Vadodara,UPI
PS005-202605-037,PS005,2026-05-31,debit,UPI Transfer,721.38,Household transfer,Vadodara,UPI
PS005-202605-038,PS005,2026-05-03,debit,Other,364.28,Everyday purchase,Vadodara,UPI
PS005-202605-039,PS005,2026-05-31,debit,Other,365.72,Everyday purchase,Vadodara,UPI
PS005-202605-040,PS005,2026-05-05,debit,EMI,9000,Scheduled loan EMI,Vadodara,Auto debit
PS005-202606-001,PS005,2026-06-01,credit,Salary,82000,Monthly salary,Vadodara,NEFT
PS005-202606-002,PS005,2026-06-03,debit,Food,570.04,Swiggy / local groceries,Vadodara,UPI
PS005-202606-003,PS005,2026-06-05,debit,Food,607.77,Swiggy / local groceries,Vadodara,UPI
PS005-202606-004,PS005,2026-06-06,debit,Food,456.54,Swiggy / local groceries,Vadodara,UPI
PS005-202606-005,PS005,2026-06-09,debit,Food,436.69,Swiggy / local groceries,Vadodara,UPI
PS005-202606-006,PS005,2026-06-12,debit,Food,371.88,Swiggy / local groceries,Vadodara,UPI
PS005-202606-007,PS005,2026-06-15,debit,Food,635.19,Swiggy / local groceries,Vadodara,UPI
PS005-202606-008,PS005,2026-06-16,debit,Food,525.65,Swiggy / local groceries,Vadodara,UPI
PS005-202606-009,PS005,2026-06-20,debit,Food,604.4,Swiggy / local groceries,Vadodara,UPI
PS005-202606-010,PS005,2026-06-21,debit,Food,450.07,Swiggy / local groceries,Vadodara,UPI
PS005-202606-011,PS005,2026-06-25,debit,Food,424.83,Swiggy / local groceries,Vadodara,UPI
PS005-202606-012,PS005,2026-06-27,debit,Food,580.04,Swiggy / local groceries,Vadodara,UPI
PS005-202606-013,PS005,2026-06-30,debit,Food,358.9,Swiggy / local groceries,Vadodara,UPI
PS005-202606-014,PS005,2026-06-03,debit,Shopping,1119.49,Amazon / local retail,Vadodara,UPI
PS005-202606-015,PS005,2026-06-11,debit,Shopping,985.99,Amazon / local retail,Vadodara,UPI
PS005-202606-016,PS005,2026-06-20,debit,Shopping,919.87,Amazon / local retail,Vadodara,UPI
PS005-202606-017,PS005,2026-06-29,debit,Shopping,1225.65,Amazon / local retail,Vadodara,UPI
PS005-202606-018,PS005,2026-06-02,debit,Transport,397.88,Metro / fuel,Vadodara,UPI
PS005-202606-019,PS005,2026-06-05,debit,Transport,296.85,Metro / fuel,Vadodara,UPI
PS005-202606-020,PS005,2026-06-10,debit,Transport,337.12,Metro / fuel,Vadodara,UPI
PS005-202606-021,PS005,2026-06-14,debit,Transport,404.94,Metro / fuel,Vadodara,UPI
PS005-202606-022,PS005,2026-06-18,debit,Transport,329.06,Metro / fuel,Vadodara,UPI
PS005-202606-023,PS005,2026-06-22,debit,Transport,430.05,Metro / fuel,Vadodara,UPI
PS005-202606-024,PS005,2026-06-25,debit,Transport,301.15,Metro / fuel,Vadodara,UPI
PS005-202606-025,PS005,2026-06-29,debit,Transport,336.95,Metro / fuel,Vadodara,UPI
PS005-202606-026,PS005,2026-06-03,debit,Bills,1149.56,Electricity / mobile,Vadodara,UPI
PS005-202606-027,PS005,2026-06-16,debit,Bills,1147.52,Electricity / mobile,Vadodara,UPI
PS005-202606-028,PS005,2026-06-30,debit,Bills,1244.92,Electricity / mobile,Vadodara,UPI
PS005-202606-029,PS005,2026-06-03,debit,Rent,10981,Monthly rent,Vadodara,NEFT
PS005-202606-030,PS005,2026-06-03,debit,Education,886,Learning centre,Vadodara,UPI
PS005-202606-031,PS005,2026-06-02,debit,Healthcare,886,Pharmacy,Vadodara,UPI
PS005-202606-032,PS005,2026-06-03,debit,Entertainment,468.88,Cinema / streaming,Vadodara,UPI
PS005-202606-033,PS005,2026-06-15,debit,Entertainment,607.29,Cinema / streaming,Vadodara,UPI
PS005-202606-034,PS005,2026-06-30,debit,Entertainment,517.83,Cinema / streaming,Vadodara,UPI
PS005-202606-035,PS005,2026-06-02,debit,Investment,2125,Recurring investment,Vadodara,UPI
PS005-202606-036,PS005,2026-06-02,debit,UPI Transfer,808.42,Household transfer,Vadodara,UPI
PS005-202606-037,PS005,2026-06-30,debit,UPI Transfer,785.58,Household transfer,Vadodara,UPI
PS005-202606-038,PS005,2026-06-03,debit,Other,311.42,Everyday purchase,Vadodara,UPI
PS005-202606-039,PS005,2026-06-30,debit,Other,396.58,Everyday purchase,Vadodara,UPI
PS005-202606-040,PS005,2026-06-05,debit,EMI,9000,Scheduled loan EMI,Vadodara,Auto debit
PS005-202607-001,PS005,2026-07-01,credit,Salary,82000,Monthly salary,Vadodara,NEFT
PS005-202607-002,PS005,2026-07-02,debit,Food,548.97,Swiggy / local groceries,Vadodara,UPI
PS005-202607-003,PS005,2026-07-05,debit,Food,369.37,Swiggy / local groceries,Vadodara,UPI
PS005-202607-004,PS005,2026-07-08,debit,Food,385.49,Swiggy / local groceries,Vadodara,UPI
PS005-202607-005,PS005,2026-07-09,debit,Food,498.99,Swiggy / local groceries,Vadodara,UPI
PS005-202607-006,PS005,2026-07-13,debit,Food,597.5,Swiggy / local groceries,Vadodara,UPI
PS005-202607-007,PS005,2026-07-15,debit,Food,347.45,Swiggy / local groceries,Vadodara,UPI
PS005-202607-008,PS005,2026-07-17,debit,Food,539.33,Swiggy / local groceries,Vadodara,UPI
PS005-202607-009,PS005,2026-07-20,debit,Food,575.66,Swiggy / local groceries,Vadodara,UPI
PS005-202607-010,PS005,2026-07-23,debit,Food,445.81,Swiggy / local groceries,Vadodara,UPI
PS005-202607-011,PS005,2026-07-25,debit,Food,581.95,Swiggy / local groceries,Vadodara,UPI
PS005-202607-012,PS005,2026-07-27,debit,Food,598.35,Swiggy / local groceries,Vadodara,UPI
PS005-202607-013,PS005,2026-07-30,debit,Food,352.13,Swiggy / local groceries,Vadodara,UPI
PS005-202607-014,PS005,2026-07-03,debit,Shopping,1177.8,Amazon / local retail,Vadodara,UPI
PS005-202607-015,PS005,2026-07-11,debit,Shopping,723.25,Amazon / local retail,Vadodara,UPI
PS005-202607-016,PS005,2026-07-20,debit,Shopping,1020.55,Amazon / local retail,Vadodara,UPI
PS005-202607-017,PS005,2026-07-31,debit,Shopping,1201.4,Amazon / local retail,Vadodara,UPI
PS005-202607-018,PS005,2026-07-02,debit,Transport,284.21,Metro / fuel,Vadodara,UPI
PS005-202607-019,PS005,2026-07-06,debit,Transport,397.76,Metro / fuel,Vadodara,UPI
PS005-202607-020,PS005,2026-07-11,debit,Transport,326.66,Metro / fuel,Vadodara,UPI
PS005-202607-021,PS005,2026-07-15,debit,Transport,339.37,Metro / fuel,Vadodara,UPI
PS005-202607-022,PS005,2026-07-18,debit,Transport,270.98,Metro / fuel,Vadodara,UPI
PS005-202607-023,PS005,2026-07-23,debit,Transport,430.22,Metro / fuel,Vadodara,UPI
PS005-202607-024,PS005,2026-07-27,debit,Transport,310.65,Metro / fuel,Vadodara,UPI
PS005-202607-025,PS005,2026-07-31,debit,Transport,389.15,Metro / fuel,Vadodara,UPI
PS005-202607-026,PS005,2026-07-03,debit,Bills,1077.53,Electricity / mobile,Vadodara,UPI
PS005-202607-027,PS005,2026-07-17,debit,Bills,1288.69,Electricity / mobile,Vadodara,UPI
PS005-202607-028,PS005,2026-07-30,debit,Bills,1069.78,Electricity / mobile,Vadodara,UPI
PS005-202607-029,PS005,2026-07-02,debit,Rent,10651,Monthly rent,Vadodara,NEFT
PS005-202607-030,PS005,2026-07-02,debit,Education,859,Learning centre,Vadodara,UPI
PS005-202607-031,PS005,2026-07-02,debit,Healthcare,859,Pharmacy,Vadodara,UPI
PS005-202607-032,PS005,2026-07-02,debit,Entertainment,462.88,Cinema / streaming,Vadodara,UPI
PS005-202607-033,PS005,2026-07-17,debit,Entertainment,510.1,Cinema / streaming,Vadodara,UPI
PS005-202607-034,PS005,2026-07-30,debit,Entertainment,573.02,Cinema / streaming,Vadodara,UPI
PS005-202607-035,PS005,2026-07-03,debit,Investment,2061,Recurring investment,Vadodara,UPI
PS005-202607-036,PS005,2026-07-03,debit,UPI Transfer,806.04,Household transfer,Vadodara,UPI
PS005-202607-037,PS005,2026-07-30,debit,UPI Transfer,739.96,Household transfer,Vadodara,UPI
PS005-202607-038,PS005,2026-07-03,debit,Other,311.37,Everyday purchase,Vadodara,UPI
PS005-202607-039,PS005,2026-07-31,debit,Other,375.63,Everyday purchase,Vadodara,UPI
PS005-202607-040,PS005,2026-07-05,debit,EMI,9000,Scheduled loan EMI,Vadodara,Auto debit
PS005-202608-001,PS005,2026-08-01,credit,Salary,82000,Monthly salary,Vadodara,NEFT
PS005-202608-002,PS005,2026-08-02,debit,Food,341.44,Swiggy / local groceries,Vadodara,UPI
PS005-202608-003,PS005,2026-08-05,debit,Food,399.29,Swiggy / local groceries,Vadodara,UPI
PS005-202608-004,PS005,2026-08-08,debit,Food,408.55,Swiggy / local groceries,Vadodara,UPI
PS005-202608-005,PS005,2026-08-10,debit,Food,583.66,Swiggy / local groceries,Vadodara,UPI
PS005-202608-006,PS005,2026-08-12,debit,Food,441.43,Swiggy / local groceries,Vadodara,UPI
PS005-202608-007,PS005,2026-08-14,debit,Food,455.97,Swiggy / local groceries,Vadodara,UPI
PS005-202608-008,PS005,2026-08-18,debit,Food,453.66,Swiggy / local groceries,Vadodara,UPI
PS005-202608-009,PS005,2026-08-19,debit,Food,515.25,Swiggy / local groceries,Vadodara,UPI
PS005-202608-010,PS005,2026-08-22,debit,Food,439.16,Swiggy / local groceries,Vadodara,UPI
PS005-202608-011,PS005,2026-08-24,debit,Food,522.09,Swiggy / local groceries,Vadodara,UPI
PS005-202608-012,PS005,2026-08-28,debit,Food,574.75,Swiggy / local groceries,Vadodara,UPI
PS005-202608-013,PS005,2026-08-31,debit,Food,524.75,Swiggy / local groceries,Vadodara,UPI
PS005-202608-014,PS005,2026-08-02,debit,Shopping,1040.53,Amazon / local retail,Vadodara,UPI
PS005-202608-015,PS005,2026-08-12,debit,Shopping,830.95,Amazon / local retail,Vadodara,UPI
PS005-202608-016,PS005,2026-08-20,debit,Shopping,1028.64,Amazon / local retail,Vadodara,UPI
PS005-202608-017,PS005,2026-08-30,debit,Shopping,1094.88,Amazon / local retail,Vadodara,UPI
PS005-202608-018,PS005,2026-08-02,debit,Transport,374.73,Metro / fuel,Vadodara,UPI
PS005-202608-019,PS005,2026-08-07,debit,Transport,298.76,Metro / fuel,Vadodara,UPI
PS005-202608-020,PS005,2026-08-10,debit,Transport,260.14,Metro / fuel,Vadodara,UPI
PS005-202608-021,PS005,2026-08-14,debit,Transport,381.66,Metro / fuel,Vadodara,UPI
PS005-202608-022,PS005,2026-08-19,debit,Transport,401.62,Metro / fuel,Vadodara,UPI
PS005-202608-023,PS005,2026-08-22,debit,Transport,392.6,Metro / fuel,Vadodara,UPI
PS005-202608-024,PS005,2026-08-27,debit,Transport,230.6,Metro / fuel,Vadodara,UPI
PS005-202608-025,PS005,2026-08-31,debit,Transport,322.89,Metro / fuel,Vadodara,UPI
PS005-202608-026,PS005,2026-08-03,debit,Bills,1117.55,Electricity / mobile,Vadodara,UPI
PS005-202608-027,PS005,2026-08-17,debit,Bills,1102.55,Electricity / mobile,Vadodara,UPI
PS005-202608-028,PS005,2026-08-31,debit,Bills,1108.9,Electricity / mobile,Vadodara,UPI
PS005-202608-029,PS005,2026-08-02,debit,Rent,10321,Monthly rent,Vadodara,NEFT
PS005-202608-030,PS005,2026-08-02,debit,Education,832,Learning centre,Vadodara,UPI
PS005-202608-031,PS005,2026-08-02,debit,Healthcare,832,Pharmacy,Vadodara,UPI
PS005-202608-032,PS005,2026-08-03,debit,Entertainment,480.57,Cinema / streaming,Vadodara,UPI
PS005-202608-033,PS005,2026-08-17,debit,Entertainment,497.07,Cinema / streaming,Vadodara,UPI
PS005-202608-034,PS005,2026-08-31,debit,Entertainment,520.36,Cinema / streaming,Vadodara,UPI
PS005-202608-035,PS005,2026-08-03,debit,Investment,1998,Recurring investment,Vadodara,UPI
PS005-202608-036,PS005,2026-08-02,debit,UPI Transfer,858.45,Household transfer,Vadodara,UPI
PS005-202608-037,PS005,2026-08-30,debit,UPI Transfer,639.55,Household transfer,Vadodara,UPI
PS005-202608-038,PS005,2026-08-02,debit,Other,355.08,Everyday purchase,Vadodara,UPI
PS005-202608-039,PS005,2026-08-31,debit,Other,310.92,Everyday purchase,Vadodara,UPI
PS005-202608-040,PS005,2026-08-05,debit,EMI,9000,Scheduled loan EMI,Vadodara,Auto debit
PS006-202512-001,PS006,2025-12-01,credit,Salary,110000,Monthly salary,Bengaluru,NEFT
PS006-202512-002,PS006,2025-12-02,debit,Food,1005.94,Swiggy / local groceries,Bengaluru,UPI
PS006-202512-003,PS006,2025-12-05,debit,Food,881.86,Swiggy / local groceries,Bengaluru,UPI
PS006-202512-004,PS006,2025-12-07,debit,Food,984.63,Swiggy / local groceries,Bengaluru,UPI
PS006-202512-005,PS006,2025-12-09,debit,Food,919.53,Swiggy / local groceries,Bengaluru,UPI
PS006-202512-006,PS006,2025-12-13,debit,Food,821.31,Swiggy / local groceries,Bengaluru,UPI
PS006-202512-007,PS006,2025-12-14,debit,Food,986.07,Swiggy / local groceries,Bengaluru,UPI
PS006-202512-008,PS006,2025-12-18,debit,Food,703.32,Swiggy / local groceries,Bengaluru,UPI
PS006-202512-009,PS006,2025-12-20,debit,Food,1088.64,Swiggy / local groceries,Bengaluru,UPI
PS006-202512-010,PS006,2025-12-22,debit,Food,668.82,Swiggy / local groceries,Bengaluru,UPI
PS006-202512-011,PS006,2025-12-24,debit,Food,884.78,Swiggy / local groceries,Bengaluru,UPI
PS006-202512-012,PS006,2025-12-27,debit,Food,918.11,Swiggy / local groceries,Bengaluru,UPI
PS006-202512-013,PS006,2025-12-31,debit,Food,608.99,Swiggy / local groceries,Bengaluru,UPI
PS006-202512-014,PS006,2025-12-02,debit,Shopping,2027.67,Amazon / local retail,Bengaluru,UPI
PS006-202512-015,PS006,2025-12-12,debit,Shopping,2212.88,Amazon / local retail,Bengaluru,UPI
PS006-202512-016,PS006,2025-12-20,debit,Shopping,1452.5,Amazon / local retail,Bengaluru,UPI
PS006-202512-017,PS006,2025-12-31,debit,Shopping,1698.95,Amazon / local retail,Bengaluru,UPI
PS006-202512-018,PS006,2025-12-02,debit,Transport,497.39,Metro / fuel,Bengaluru,UPI
PS006-202512-019,PS006,2025-12-06,debit,Transport,794.22,Metro / fuel,Bengaluru,UPI
PS006-202512-020,PS006,2025-12-10,debit,Transport,700.74,Metro / fuel,Bengaluru,UPI
PS006-202512-021,PS006,2025-12-14,debit,Transport,503.18,Metro / fuel,Bengaluru,UPI
PS006-202512-022,PS006,2025-12-18,debit,Transport,692.27,Metro / fuel,Bengaluru,UPI
PS006-202512-023,PS006,2025-12-22,debit,Transport,543.74,Metro / fuel,Bengaluru,UPI
PS006-202512-024,PS006,2025-12-26,debit,Transport,746.86,Metro / fuel,Bengaluru,UPI
PS006-202512-025,PS006,2025-12-30,debit,Transport,449.6,Metro / fuel,Bengaluru,UPI
PS006-202512-026,PS006,2025-12-02,debit,Bills,2397.18,Electricity / mobile,Bengaluru,UPI
PS006-202512-027,PS006,2025-12-16,debit,Bills,1585.06,Electricity / mobile,Bengaluru,UPI
PS006-202512-028,PS006,2025-12-31,debit,Bills,2177.76,Electricity / mobile,Bengaluru,UPI
PS006-202512-029,PS006,2025-12-03,debit,Rent,19096,Monthly rent,Bengaluru,NEFT
PS006-202512-030,PS006,2025-12-02,debit,Education,1540,Learning centre,Bengaluru,UPI
PS006-202512-031,PS006,2025-12-02,debit,Healthcare,1540,Pharmacy,Bengaluru,UPI
PS006-202512-032,PS006,2025-12-02,debit,Entertainment,1199.52,Cinema / streaming,Bengaluru,UPI
PS006-202512-033,PS006,2025-12-16,debit,Entertainment,922.18,Cinema / streaming,Bengaluru,UPI
PS006-202512-034,PS006,2025-12-31,debit,Entertainment,650.3,Cinema / streaming,Bengaluru,UPI
PS006-202512-035,PS006,2025-12-02,debit,Investment,3696,Recurring investment,Bengaluru,UPI
PS006-202512-036,PS006,2025-12-02,debit,UPI Transfer,1463.17,Household transfer,Bengaluru,UPI
PS006-202512-037,PS006,2025-12-30,debit,UPI Transfer,1308.83,Household transfer,Bengaluru,UPI
PS006-202512-038,PS006,2025-12-03,debit,Other,645.74,Everyday purchase,Bengaluru,UPI
PS006-202512-039,PS006,2025-12-30,debit,Other,586.26,Everyday purchase,Bengaluru,UPI
PS006-202512-040,PS006,2025-12-05,debit,EMI,18000,Scheduled loan EMI,Bengaluru,Auto debit
PS006-202601-001,PS006,2026-01-01,credit,Salary,110000,Monthly salary,Bengaluru,NEFT
PS006-202601-002,PS006,2026-01-02,debit,Food,872.7,Swiggy / local groceries,Bengaluru,UPI
PS006-202601-003,PS006,2026-01-05,debit,Food,1013.35,Swiggy / local groceries,Bengaluru,UPI
PS006-202601-004,PS006,2026-01-08,debit,Food,910.57,Swiggy / local groceries,Bengaluru,UPI
PS006-202601-005,PS006,2026-01-09,debit,Food,943.08,Swiggy / local groceries,Bengaluru,UPI
PS006-202601-006,PS006,2026-01-13,debit,Food,739.99,Swiggy / local groceries,Bengaluru,UPI
PS006-202601-007,PS006,2026-01-15,debit,Food,762.74,Swiggy / local groceries,Bengaluru,UPI
PS006-202601-008,PS006,2026-01-18,debit,Food,867.88,Swiggy / local groceries,Bengaluru,UPI
PS006-202601-009,PS006,2026-01-20,debit,Food,896.28,Swiggy / local groceries,Bengaluru,UPI
PS006-202601-010,PS006,2026-01-22,debit,Food,941.61,Swiggy / local groceries,Bengaluru,UPI
PS006-202601-011,PS006,2026-01-24,debit,Food,968.63,Swiggy / local groceries,Bengaluru,UPI
PS006-202601-012,PS006,2026-01-28,debit,Food,898.72,Swiggy / local groceries,Bengaluru,UPI
PS006-202601-013,PS006,2026-01-30,debit,Food,656.45,Swiggy / local groceries,Bengaluru,UPI
PS006-202601-014,PS006,2026-01-03,debit,Shopping,1458.64,Amazon / local retail,Bengaluru,UPI
PS006-202601-015,PS006,2026-01-12,debit,Shopping,1571.96,Amazon / local retail,Bengaluru,UPI
PS006-202601-016,PS006,2026-01-20,debit,Shopping,1993.21,Amazon / local retail,Bengaluru,UPI
PS006-202601-017,PS006,2026-01-30,debit,Shopping,2368.19,Amazon / local retail,Bengaluru,UPI
PS006-202601-018,PS006,2026-01-03,debit,Transport,626.52,Metro / fuel,Bengaluru,UPI
PS006-202601-019,PS006,2026-01-06,debit,Transport,474.97,Metro / fuel,Bengaluru,UPI
PS006-202601-020,PS006,2026-01-11,debit,Transport,614.54,Metro / fuel,Bengaluru,UPI
PS006-202601-021,PS006,2026-01-14,debit,Transport,768.12,Metro / fuel,Bengaluru,UPI
PS006-202601-022,PS006,2026-01-18,debit,Transport,602.43,Metro / fuel,Bengaluru,UPI
PS006-202601-023,PS006,2026-01-23,debit,Transport,633.67,Metro / fuel,Bengaluru,UPI
PS006-202601-024,PS006,2026-01-26,debit,Transport,548.76,Metro / fuel,Bengaluru,UPI
PS006-202601-025,PS006,2026-01-30,debit,Transport,658.99,Metro / fuel,Bengaluru,UPI
PS006-202601-026,PS006,2026-01-02,debit,Bills,2374.48,Electricity / mobile,Bengaluru,UPI
PS006-202601-027,PS006,2026-01-17,debit,Bills,2089.76,Electricity / mobile,Bengaluru,UPI
PS006-202601-028,PS006,2026-01-31,debit,Bills,1695.76,Electricity / mobile,Bengaluru,UPI
PS006-202601-029,PS006,2026-01-03,debit,Rent,19096,Monthly rent,Bengaluru,NEFT
PS006-202601-030,PS006,2026-01-03,debit,Education,1540,Learning centre,Bengaluru,UPI
PS006-202601-031,PS006,2026-01-02,debit,Healthcare,1540,Pharmacy,Bengaluru,UPI
PS006-202601-032,PS006,2026-01-02,debit,Entertainment,860.8,Cinema / streaming,Bengaluru,UPI
PS006-202601-033,PS006,2026-01-17,debit,Entertainment,709.0,Cinema / streaming,Bengaluru,UPI
PS006-202601-034,PS006,2026-01-30,debit,Entertainment,1202.2,Cinema / streaming,Bengaluru,UPI
PS006-202601-035,PS006,2026-01-02,debit,Investment,3696,Recurring investment,Bengaluru,UPI
PS006-202601-036,PS006,2026-01-03,debit,UPI Transfer,1507.33,Household transfer,Bengaluru,UPI
PS006-202601-037,PS006,2026-01-31,debit,UPI Transfer,1264.67,Household transfer,Bengaluru,UPI
PS006-202601-038,PS006,2026-01-03,debit,Other,738.46,Everyday purchase,Bengaluru,UPI
PS006-202601-039,PS006,2026-01-31,debit,Other,493.54,Everyday purchase,Bengaluru,UPI
PS006-202601-040,PS006,2026-01-05,debit,EMI,18000,Scheduled loan EMI,Bengaluru,Auto debit
PS006-202602-001,PS006,2026-02-01,credit,Salary,110000,Monthly salary,Bengaluru,NEFT
PS006-202602-002,PS006,2026-02-02,debit,Food,876.76,Swiggy / local groceries,Bengaluru,UPI
PS006-202602-003,PS006,2026-02-05,debit,Food,875.31,Swiggy / local groceries,Bengaluru,UPI
PS006-202602-004,PS006,2026-02-06,debit,Food,1011.47,Swiggy / local groceries,Bengaluru,UPI
PS006-202602-005,PS006,2026-02-08,debit,Food,834.97,Swiggy / local groceries,Bengaluru,UPI
PS006-202602-006,PS006,2026-02-12,debit,Food,1028.64,Swiggy / local groceries,Bengaluru,UPI
PS006-202602-007,PS006,2026-02-14,debit,Food,812.64,Swiggy / local groceries,Bengaluru,UPI
PS006-202602-008,PS006,2026-02-15,debit,Food,663.97,Swiggy / local groceries,Bengaluru,UPI
PS006-202602-009,PS006,2026-02-18,debit,Food,1041.14,Swiggy / local groceries,Bengaluru,UPI
PS006-202602-010,PS006,2026-02-21,debit,Food,638.48,Swiggy / local groceries,Bengaluru,UPI
PS006-202602-011,PS006,2026-02-23,debit,Food,987.35,Swiggy / local groceries,Bengaluru,UPI
PS006-202602-012,PS006,2026-02-24,debit,Food,941.34,Swiggy / local groceries,Bengaluru,UPI
PS006-202602-013,PS006,2026-02-28,debit,Food,759.93,Swiggy / local groceries,Bengaluru,UPI
PS006-202602-014,PS006,2026-02-02,debit,Shopping,2338.57,Amazon / local retail,Bengaluru,UPI
PS006-202602-015,PS006,2026-02-11,debit,Shopping,1400.72,Amazon / local retail,Bengaluru,UPI
PS006-202602-016,PS006,2026-02-18,debit,Shopping,1948.57,Amazon / local retail,Bengaluru,UPI
PS006-202602-017,PS006,2026-02-27,debit,Shopping,1704.14,Amazon / local retail,Bengaluru,UPI
PS006-202602-018,PS006,2026-02-03,debit,Transport,688.76,Metro / fuel,Bengaluru,UPI
PS006-202602-019,PS006,2026-02-05,debit,Transport,737.46,Metro / fuel,Bengaluru,UPI
PS006-202602-020,PS006,2026-02-09,debit,Transport,663.98,Metro / fuel,Bengaluru,UPI
PS006-202602-021,PS006,2026-02-13,debit,Transport,505.95,Metro / fuel,Bengaluru,UPI
PS006-202602-022,PS006,2026-02-16,debit,Transport,581.64,Metro / fuel,Bengaluru,UPI
PS006-202602-023,PS006,2026-02-19,debit,Transport,523.37,Metro / fuel,Bengaluru,UPI
PS006-202602-024,PS006,2026-02-24,debit,Transport,507.2,Metro / fuel,Bengaluru,UPI
PS006-202602-025,PS006,2026-02-27,debit,Transport,719.64,Metro / fuel,Bengaluru,UPI
PS006-202602-026,PS006,2026-02-03,debit,Bills,2152.71,Electricity / mobile,Bengaluru,UPI
PS006-202602-027,PS006,2026-02-15,debit,Bills,1977.08,Electricity / mobile,Bengaluru,UPI
PS006-202602-028,PS006,2026-02-27,debit,Bills,2030.21,Electricity / mobile,Bengaluru,UPI
PS006-202602-029,PS006,2026-02-03,debit,Rent,19096,Monthly rent,Bengaluru,NEFT
PS006-202602-030,PS006,2026-02-03,debit,Education,1540,Learning centre,Bengaluru,UPI
PS006-202602-031,PS006,2026-02-02,debit,Healthcare,1540,Pharmacy,Bengaluru,UPI
PS006-202602-032,PS006,2026-02-03,debit,Entertainment,1092.28,Cinema / streaming,Bengaluru,UPI
PS006-202602-033,PS006,2026-02-14,debit,Entertainment,819.74,Cinema / streaming,Bengaluru,UPI
PS006-202602-034,PS006,2026-02-27,debit,Entertainment,859.98,Cinema / streaming,Bengaluru,UPI
PS006-202602-035,PS006,2026-02-03,debit,Investment,3696,Recurring investment,Bengaluru,UPI
PS006-202602-036,PS006,2026-02-02,debit,UPI Transfer,1314.26,Household transfer,Bengaluru,UPI
PS006-202602-037,PS006,2026-02-28,debit,UPI Transfer,1457.74,Household transfer,Bengaluru,UPI
PS006-202602-038,PS006,2026-02-03,debit,Other,502.26,Everyday purchase,Bengaluru,UPI
PS006-202602-039,PS006,2026-02-28,debit,Other,729.74,Everyday purchase,Bengaluru,UPI
PS006-202602-040,PS006,2026-02-05,debit,EMI,18000,Scheduled loan EMI,Bengaluru,Auto debit
PS006-202603-001,PS006,2026-03-01,credit,Salary,110000,Monthly salary,Bengaluru,NEFT
PS006-202603-002,PS006,2026-03-03,debit,Food,729.41,Swiggy / local groceries,Bengaluru,UPI
PS006-202603-003,PS006,2026-03-04,debit,Food,850.53,Swiggy / local groceries,Bengaluru,UPI
PS006-202603-004,PS006,2026-03-07,debit,Food,880.92,Swiggy / local groceries,Bengaluru,UPI
PS006-202603-005,PS006,2026-03-09,debit,Food,690.23,Swiggy / local groceries,Bengaluru,UPI
PS006-202603-006,PS006,2026-03-12,debit,Food,975.44,Swiggy / local groceries,Bengaluru,UPI
PS006-202603-007,PS006,2026-03-15,debit,Food,822.25,Swiggy / local groceries,Bengaluru,UPI
PS006-202603-008,PS006,2026-03-17,debit,Food,861.84,Swiggy / local groceries,Bengaluru,UPI
PS006-202603-009,PS006,2026-03-19,debit,Food,1037.29,Swiggy / local groceries,Bengaluru,UPI
PS006-202603-010,PS006,2026-03-23,debit,Food,944.09,Swiggy / local groceries,Bengaluru,UPI
PS006-202603-011,PS006,2026-03-24,debit,Food,629.28,Swiggy / local groceries,Bengaluru,UPI
PS006-202603-012,PS006,2026-03-27,debit,Food,1062.93,Swiggy / local groceries,Bengaluru,UPI
PS006-202603-013,PS006,2026-03-30,debit,Food,987.79,Swiggy / local groceries,Bengaluru,UPI
PS006-202603-014,PS006,2026-03-03,debit,Shopping,1929.53,Amazon / local retail,Bengaluru,UPI
PS006-202603-015,PS006,2026-03-11,debit,Shopping,2048.09,Amazon / local retail,Bengaluru,UPI
PS006-202603-016,PS006,2026-03-21,debit,Shopping,1874.91,Amazon / local retail,Bengaluru,UPI
PS006-202603-017,PS006,2026-03-31,debit,Shopping,1539.47,Amazon / local retail,Bengaluru,UPI
PS006-202603-018,PS006,2026-03-03,debit,Transport,579.82,Metro / fuel,Bengaluru,UPI
PS006-202603-019,PS006,2026-03-07,debit,Transport,532.42,Metro / fuel,Bengaluru,UPI
PS006-202603-020,PS006,2026-03-11,debit,Transport,768.78,Metro / fuel,Bengaluru,UPI
PS006-202603-021,PS006,2026-03-14,debit,Transport,529.67,Metro / fuel,Bengaluru,UPI
PS006-202603-022,PS006,2026-03-18,debit,Transport,491.08,Metro / fuel,Bengaluru,UPI
PS006-202603-023,PS006,2026-03-22,debit,Transport,636.84,Metro / fuel,Bengaluru,UPI
PS006-202603-024,PS006,2026-03-27,debit,Transport,812.98,Metro / fuel,Bengaluru,UPI
PS006-202603-025,PS006,2026-03-30,debit,Transport,576.41,Metro / fuel,Bengaluru,UPI
PS006-202603-026,PS006,2026-03-02,debit,Bills,1691.11,Electricity / mobile,Bengaluru,UPI
PS006-202603-027,PS006,2026-03-17,debit,Bills,2000.33,Electricity / mobile,Bengaluru,UPI
PS006-202603-028,PS006,2026-03-30,debit,Bills,2468.56,Electricity / mobile,Bengaluru,UPI
PS006-202603-029,PS006,2026-03-03,debit,Rent,19096,Monthly rent,Bengaluru,NEFT
PS006-202603-030,PS006,2026-03-03,debit,Education,1540,Learning centre,Bengaluru,UPI
PS006-202603-031,PS006,2026-03-03,debit,Healthcare,1540,Pharmacy,Bengaluru,UPI
PS006-202603-032,PS006,2026-03-03,debit,Entertainment,807.35,Cinema / streaming,Bengaluru,UPI
PS006-202603-033,PS006,2026-03-16,debit,Entertainment,1184.24,Cinema / streaming,Bengaluru,UPI
PS006-202603-034,PS006,2026-03-31,debit,Entertainment,780.41,Cinema / streaming,Bengaluru,UPI
PS006-202603-035,PS006,2026-03-02,debit,Investment,3696,Recurring investment,Bengaluru,UPI
PS006-202603-036,PS006,2026-03-03,debit,UPI Transfer,1457.87,Household transfer,Bengaluru,UPI
PS006-202603-037,PS006,2026-03-31,debit,UPI Transfer,1314.13,Household transfer,Bengaluru,UPI
PS006-202603-038,PS006,2026-03-03,debit,Other,622.86,Everyday purchase,Bengaluru,UPI
PS006-202603-039,PS006,2026-03-31,debit,Other,609.14,Everyday purchase,Bengaluru,UPI
PS006-202603-040,PS006,2026-03-05,debit,EMI,18000,Scheduled loan EMI,Bengaluru,Auto debit
PS006-202604-001,PS006,2026-04-01,credit,Salary,110000,Monthly salary,Bengaluru,NEFT
PS006-202604-002,PS006,2026-04-02,debit,Food,821.17,Swiggy / local groceries,Bengaluru,UPI
PS006-202604-003,PS006,2026-04-04,debit,Food,990.06,Swiggy / local groceries,Bengaluru,UPI
PS006-202604-004,PS006,2026-04-07,debit,Food,1102.09,Swiggy / local groceries,Bengaluru,UPI
PS006-202604-005,PS006,2026-04-10,debit,Food,873.69,Swiggy / local groceries,Bengaluru,UPI
PS006-202604-006,PS006,2026-04-11,debit,Food,988.19,Swiggy / local groceries,Bengaluru,UPI
PS006-202604-007,PS006,2026-04-15,debit,Food,698.78,Swiggy / local groceries,Bengaluru,UPI
PS006-202604-008,PS006,2026-04-17,debit,Food,997.86,Swiggy / local groceries,Bengaluru,UPI
PS006-202604-009,PS006,2026-04-20,debit,Food,845.24,Swiggy / local groceries,Bengaluru,UPI
PS006-202604-010,PS006,2026-04-22,debit,Food,621.2,Swiggy / local groceries,Bengaluru,UPI
PS006-202604-011,PS006,2026-04-25,debit,Food,749.53,Swiggy / local groceries,Bengaluru,UPI
PS006-202604-012,PS006,2026-04-26,debit,Food,1085.03,Swiggy / local groceries,Bengaluru,UPI
PS006-202604-013,PS006,2026-04-29,debit,Food,699.16,Swiggy / local groceries,Bengaluru,UPI
PS006-202604-014,PS006,2026-04-03,debit,Shopping,2343.43,Amazon / local retail,Bengaluru,UPI
PS006-202604-015,PS006,2026-04-11,debit,Shopping,1452.09,Amazon / local retail,Bengaluru,UPI
PS006-202604-016,PS006,2026-04-20,debit,Shopping,1551.45,Amazon / local retail,Bengaluru,UPI
PS006-202604-017,PS006,2026-04-30,debit,Shopping,2045.03,Amazon / local retail,Bengaluru,UPI
PS006-202604-018,PS006,2026-04-02,debit,Transport,600.16,Metro / fuel,Bengaluru,UPI
PS006-202604-019,PS006,2026-04-05,debit,Transport,639.95,Metro / fuel,Bengaluru,UPI
PS006-202604-020,PS006,2026-04-09,debit,Transport,759.61,Metro / fuel,Bengaluru,UPI
PS006-202604-021,PS006,2026-04-13,debit,Transport,647.18,Metro / fuel,Bengaluru,UPI
PS006-202604-022,PS006,2026-04-17,debit,Transport,578.05,Metro / fuel,Bengaluru,UPI
PS006-202604-023,PS006,2026-04-21,debit,Transport,615.62,Metro / fuel,Bengaluru,UPI
PS006-202604-024,PS006,2026-04-25,debit,Transport,532.32,Metro / fuel,Bengaluru,UPI
PS006-202604-025,PS006,2026-04-30,debit,Transport,555.11,Metro / fuel,Bengaluru,UPI
PS006-202604-026,PS006,2026-04-03,debit,Bills,1718.13,Electricity / mobile,Bengaluru,UPI
PS006-202604-027,PS006,2026-04-16,debit,Bills,2214.09,Electricity / mobile,Bengaluru,UPI
PS006-202604-028,PS006,2026-04-30,debit,Bills,2227.78,Electricity / mobile,Bengaluru,UPI
PS006-202604-029,PS006,2026-04-03,debit,Rent,19096,Monthly rent,Bengaluru,NEFT
PS006-202604-030,PS006,2026-04-02,debit,Education,1540,Learning centre,Bengaluru,UPI
PS006-202604-031,PS006,2026-04-03,debit,Healthcare,1540,Pharmacy,Bengaluru,UPI
PS006-202604-032,PS006,2026-04-02,debit,Entertainment,1014.98,Cinema / streaming,Bengaluru,UPI
PS006-202604-033,PS006,2026-04-15,debit,Entertainment,844.54,Cinema / streaming,Bengaluru,UPI
PS006-202604-034,PS006,2026-04-30,debit,Entertainment,912.48,Cinema / streaming,Bengaluru,UPI
PS006-202604-035,PS006,2026-04-03,debit,Investment,3696,Recurring investment,Bengaluru,UPI
PS006-202604-036,PS006,2026-04-03,debit,UPI Transfer,1539.89,Household transfer,Bengaluru,UPI
PS006-202604-037,PS006,2026-04-30,debit,UPI Transfer,1232.11,Household transfer,Bengaluru,UPI
PS006-202604-038,PS006,2026-04-03,debit,Other,720.22,Everyday purchase,Bengaluru,UPI
PS006-202604-039,PS006,2026-04-29,debit,Other,511.78,Everyday purchase,Bengaluru,UPI
PS006-202604-040,PS006,2026-04-05,debit,EMI,18000,Scheduled loan EMI,Bengaluru,Auto debit
PS006-202605-001,PS006,2026-05-01,credit,Salary,110000,Monthly salary,Bengaluru,NEFT
PS006-202605-002,PS006,2026-05-03,debit,Food,921.94,Swiggy / local groceries,Bengaluru,UPI
PS006-202605-003,PS006,2026-05-05,debit,Food,1045.7,Swiggy / local groceries,Bengaluru,UPI
PS006-202605-004,PS006,2026-05-08,debit,Food,711.79,Swiggy / local groceries,Bengaluru,UPI
PS006-202605-005,PS006,2026-05-10,debit,Food,763.95,Swiggy / local groceries,Bengaluru,UPI
PS006-202605-006,PS006,2026-05-12,debit,Food,966.35,Swiggy / local groceries,Bengaluru,UPI
PS006-202605-007,PS006,2026-05-15,debit,Food,842.62,Swiggy / local groceries,Bengaluru,UPI
PS006-202605-008,PS006,2026-05-18,debit,Food,791.12,Swiggy / local groceries,Bengaluru,UPI
PS006-202605-009,PS006,2026-05-19,debit,Food,895.72,Swiggy / local groceries,Bengaluru,UPI
PS006-202605-010,PS006,2026-05-22,debit,Food,783.25,Swiggy / local groceries,Bengaluru,UPI
PS006-202605-011,PS006,2026-05-24,debit,Food,806.48,Swiggy / local groceries,Bengaluru,UPI
PS006-202605-012,PS006,2026-05-27,debit,Food,847.84,Swiggy / local groceries,Bengaluru,UPI
PS006-202605-013,PS006,2026-05-31,debit,Food,1095.24,Swiggy / local groceries,Bengaluru,UPI
PS006-202605-014,PS006,2026-05-02,debit,Shopping,1981.05,Amazon / local retail,Bengaluru,UPI
PS006-202605-015,PS006,2026-05-12,debit,Shopping,2351.84,Amazon / local retail,Bengaluru,UPI
PS006-202605-016,PS006,2026-05-20,debit,Shopping,1615.4,Amazon / local retail,Bengaluru,UPI
PS006-202605-017,PS006,2026-05-30,debit,Shopping,1443.71,Amazon / local retail,Bengaluru,UPI
PS006-202605-018,PS006,2026-05-03,debit,Transport,492.86,Metro / fuel,Bengaluru,UPI
PS006-202605-019,PS006,2026-05-06,debit,Transport,633.0,Metro / fuel,Bengaluru,UPI
PS006-202605-020,PS006,2026-05-11,debit,Transport,719.26,Metro / fuel,Bengaluru,UPI
PS006-202605-021,PS006,2026-05-15,debit,Transport,758.04,Metro / fuel,Bengaluru,UPI
PS006-202605-022,PS006,2026-05-18,debit,Transport,559.51,Metro / fuel,Bengaluru,UPI
PS006-202605-023,PS006,2026-05-23,debit,Transport,650.25,Metro / fuel,Bengaluru,UPI
PS006-202605-024,PS006,2026-05-27,debit,Transport,537.3,Metro / fuel,Bengaluru,UPI
PS006-202605-025,PS006,2026-05-31,debit,Transport,577.78,Metro / fuel,Bengaluru,UPI
PS006-202605-026,PS006,2026-05-02,debit,Bills,2156.23,Electricity / mobile,Bengaluru,UPI
PS006-202605-027,PS006,2026-05-17,debit,Bills,2203.11,Electricity / mobile,Bengaluru,UPI
PS006-202605-028,PS006,2026-05-31,debit,Bills,1800.66,Electricity / mobile,Bengaluru,UPI
PS006-202605-029,PS006,2026-05-02,debit,Rent,19096,Monthly rent,Bengaluru,NEFT
PS006-202605-030,PS006,2026-05-02,debit,Education,1540,Learning centre,Bengaluru,UPI
PS006-202605-031,PS006,2026-05-03,debit,Healthcare,1540,Pharmacy,Bengaluru,UPI
PS006-202605-032,PS006,2026-05-02,debit,Entertainment,1076.41,Cinema / streaming,Bengaluru,UPI
PS006-202605-033,PS006,2026-05-17,debit,Entertainment,787.13,Cinema / streaming,Bengaluru,UPI
PS006-202605-034,PS006,2026-05-31,debit,Entertainment,908.46,Cinema / streaming,Bengaluru,UPI
PS006-202605-035,PS006,2026-05-03,debit,Investment,3696,Recurring investment,Bengaluru,UPI
PS006-202605-036,PS006,2026-05-03,debit,UPI Transfer,1349.91,Household transfer,Bengaluru,UPI
PS006-202605-037,PS006,2026-05-30,debit,UPI Transfer,1422.09,Household transfer,Bengaluru,UPI
PS006-202605-038,PS006,2026-05-02,debit,Other,672.76,Everyday purchase,Bengaluru,UPI
PS006-202605-039,PS006,2026-05-31,debit,Other,559.24,Everyday purchase,Bengaluru,UPI
PS006-202605-040,PS006,2026-05-05,debit,EMI,18000,Scheduled loan EMI,Bengaluru,Auto debit
PS006-202606-001,PS006,2026-06-01,credit,Salary,110000,Monthly salary,Bengaluru,NEFT
PS006-202606-002,PS006,2026-06-03,debit,Food,699.77,Swiggy / local groceries,Bengaluru,UPI
PS006-202606-003,PS006,2026-06-04,debit,Food,968.42,Swiggy / local groceries,Bengaluru,UPI
PS006-202606-004,PS006,2026-06-06,debit,Food,938.98,Swiggy / local groceries,Bengaluru,UPI
PS006-202606-005,PS006,2026-06-10,debit,Food,670.25,Swiggy / local groceries,Bengaluru,UPI
PS006-202606-006,PS006,2026-06-12,debit,Food,674.66,Swiggy / local groceries,Bengaluru,UPI
PS006-202606-007,PS006,2026-06-15,debit,Food,913.88,Swiggy / local groceries,Bengaluru,UPI
PS006-202606-008,PS006,2026-06-16,debit,Food,1085.97,Swiggy / local groceries,Bengaluru,UPI
PS006-202606-009,PS006,2026-06-19,debit,Food,780.6,Swiggy / local groceries,Bengaluru,UPI
PS006-202606-010,PS006,2026-06-21,debit,Food,1073.06,Swiggy / local groceries,Bengaluru,UPI
PS006-202606-011,PS006,2026-06-25,debit,Food,660.44,Swiggy / local groceries,Bengaluru,UPI
PS006-202606-012,PS006,2026-06-26,debit,Food,985.58,Swiggy / local groceries,Bengaluru,UPI
PS006-202606-013,PS006,2026-06-29,debit,Food,1020.39,Swiggy / local groceries,Bengaluru,UPI
PS006-202606-014,PS006,2026-06-02,debit,Shopping,1602.08,Amazon / local retail,Bengaluru,UPI
PS006-202606-015,PS006,2026-06-12,debit,Shopping,2222.25,Amazon / local retail,Bengaluru,UPI
PS006-202606-016,PS006,2026-06-20,debit,Shopping,1891.82,Amazon / local retail,Bengaluru,UPI
PS006-202606-017,PS006,2026-06-30,debit,Shopping,1675.85,Amazon / local retail,Bengaluru,UPI
PS006-202606-018,PS006,2026-06-02,debit,Transport,677.11,Metro / fuel,Bengaluru,UPI
PS006-202606-019,PS006,2026-06-05,debit,Transport,608.6,Metro / fuel,Bengaluru,UPI
PS006-202606-020,PS006,2026-06-09,debit,Transport,649.24,Metro / fuel,Bengaluru,UPI
PS006-202606-021,PS006,2026-06-14,debit,Transport,609.75,Metro / fuel,Bengaluru,UPI
PS006-202606-022,PS006,2026-06-18,debit,Transport,708.42,Metro / fuel,Bengaluru,UPI
PS006-202606-023,PS006,2026-06-22,debit,Transport,451.13,Metro / fuel,Bengaluru,UPI
PS006-202606-024,PS006,2026-06-25,debit,Transport,674.13,Metro / fuel,Bengaluru,UPI
PS006-202606-025,PS006,2026-06-29,debit,Transport,549.62,Metro / fuel,Bengaluru,UPI
PS006-202606-026,PS006,2026-06-03,debit,Bills,2099.0,Electricity / mobile,Bengaluru,UPI
PS006-202606-027,PS006,2026-06-16,debit,Bills,1712.53,Electricity / mobile,Bengaluru,UPI
PS006-202606-028,PS006,2026-06-30,debit,Bills,2348.47,Electricity / mobile,Bengaluru,UPI
PS006-202606-029,PS006,2026-06-03,debit,Rent,19096,Monthly rent,Bengaluru,NEFT
PS006-202606-030,PS006,2026-06-03,debit,Education,1540,Learning centre,Bengaluru,UPI
PS006-202606-031,PS006,2026-06-03,debit,Healthcare,1540,Pharmacy,Bengaluru,UPI
PS006-202606-032,PS006,2026-06-03,debit,Entertainment,729.89,Cinema / streaming,Bengaluru,UPI
PS006-202606-033,PS006,2026-06-16,debit,Entertainment,939.94,Cinema / streaming,Bengaluru,UPI
PS006-202606-034,PS006,2026-06-30,debit,Entertainment,1102.17,Cinema / streaming,Bengaluru,UPI
PS006-202606-035,PS006,2026-06-03,debit,Investment,3696,Recurring investment,Bengaluru,UPI
PS006-202606-036,PS006,2026-06-03,debit,UPI Transfer,1545.58,Household transfer,Bengaluru,UPI
PS006-202606-037,PS006,2026-06-29,debit,UPI Transfer,1226.42,Household transfer,Bengaluru,UPI
PS006-202606-038,PS006,2026-06-03,debit,Other,643.11,Everyday purchase,Bengaluru,UPI
PS006-202606-039,PS006,2026-06-29,debit,Other,588.89,Everyday purchase,Bengaluru,UPI
PS006-202606-040,PS006,2026-06-05,debit,EMI,18000,Scheduled loan EMI,Bengaluru,Auto debit
PS006-202607-001,PS006,2026-07-01,credit,Salary,110000,Monthly salary,Bengaluru,NEFT
PS006-202607-002,PS006,2026-07-02,debit,Food,991.31,Swiggy / local groceries,Bengaluru,UPI
PS006-202607-003,PS006,2026-07-05,debit,Food,1054.77,Swiggy / local groceries,Bengaluru,UPI
PS006-202607-004,PS006,2026-07-07,debit,Food,638.17,Swiggy / local groceries,Bengaluru,UPI
PS006-202607-005,PS006,2026-07-09,debit,Food,980.56,Swiggy / local groceries,Bengaluru,UPI
PS006-202607-006,PS006,2026-07-13,debit,Food,847.61,Swiggy / local groceries,Bengaluru,UPI
PS006-202607-007,PS006,2026-07-14,debit,Food,615.71,Swiggy / local groceries,Bengaluru,UPI
PS006-202607-008,PS006,2026-07-18,debit,Food,946.34,Swiggy / local groceries,Bengaluru,UPI
PS006-202607-009,PS006,2026-07-19,debit,Food,916.54,Swiggy / local groceries,Bengaluru,UPI
PS006-202607-010,PS006,2026-07-23,debit,Food,776.65,Swiggy / local groceries,Bengaluru,UPI
PS006-202607-011,PS006,2026-07-25,debit,Food,948.25,Swiggy / local groceries,Bengaluru,UPI
PS006-202607-012,PS006,2026-07-27,debit,Food,686.44,Swiggy / local groceries,Bengaluru,UPI
PS006-202607-013,PS006,2026-07-31,debit,Food,1069.65,Swiggy / local groceries,Bengaluru,UPI
PS006-202607-014,PS006,2026-07-02,debit,Shopping,1484.3,Amazon / local retail,Bengaluru,UPI
PS006-202607-015,PS006,2026-07-12,debit,Shopping,2092.11,Amazon / local retail,Bengaluru,UPI
PS006-202607-016,PS006,2026-07-21,debit,Shopping,1753.32,Amazon / local retail,Bengaluru,UPI
PS006-202607-017,PS006,2026-07-31,debit,Shopping,2062.27,Amazon / local retail,Bengaluru,UPI
PS006-202607-018,PS006,2026-07-03,debit,Transport,474.52,Metro / fuel,Bengaluru,UPI
PS006-202607-019,PS006,2026-07-07,debit,Transport,485.33,Metro / fuel,Bengaluru,UPI
PS006-202607-020,PS006,2026-07-10,debit,Transport,791.52,Metro / fuel,Bengaluru,UPI
PS006-202607-021,PS006,2026-07-14,debit,Transport,535.39,Metro / fuel,Bengaluru,UPI
PS006-202607-022,PS006,2026-07-19,debit,Transport,875.52,Metro / fuel,Bengaluru,UPI
PS006-202607-023,PS006,2026-07-22,debit,Transport,495.74,Metro / fuel,Bengaluru,UPI
PS006-202607-024,PS006,2026-07-26,debit,Transport,698.44,Metro / fuel,Bengaluru,UPI
PS006-202607-025,PS006,2026-07-30,debit,Transport,571.54,Metro / fuel,Bengaluru,UPI
PS006-202607-026,PS006,2026-07-02,debit,Bills,1743.64,Electricity / mobile,Bengaluru,UPI
PS006-202607-027,PS006,2026-07-16,debit,Bills,1716.66,Electricity / mobile,Bengaluru,UPI
PS006-202607-028,PS006,2026-07-31,debit,Bills,2699.7,Electricity / mobile,Bengaluru,UPI
PS006-202607-029,PS006,2026-07-02,debit,Rent,19096,Monthly rent,Bengaluru,NEFT
PS006-202607-030,PS006,2026-07-02,debit,Education,1540,Learning centre,Bengaluru,UPI
PS006-202607-031,PS006,2026-07-03,debit,Healthcare,1540,Pharmacy,Bengaluru,UPI
PS006-202607-032,PS006,2026-07-03,debit,Entertainment,838.67,Cinema / streaming,Bengaluru,UPI
PS006-202607-033,PS006,2026-07-17,debit,Entertainment,983.89,Cinema / streaming,Bengaluru,UPI
PS006-202607-034,PS006,2026-07-30,debit,Entertainment,949.44,Cinema / streaming,Bengaluru,UPI
PS006-202607-035,PS006,2026-07-02,debit,Investment,3696,Recurring investment,Bengaluru,UPI
PS006-202607-036,PS006,2026-07-03,debit,UPI Transfer,1407.38,Household transfer,Bengaluru,UPI
PS006-202607-037,PS006,2026-07-30,debit,UPI Transfer,1364.62,Household transfer,Bengaluru,UPI
PS006-202607-038,PS006,2026-07-02,debit,Other,470.89,Everyday purchase,Bengaluru,UPI
PS006-202607-039,PS006,2026-07-31,debit,Other,761.11,Everyday purchase,Bengaluru,UPI
PS006-202607-040,PS006,2026-07-05,debit,EMI,18000,Scheduled loan EMI,Bengaluru,Auto debit
PS006-202608-001,PS006,2026-08-01,credit,Salary,110000,Monthly salary,Bengaluru,NEFT
PS006-202608-002,PS006,2026-08-02,debit,Food,810.96,Swiggy / local groceries,Bengaluru,UPI
PS006-202608-003,PS006,2026-08-04,debit,Food,942.91,Swiggy / local groceries,Bengaluru,UPI
PS006-202608-004,PS006,2026-08-07,debit,Food,961.74,Swiggy / local groceries,Bengaluru,UPI
PS006-202608-005,PS006,2026-08-10,debit,Food,628.1,Swiggy / local groceries,Bengaluru,UPI
PS006-202608-006,PS006,2026-08-13,debit,Food,847.97,Swiggy / local groceries,Bengaluru,UPI
PS006-202608-007,PS006,2026-08-15,debit,Food,893.25,Swiggy / local groceries,Bengaluru,UPI
PS006-202608-008,PS006,2026-08-18,debit,Food,751.78,Swiggy / local groceries,Bengaluru,UPI
PS006-202608-009,PS006,2026-08-20,debit,Food,985.44,Swiggy / local groceries,Bengaluru,UPI
PS006-202608-010,PS006,2026-08-22,debit,Food,1107.1,Swiggy / local groceries,Bengaluru,UPI
PS006-202608-011,PS006,2026-08-25,debit,Food,1007.51,Swiggy / local groceries,Bengaluru,UPI
PS006-202608-012,PS006,2026-08-27,debit,Food,820.87,Swiggy / local groceries,Bengaluru,UPI
PS006-202608-013,PS006,2026-08-30,debit,Food,714.37,Swiggy / local groceries,Bengaluru,UPI
PS006-202608-014,PS006,2026-08-03,debit,Shopping,1501.01,Amazon / local retail,Bengaluru,UPI
PS006-202608-015,PS006,2026-08-11,debit,Shopping,2004.45,Amazon / local retail,Bengaluru,UPI
PS006-202608-016,PS006,2026-08-20,debit,Shopping,1816.93,Amazon / local retail,Bengaluru,UPI
PS006-202608-017,PS006,2026-08-30,debit,Shopping,2069.61,Amazon / local retail,Bengaluru,UPI
PS006-202608-018,PS006,2026-08-02,debit,Transport,687.87,Metro / fuel,Bengaluru,UPI
PS006-202608-019,PS006,2026-08-07,debit,Transport,687.6,Metro / fuel,Bengaluru,UPI
PS006-202608-020,PS006,2026-08-11,debit,Transport,700.98,Metro / fuel,Bengaluru,UPI
PS006-202608-021,PS006,2026-08-15,debit,Transport,518.71,Metro / fuel,Bengaluru,UPI
PS006-202608-022,PS006,2026-08-18,debit,Transport,531.01,Metro / fuel,Bengaluru,UPI
PS006-202608-023,PS006,2026-08-22,debit,Transport,734.81,Metro / fuel,Bengaluru,UPI
PS006-202608-024,PS006,2026-08-27,debit,Transport,507.88,Metro / fuel,Bengaluru,UPI
PS006-202608-025,PS006,2026-08-31,debit,Transport,559.14,Metro / fuel,Bengaluru,UPI
PS006-202608-026,PS006,2026-08-02,debit,Bills,2017.13,Electricity / mobile,Bengaluru,UPI
PS006-202608-027,PS006,2026-08-16,debit,Bills,2237.31,Electricity / mobile,Bengaluru,UPI
PS006-202608-028,PS006,2026-08-31,debit,Bills,1905.56,Electricity / mobile,Bengaluru,UPI
PS006-202608-029,PS006,2026-08-03,debit,Rent,19096,Monthly rent,Bengaluru,NEFT
PS006-202608-030,PS006,2026-08-03,debit,Education,1540,Learning centre,Bengaluru,UPI
PS006-202608-031,PS006,2026-08-03,debit,Healthcare,1540,Pharmacy,Bengaluru,UPI
PS006-202608-032,PS006,2026-08-03,debit,Entertainment,953.68,Cinema / streaming,Bengaluru,UPI
PS006-202608-033,PS006,2026-08-16,debit,Entertainment,961.03,Cinema / streaming,Bengaluru,UPI
PS006-202608-034,PS006,2026-08-31,debit,Entertainment,857.29,Cinema / streaming,Bengaluru,UPI
PS006-202608-035,PS006,2026-08-03,debit,Investment,3696,Recurring investment,Bengaluru,UPI
PS006-202608-036,PS006,2026-08-03,debit,UPI Transfer,1219.65,Household transfer,Bengaluru,UPI
PS006-202608-037,PS006,2026-08-31,debit,UPI Transfer,1552.35,Household transfer,Bengaluru,UPI
PS006-202608-038,PS006,2026-08-03,debit,Other,742.93,Everyday purchase,Bengaluru,UPI
PS006-202608-039,PS006,2026-08-31,debit,Other,489.07,Everyday purchase,Bengaluru,UPI
PS006-202608-040,PS006,2026-08-05,debit,EMI,18000,Scheduled loan EMI,Bengaluru,Auto debit
PS007-202512-001,PS007,2025-12-01,credit,Salary,52000,Monthly salary,Pune,NEFT
PS007-202512-002,PS007,2025-12-02,debit,Food,359.22,Swiggy / local groceries,Pune,UPI
PS007-202512-003,PS007,2025-12-05,debit,Food,482.77,Swiggy / local groceries,Pune,UPI
PS007-202512-004,PS007,2025-12-07,debit,Food,355.04,Swiggy / local groceries,Pune,UPI
PS007-202512-005,PS007,2025-12-10,debit,Food,393.33,Swiggy / local groceries,Pune,UPI
PS007-202512-006,PS007,2025-12-13,debit,Food,308.51,Swiggy / local groceries,Pune,UPI
PS007-202512-007,PS007,2025-12-14,debit,Food,359.81,Swiggy / local groceries,Pune,UPI
PS007-202512-008,PS007,2025-12-17,debit,Food,348.84,Swiggy / local groceries,Pune,UPI
PS007-202512-009,PS007,2025-12-19,debit,Food,449.71,Swiggy / local groceries,Pune,UPI
PS007-202512-010,PS007,2025-12-23,debit,Food,445.17,Swiggy / local groceries,Pune,UPI
PS007-202512-011,PS007,2025-12-25,debit,Food,319.56,Swiggy / local groceries,Pune,UPI
PS007-202512-012,PS007,2025-12-28,debit,Food,392.12,Swiggy / local groceries,Pune,UPI
PS007-202512-013,PS007,2025-12-31,debit,Food,293.92,Swiggy / local groceries,Pune,UPI
PS007-202512-014,PS007,2025-12-02,debit,Shopping,633.24,Amazon / local retail,Pune,UPI
PS007-202512-015,PS007,2025-12-11,debit,Shopping,699.17,Amazon / local retail,Pune,UPI
PS007-202512-016,PS007,2025-12-21,debit,Shopping,803.87,Amazon / local retail,Pune,UPI
PS007-202512-017,PS007,2025-12-30,debit,Shopping,1045.72,Amazon / local retail,Pune,UPI
PS007-202512-018,PS007,2025-12-02,debit,Transport,284.16,Metro / fuel,Pune,UPI
PS007-202512-019,PS007,2025-12-06,debit,Transport,208.39,Metro / fuel,Pune,UPI
PS007-202512-020,PS007,2025-12-11,debit,Transport,228.89,Metro / fuel,Pune,UPI
PS007-202512-021,PS007,2025-12-15,debit,Transport,294.36,Metro / fuel,Pune,UPI
PS007-202512-022,PS007,2025-12-19,debit,Transport,281.41,Metro / fuel,Pune,UPI
PS007-202512-023,PS007,2025-12-23,debit,Transport,307.61,Metro / fuel,Pune,UPI
PS007-202512-024,PS007,2025-12-27,debit,Transport,302.65,Metro / fuel,Pune,UPI
PS007-202512-025,PS007,2025-12-31,debit,Transport,214.53,Metro / fuel,Pune,UPI
PS007-202512-026,PS007,2025-12-02,debit,Bills,850.96,Electricity / mobile,Pune,UPI
PS007-202512-027,PS007,2025-12-17,debit,Bills,863.71,Electricity / mobile,Pune,UPI
PS007-202512-028,PS007,2025-12-30,debit,Bills,937.33,Electricity / mobile,Pune,UPI
PS007-202512-029,PS007,2025-12-02,debit,Rent,8221,Monthly rent,Pune,NEFT
PS007-202512-030,PS007,2025-12-02,debit,Education,663,Learning centre,Pune,UPI
PS007-202512-031,PS007,2025-12-02,debit,Healthcare,663,Pharmacy,Pune,UPI
PS007-202512-032,PS007,2025-12-03,debit,Entertainment,464.18,Cinema / streaming,Pune,UPI
PS007-202512-033,PS007,2025-12-16,debit,Entertainment,314.71,Cinema / streaming,Pune,UPI
PS007-202512-034,PS007,2025-12-30,debit,Entertainment,414.11,Cinema / streaming,Pune,UPI
PS007-202512-035,PS007,2025-12-02,debit,Investment,1591,Recurring investment,Pune,UPI
PS007-202512-036,PS007,2025-12-03,debit,UPI Transfer,619.08,Household transfer,Pune,UPI
PS007-202512-037,PS007,2025-12-31,debit,UPI Transfer,573.92,Household transfer,Pune,UPI
PS007-202512-038,PS007,2025-12-03,debit,Other,267.82,Everyday purchase,Pune,UPI
PS007-202512-039,PS007,2025-12-30,debit,Other,262.18,Everyday purchase,Pune,UPI
PS007-202512-040,PS007,2025-12-05,debit,EMI,6000,Scheduled loan EMI,Pune,Auto debit
PS007-202601-001,PS007,2026-01-01,credit,Salary,52000,Monthly salary,Pune,NEFT
PS007-202601-002,PS007,2026-01-02,debit,Food,310.66,Swiggy / local groceries,Pune,UPI
PS007-202601-003,PS007,2026-01-04,debit,Food,390.4,Swiggy / local groceries,Pune,UPI
PS007-202601-004,PS007,2026-01-08,debit,Food,290.25,Swiggy / local groceries,Pune,UPI
PS007-202601-005,PS007,2026-01-09,debit,Food,293.21,Swiggy / local groceries,Pune,UPI
PS007-202601-006,PS007,2026-01-13,debit,Food,277.59,Swiggy / local groceries,Pune,UPI
PS007-202601-007,PS007,2026-01-14,debit,Food,419.49,Swiggy / local groceries,Pune,UPI
PS007-202601-008,PS007,2026-01-17,debit,Food,330.8,Swiggy / local groceries,Pune,UPI
PS007-202601-009,PS007,2026-01-19,debit,Food,413.7,Swiggy / local groceries,Pune,UPI
PS007-202601-010,PS007,2026-01-22,debit,Food,424.49,Swiggy / local groceries,Pune,UPI
PS007-202601-011,PS007,2026-01-24,debit,Food,407.52,Swiggy / local groceries,Pune,UPI
PS007-202601-012,PS007,2026-01-28,debit,Food,418.93,Swiggy / local groceries,Pune,UPI
PS007-202601-013,PS007,2026-01-31,debit,Food,415.96,Swiggy / local groceries,Pune,UPI
PS007-202601-014,PS007,2026-01-03,debit,Shopping,826.9,Amazon / local retail,Pune,UPI
PS007-202601-015,PS007,2026-01-11,debit,Shopping,786.07,Amazon / local retail,Pune,UPI
PS007-202601-016,PS007,2026-01-20,debit,Shopping,675.61,Amazon / local retail,Pune,UPI
PS007-202601-017,PS007,2026-01-31,debit,Shopping,812.42,Amazon / local retail,Pune,UPI
PS007-202601-018,PS007,2026-01-03,debit,Transport,260.64,Metro / fuel,Pune,UPI
PS007-202601-019,PS007,2026-01-06,debit,Transport,292.3,Metro / fuel,Pune,UPI
PS007-202601-020,PS007,2026-01-11,debit,Transport,280.82,Metro / fuel,Pune,UPI
PS007-202601-021,PS007,2026-01-14,debit,Transport,206.96,Metro / fuel,Pune,UPI
PS007-202601-022,PS007,2026-01-18,debit,Transport,260.67,Metro / fuel,Pune,UPI
PS007-202601-023,PS007,2026-01-22,debit,Transport,210.72,Metro / fuel,Pune,UPI
PS007-202601-024,PS007,2026-01-26,debit,Transport,305.21,Metro / fuel,Pune,UPI
PS007-202601-025,PS007,2026-01-31,debit,Transport,250.68,Metro / fuel,Pune,UPI
PS007-202601-026,PS007,2026-01-02,debit,Bills,952.15,Electricity / mobile,Pune,UPI
PS007-202601-027,PS007,2026-01-17,debit,Bills,697.88,Electricity / mobile,Pune,UPI
PS007-202601-028,PS007,2026-01-30,debit,Bills,933.97,Electricity / mobile,Pune,UPI
PS007-202601-029,PS007,2026-01-02,debit,Rent,8012,Monthly rent,Pune,NEFT
PS007-202601-030,PS007,2026-01-02,debit,Education,646,Learning centre,Pune,UPI
PS007-202601-031,PS007,2026-01-03,debit,Healthcare,646,Pharmacy,Pune,UPI
PS007-202601-032,PS007,2026-01-02,debit,Entertainment,427.08,Cinema / streaming,Pune,UPI
PS007-202601-033,PS007,2026-01-16,debit,Entertainment,397.18,Cinema / streaming,Pune,UPI
PS007-202601-034,PS007,2026-01-30,debit,Entertainment,338.74,Cinema / streaming,Pune,UPI
PS007-202601-035,PS007,2026-01-02,debit,Investment,1551,Recurring investment,Pune,UPI
PS007-202601-036,PS007,2026-01-03,debit,UPI Transfer,647.47,Household transfer,Pune,UPI
PS007-202601-037,PS007,2026-01-31,debit,UPI Transfer,515.53,Household transfer,Pune,UPI
PS007-202601-038,PS007,2026-01-02,debit,Other,239.87,Everyday purchase,Pune,UPI
PS007-202601-039,PS007,2026-01-31,debit,Other,277.13,Everyday purchase,Pune,UPI
PS007-202601-040,PS007,2026-01-05,debit,EMI,6000,Scheduled loan EMI,Pune,Auto debit
PS007-202602-001,PS007,2026-02-01,credit,Salary,52000,Monthly salary,Pune,NEFT
PS007-202602-002,PS007,2026-02-02,debit,Food,322.74,Swiggy / local groceries,Pune,UPI
PS007-202602-003,PS007,2026-02-04,debit,Food,346.3,Swiggy / local groceries,Pune,UPI
PS007-202602-004,PS007,2026-02-06,debit,Food,460.02,Swiggy / local groceries,Pune,UPI
PS007-202602-005,PS007,2026-02-08,debit,Food,319.38,Swiggy / local groceries,Pune,UPI
PS007-202602-006,PS007,2026-02-11,debit,Food,300.57,Swiggy / local groceries,Pune,UPI
PS007-202602-007,PS007,2026-02-14,debit,Food,318.59,Swiggy / local groceries,Pune,UPI
PS007-202602-008,PS007,2026-02-16,debit,Food,381.84,Swiggy / local groceries,Pune,UPI
PS007-202602-009,PS007,2026-02-18,debit,Food,265.34,Swiggy / local groceries,Pune,UPI
PS007-202602-010,PS007,2026-02-21,debit,Food,405.19,Swiggy / local groceries,Pune,UPI
PS007-202602-011,PS007,2026-02-22,debit,Food,452.22,Swiggy / local groceries,Pune,UPI
PS007-202602-012,PS007,2026-02-24,debit,Food,298.74,Swiggy / local groceries,Pune,UPI
PS007-202602-013,PS007,2026-02-27,debit,Food,408.07,Swiggy / local groceries,Pune,UPI
PS007-202602-014,PS007,2026-02-03,debit,Shopping,890.35,Amazon / local retail,Pune,UPI
PS007-202602-015,PS007,2026-02-11,debit,Shopping,731.32,Amazon / local retail,Pune,UPI
PS007-202602-016,PS007,2026-02-19,debit,Shopping,684.81,Amazon / local retail,Pune,UPI
PS007-202602-017,PS007,2026-02-27,debit,Shopping,713.52,Amazon / local retail,Pune,UPI
PS007-202602-018,PS007,2026-02-03,debit,Transport,311.01,Metro / fuel,Pune,UPI
PS007-202602-019,PS007,2026-02-05,debit,Transport,273.07,Metro / fuel,Pune,UPI
PS007-202602-020,PS007,2026-02-10,debit,Transport,208.53,Metro / fuel,Pune,UPI
PS007-202602-021,PS007,2026-02-12,debit,Transport,198.42,Metro / fuel,Pune,UPI
PS007-202602-022,PS007,2026-02-16,debit,Transport,287.1,Metro / fuel,Pune,UPI
PS007-202602-023,PS007,2026-02-20,debit,Transport,266.21,Metro / fuel,Pune,UPI
PS007-202602-024,PS007,2026-02-24,debit,Transport,190.32,Metro / fuel,Pune,UPI
PS007-202602-025,PS007,2026-02-27,debit,Transport,278.34,Metro / fuel,Pune,UPI
PS007-202602-026,PS007,2026-02-02,debit,Bills,850.11,Electricity / mobile,Pune,UPI
PS007-202602-027,PS007,2026-02-14,debit,Bills,747.37,Electricity / mobile,Pune,UPI
PS007-202602-028,PS007,2026-02-28,debit,Bills,919.52,Electricity / mobile,Pune,UPI
PS007-202602-029,PS007,2026-02-02,debit,Rent,7802,Monthly rent,Pune,NEFT
PS007-202602-030,PS007,2026-02-03,debit,Education,629,Learning centre,Pune,UPI
PS007-202602-031,PS007,2026-02-03,debit,Healthcare,629,Pharmacy,Pune,UPI
PS007-202602-032,PS007,2026-02-02,debit,Entertainment,425.98,Cinema / streaming,Pune,UPI
PS007-202602-033,PS007,2026-02-14,debit,Entertainment,415.15,Cinema / streaming,Pune,UPI
PS007-202602-034,PS007,2026-02-28,debit,Entertainment,291.87,Cinema / streaming,Pune,UPI
PS007-202602-035,PS007,2026-02-02,debit,Investment,1510,Recurring investment,Pune,UPI
PS007-202602-036,PS007,2026-02-03,debit,UPI Transfer,557.15,Household transfer,Pune,UPI
PS007-202602-037,PS007,2026-02-27,debit,UPI Transfer,575.85,Household transfer,Pune,UPI
PS007-202602-038,PS007,2026-02-02,debit,Other,259.84,Everyday purchase,Pune,UPI
PS007-202602-039,PS007,2026-02-27,debit,Other,243.16,Everyday purchase,Pune,UPI
PS007-202602-040,PS007,2026-02-05,debit,EMI,6000,Scheduled loan EMI,Pune,Auto debit
PS007-202603-001,PS007,2026-03-01,credit,Salary,52000,Monthly salary,Pune,NEFT
PS007-202603-002,PS007,2026-03-02,debit,Food,456.15,Swiggy / local groceries,Pune,UPI
PS007-202603-003,PS007,2026-03-04,debit,Food,389.59,Swiggy / local groceries,Pune,UPI
PS007-202603-004,PS007,2026-03-07,debit,Food,379.83,Swiggy / local groceries,Pune,UPI
PS007-202603-005,PS007,2026-03-09,debit,Food,271.38,Swiggy / local groceries,Pune,UPI
PS007-202603-006,PS007,2026-03-12,debit,Food,413.03,Swiggy / local groceries,Pune,UPI
PS007-202603-007,PS007,2026-03-15,debit,Food,377.63,Swiggy / local groceries,Pune,UPI
PS007-202603-008,PS007,2026-03-17,debit,Food,316.88,Swiggy / local groceries,Pune,UPI
PS007-202603-009,PS007,2026-03-19,debit,Food,381.59,Swiggy / local groceries,Pune,UPI
PS007-202603-010,PS007,2026-03-23,debit,Food,371.68,Swiggy / local groceries,Pune,UPI
PS007-202603-011,PS007,2026-03-25,debit,Food,258.59,Swiggy / local groceries,Pune,UPI
PS007-202603-012,PS007,2026-03-27,debit,Food,252.79,Swiggy / local groceries,Pune,UPI
PS007-202603-013,PS007,2026-03-30,debit,Food,294.86,Swiggy / local groceries,Pune,UPI
PS007-202603-014,PS007,2026-03-02,debit,Shopping,965.4,Amazon / local retail,Pune,UPI
PS007-202603-015,PS007,2026-03-11,debit,Shopping,716.21,Amazon / local retail,Pune,UPI
PS007-202603-016,PS007,2026-03-20,debit,Shopping,635.98,Amazon / local retail,Pune,UPI
PS007-202603-017,PS007,2026-03-30,debit,Shopping,621.41,Amazon / local retail,Pune,UPI
PS007-202603-018,PS007,2026-03-03,debit,Transport,205.33,Metro / fuel,Pune,UPI
PS007-202603-019,PS007,2026-03-07,debit,Transport,206.45,Metro / fuel,Pune,UPI
PS007-202603-020,PS007,2026-03-10,debit,Transport,272.07,Metro / fuel,Pune,UPI
PS007-202603-021,PS007,2026-03-14,debit,Transport,179.28,Metro / fuel,Pune,UPI
PS007-202603-022,PS007,2026-03-18,debit,Transport,298.82,Metro / fuel,Pune,UPI
PS007-202603-023,PS007,2026-03-23,debit,Transport,264.17,Metro / fuel,Pune,UPI
PS007-202603-024,PS007,2026-03-27,debit,Transport,295.77,Metro / fuel,Pune,UPI
PS007-202603-025,PS007,2026-03-30,debit,Transport,237.11,Metro / fuel,Pune,UPI
PS007-202603-026,PS007,2026-03-02,debit,Bills,629.54,Electricity / mobile,Pune,UPI
PS007-202603-027,PS007,2026-03-17,debit,Bills,773.29,Electricity / mobile,Pune,UPI
PS007-202603-028,PS007,2026-03-30,debit,Bills,1046.17,Electricity / mobile,Pune,UPI
PS007-202603-029,PS007,2026-03-02,debit,Rent,7593,Monthly rent,Pune,NEFT
PS007-202603-030,PS007,2026-03-03,debit,Education,612,Learning centre,Pune,UPI
PS007-202603-031,PS007,2026-03-02,debit,Healthcare,612,Pharmacy,Pune,UPI
PS007-202603-032,PS007,2026-03-02,debit,Entertainment,273.11,Cinema / streaming,Pune,UPI
PS007-202603-033,PS007,2026-03-17,debit,Entertainment,452.52,Cinema / streaming,Pune,UPI
PS007-202603-034,PS007,2026-03-31,debit,Entertainment,376.37,Cinema / streaming,Pune,UPI
PS007-202603-035,PS007,2026-03-02,debit,Investment,1470,Recurring investment,Pune,UPI
PS007-202603-036,PS007,2026-03-03,debit,UPI Transfer,485.15,Household transfer,Pune,UPI
PS007-202603-037,PS007,2026-03-31,debit,UPI Transfer,616.85,Household transfer,Pune,UPI
PS007-202603-038,PS007,2026-03-03,debit,Other,195.31,Everyday purchase,Pune,UPI
PS007-202603-039,PS007,2026-03-31,debit,Other,294.69,Everyday purchase,Pune,UPI
PS007-202603-040,PS007,2026-03-05,debit,EMI,6000,Scheduled loan EMI,Pune,Auto debit
PS007-202604-001,PS007,2026-04-01,credit,Salary,52000,Monthly salary,Pune,NEFT
PS007-202604-002,PS007,2026-04-02,debit,Food,393.07,Swiggy / local groceries,Pune,UPI
PS007-202604-003,PS007,2026-04-04,debit,Food,232.9,Swiggy / local groceries,Pune,UPI
PS007-202604-004,PS007,2026-04-06,debit,Food,286.32,Swiggy / local groceries,Pune,UPI
PS007-202604-005,PS007,2026-04-10,debit,Food,416.05,Swiggy / local groceries,Pune,UPI
PS007-202604-006,PS007,2026-04-12,debit,Food,274.51,Swiggy / local groceries,Pune,UPI
PS007-202604-007,PS007,2026-04-15,debit,Food,336.03,Swiggy / local groceries,Pune,UPI
PS007-202604-008,PS007,2026-04-16,debit,Food,340.33,Swiggy / local groceries,Pune,UPI
PS007-202604-009,PS007,2026-04-20,debit,Food,374.24,Swiggy / local groceries,Pune,UPI
PS007-202604-010,PS007,2026-04-22,debit,Food,355.66,Swiggy / local groceries,Pune,UPI
PS007-202604-011,PS007,2026-04-24,debit,Food,376.27,Swiggy / local groceries,Pune,UPI
PS007-202604-012,PS007,2026-04-27,debit,Food,357.7,Swiggy / local groceries,Pune,UPI
PS007-202604-013,PS007,2026-04-29,debit,Food,305.92,Swiggy / local groceries,Pune,UPI
PS007-202604-014,PS007,2026-04-03,debit,Shopping,800.21,Amazon / local retail,Pune,UPI
PS007-202604-015,PS007,2026-04-11,debit,Shopping,581.02,Amazon / local retail,Pune,UPI
PS007-202604-016,PS007,2026-04-21,debit,Shopping,635.76,Amazon / local retail,Pune,UPI
PS007-202604-017,PS007,2026-04-29,debit,Shopping,841.01,Amazon / local retail,Pune,UPI
PS007-202604-018,PS007,2026-04-02,debit,Transport,271.72,Metro / fuel,Pune,UPI
PS007-202604-019,PS007,2026-04-06,debit,Transport,220.35,Metro / fuel,Pune,UPI
PS007-202604-020,PS007,2026-04-10,debit,Transport,215.64,Metro / fuel,Pune,UPI
PS007-202604-021,PS007,2026-04-14,debit,Transport,199.4,Metro / fuel,Pune,UPI
PS007-202604-022,PS007,2026-04-17,debit,Transport,209.8,Metro / fuel,Pune,UPI
PS007-202604-023,PS007,2026-04-21,debit,Transport,300.52,Metro / fuel,Pune,UPI
PS007-202604-024,PS007,2026-04-26,debit,Transport,281.23,Metro / fuel,Pune,UPI
PS007-202604-025,PS007,2026-04-29,debit,Transport,206.34,Metro / fuel,Pune,UPI
PS007-202604-026,PS007,2026-04-02,debit,Bills,706.72,Electricity / mobile,Pune,UPI
PS007-202604-027,PS007,2026-04-15,debit,Bills,864.86,Electricity / mobile,Pune,UPI
PS007-202604-028,PS007,2026-04-29,debit,Bills,810.42,Electricity / mobile,Pune,UPI
PS007-202604-029,PS007,2026-04-02,debit,Rent,7383,Monthly rent,Pune,NEFT
PS007-202604-030,PS007,2026-04-03,debit,Education,595,Learning centre,Pune,UPI
PS007-202604-031,PS007,2026-04-03,debit,Healthcare,595,Pharmacy,Pune,UPI
PS007-202604-032,PS007,2026-04-02,debit,Entertainment,394.23,Cinema / streaming,Pune,UPI
PS007-202604-033,PS007,2026-04-16,debit,Entertainment,260.56,Cinema / streaming,Pune,UPI
PS007-202604-034,PS007,2026-04-30,debit,Entertainment,417.21,Cinema / streaming,Pune,UPI
PS007-202604-035,PS007,2026-04-03,debit,Investment,1429,Recurring investment,Pune,UPI
PS007-202604-036,PS007,2026-04-03,debit,UPI Transfer,524.68,Household transfer,Pune,UPI
PS007-202604-037,PS007,2026-04-30,debit,UPI Transfer,547.32,Household transfer,Pune,UPI
PS007-202604-038,PS007,2026-04-02,debit,Other,246.87,Everyday purchase,Pune,UPI
PS007-202604-039,PS007,2026-04-29,debit,Other,229.13,Everyday purchase,Pune,UPI
PS007-202604-040,PS007,2026-04-05,debit,EMI,6000,Scheduled loan EMI,Pune,Auto debit
PS007-202605-001,PS007,2026-05-01,credit,Salary,52000,Monthly salary,Pune,NEFT
PS007-202605-002,PS007,2026-05-02,debit,Food,295.6,Swiggy / local groceries,Pune,UPI
PS007-202605-003,PS007,2026-05-05,debit,Food,282.53,Swiggy / local groceries,Pune,UPI
PS007-202605-004,PS007,2026-05-08,debit,Food,405.4,Swiggy / local groceries,Pune,UPI
PS007-202605-005,PS007,2026-05-10,debit,Food,334.61,Swiggy / local groceries,Pune,UPI
PS007-202605-006,PS007,2026-05-13,debit,Food,367.94,Swiggy / local groceries,Pune,UPI
PS007-202605-007,PS007,2026-05-15,debit,Food,414.22,Swiggy / local groceries,Pune,UPI
PS007-202605-008,PS007,2026-05-18,debit,Food,224.51,Swiggy / local groceries,Pune,UPI
PS007-202605-009,PS007,2026-05-19,debit,Food,290.71,Swiggy / local groceries,Pune,UPI
PS007-202605-010,PS007,2026-05-23,debit,Food,323.67,Swiggy / local groceries,Pune,UPI
PS007-202605-011,PS007,2026-05-24,debit,Food,332.05,Swiggy / local groceries,Pune,UPI
PS007-202605-012,PS007,2026-05-27,debit,Food,365.61,Swiggy / local groceries,Pune,UPI
PS007-202605-013,PS007,2026-05-31,debit,Food,297.15,Swiggy / local groceries,Pune,UPI
PS007-202605-014,PS007,2026-05-03,debit,Shopping,630.08,Amazon / local retail,Pune,UPI
PS007-202605-015,PS007,2026-05-12,debit,Shopping,674.99,Amazon / local retail,Pune,UPI
PS007-202605-016,PS007,2026-05-20,debit,Shopping,696.13,Amazon / local retail,Pune,UPI
PS007-202605-017,PS007,2026-05-30,debit,Shopping,775.8,Amazon / local retail,Pune,UPI
PS007-202605-018,PS007,2026-05-02,debit,Transport,178.92,Metro / fuel,Pune,UPI
PS007-202605-019,PS007,2026-05-06,debit,Transport,243.63,Metro / fuel,Pune,UPI
PS007-202605-020,PS007,2026-05-10,debit,Transport,253.64,Metro / fuel,Pune,UPI
PS007-202605-021,PS007,2026-05-14,debit,Transport,189.94,Metro / fuel,Pune,UPI
PS007-202605-022,PS007,2026-05-18,debit,Transport,247.47,Metro / fuel,Pune,UPI
PS007-202605-023,PS007,2026-05-23,debit,Transport,268.98,Metro / fuel,Pune,UPI
PS007-202605-024,PS007,2026-05-26,debit,Transport,267.74,Metro / fuel,Pune,UPI
PS007-202605-025,PS007,2026-05-31,debit,Transport,200.68,Metro / fuel,Pune,UPI
PS007-202605-026,PS007,2026-05-02,debit,Bills,714.84,Electricity / mobile,Pune,UPI
PS007-202605-027,PS007,2026-05-16,debit,Bills,757.57,Electricity / mobile,Pune,UPI
PS007-202605-028,PS007,2026-05-30,debit,Bills,841.59,Electricity / mobile,Pune,UPI
PS007-202605-029,PS007,2026-05-03,debit,Rent,7173,Monthly rent,Pune,NEFT
PS007-202605-030,PS007,2026-05-03,debit,Education,578,Learning centre,Pune,UPI
PS007-202605-031,PS007,2026-05-03,debit,Healthcare,578,Pharmacy,Pune,UPI
PS007-202605-032,PS007,2026-05-02,debit,Entertainment,348.87,Cinema / streaming,Pune,UPI
PS007-202605-033,PS007,2026-05-16,debit,Entertainment,281.63,Cinema / streaming,Pune,UPI
PS007-202605-034,PS007,2026-05-30,debit,Entertainment,410.5,Cinema / streaming,Pune,UPI
PS007-202605-035,PS007,2026-05-02,debit,Investment,1388,Recurring investment,Pune,UPI
PS007-202605-036,PS007,2026-05-03,debit,UPI Transfer,558.57,Household transfer,Pune,UPI
PS007-202605-037,PS007,2026-05-30,debit,UPI Transfer,482.43,Household transfer,Pune,UPI
PS007-202605-038,PS007,2026-05-03,debit,Other,260.51,Everyday purchase,Pune,UPI
PS007-202605-039,PS007,2026-05-30,debit,Other,202.49,Everyday purchase,Pune,UPI
PS007-202605-040,PS007,2026-05-05,debit,EMI,6000,Scheduled loan EMI,Pune,Auto debit
PS007-202606-001,PS007,2026-06-01,credit,Salary,52000,Monthly salary,Pune,NEFT
PS007-202606-002,PS007,2026-06-02,debit,Food,232.77,Swiggy / local groceries,Pune,UPI
PS007-202606-003,PS007,2026-06-04,debit,Food,305.78,Swiggy / local groceries,Pune,UPI
PS007-202606-004,PS007,2026-06-07,debit,Food,359.46,Swiggy / local groceries,Pune,UPI
PS007-202606-005,PS007,2026-06-10,debit,Food,355.94,Swiggy / local groceries,Pune,UPI
PS007-202606-006,PS007,2026-06-12,debit,Food,331.26,Swiggy / local groceries,Pune,UPI
PS007-202606-007,PS007,2026-06-15,debit,Food,367.32,Swiggy / local groceries,Pune,UPI
PS007-202606-008,PS007,2026-06-17,debit,Food,280.13,Swiggy / local groceries,Pune,UPI
PS007-202606-009,PS007,2026-06-20,debit,Food,348.95,Swiggy / local groceries,Pune,UPI
PS007-202606-010,PS007,2026-06-21,debit,Food,232.91,Swiggy / local groceries,Pune,UPI
PS007-202606-011,PS007,2026-06-24,debit,Food,347.73,Swiggy / local groceries,Pune,UPI
PS007-202606-012,PS007,2026-06-27,debit,Food,363.79,Swiggy / local groceries,Pune,UPI
PS007-202606-013,PS007,2026-06-29,debit,Food,292.96,Swiggy / local groceries,Pune,UPI
PS007-202606-014,PS007,2026-06-03,debit,Shopping,530.28,Amazon / local retail,Pune,UPI
PS007-202606-015,PS007,2026-06-12,debit,Shopping,663.16,Amazon / local retail,Pune,UPI
PS007-202606-016,PS007,2026-06-21,debit,Shopping,708.4,Amazon / local retail,Pune,UPI
PS007-202606-017,PS007,2026-06-29,debit,Shopping,794.16,Amazon / local retail,Pune,UPI
PS007-202606-018,PS007,2026-06-02,debit,Transport,273.36,Metro / fuel,Pune,UPI
PS007-202606-019,PS007,2026-06-05,debit,Transport,199.24,Metro / fuel,Pune,UPI
PS007-202606-020,PS007,2026-06-10,debit,Transport,243.42,Metro / fuel,Pune,UPI
PS007-202606-021,PS007,2026-06-14,debit,Transport,233.31,Metro / fuel,Pune,UPI
PS007-202606-022,PS007,2026-06-18,debit,Transport,177.11,Metro / fuel,Pune,UPI
PS007-202606-023,PS007,2026-06-22,debit,Transport,207.37,Metro / fuel,Pune,UPI
PS007-202606-024,PS007,2026-06-26,debit,Transport,198.26,Metro / fuel,Pune,UPI
PS007-202606-025,PS007,2026-06-30,debit,Transport,264.93,Metro / fuel,Pune,UPI
PS007-202606-026,PS007,2026-06-03,debit,Bills,847.32,Electricity / mobile,Pune,UPI
PS007-202606-027,PS007,2026-06-16,debit,Bills,762.76,Electricity / mobile,Pune,UPI
PS007-202606-028,PS007,2026-06-30,debit,Bills,635.92,Electricity / mobile,Pune,UPI
PS007-202606-029,PS007,2026-06-02,debit,Rent,6964,Monthly rent,Pune,NEFT
PS007-202606-030,PS007,2026-06-03,debit,Education,562,Learning centre,Pune,UPI
PS007-202606-031,PS007,2026-06-02,debit,Healthcare,562,Pharmacy,Pune,UPI
PS007-202606-032,PS007,2026-06-03,debit,Entertainment,355.17,Cinema / streaming,Pune,UPI
PS007-202606-033,PS007,2026-06-16,debit,Entertainment,290.78,Cinema / streaming,Pune,UPI
PS007-202606-034,PS007,2026-06-29,debit,Entertainment,365.05,Cinema / streaming,Pune,UPI
PS007-202606-035,PS007,2026-06-03,debit,Investment,1348,Recurring investment,Pune,UPI
PS007-202606-036,PS007,2026-06-02,debit,UPI Transfer,535.48,Household transfer,Pune,UPI
PS007-202606-037,PS007,2026-06-30,debit,UPI Transfer,475.52,Household transfer,Pune,UPI
PS007-202606-038,PS007,2026-06-02,debit,Other,181.92,Everyday purchase,Pune,UPI
PS007-202606-039,PS007,2026-06-29,debit,Other,267.08,Everyday purchase,Pune,UPI
PS007-202606-040,PS007,2026-06-05,debit,EMI,6000,Scheduled loan EMI,Pune,Auto debit
PS007-202607-001,PS007,2026-07-01,credit,Salary,52000,Monthly salary,Pune,NEFT
PS007-202607-002,PS007,2026-07-03,debit,Food,238.35,Swiggy / local groceries,Pune,UPI
PS007-202607-003,PS007,2026-07-05,debit,Food,290.7,Swiggy / local groceries,Pune,UPI
PS007-202607-004,PS007,2026-07-07,debit,Food,323.27,Swiggy / local groceries,Pune,UPI
PS007-202607-005,PS007,2026-07-09,debit,Food,366.24,Swiggy / local groceries,Pune,UPI
PS007-202607-006,PS007,2026-07-12,debit,Food,303.05,Swiggy / local groceries,Pune,UPI
PS007-202607-007,PS007,2026-07-14,debit,Food,268.15,Swiggy / local groceries,Pune,UPI
PS007-202607-008,PS007,2026-07-17,debit,Food,333.84,Swiggy / local groceries,Pune,UPI
PS007-202607-009,PS007,2026-07-20,debit,Food,202.25,Swiggy / local groceries,Pune,UPI
PS007-202607-010,PS007,2026-07-22,debit,Food,371.57,Swiggy / local groceries,Pune,UPI
PS007-202607-011,PS007,2026-07-24,debit,Food,371.58,Swiggy / local groceries,Pune,UPI
PS007-202607-012,PS007,2026-07-28,debit,Food,287.8,Swiggy / local groceries,Pune,UPI
PS007-202607-013,PS007,2026-07-30,debit,Food,347.2,Swiggy / local groceries,Pune,UPI
PS007-202607-014,PS007,2026-07-03,debit,Shopping,810.44,Amazon / local retail,Pune,UPI
PS007-202607-015,PS007,2026-07-11,debit,Shopping,638.47,Amazon / local retail,Pune,UPI
PS007-202607-016,PS007,2026-07-20,debit,Shopping,483.8,Amazon / local retail,Pune,UPI
PS007-202607-017,PS007,2026-07-30,debit,Shopping,682.29,Amazon / local retail,Pune,UPI
PS007-202607-018,PS007,2026-07-03,debit,Transport,207.85,Metro / fuel,Pune,UPI
PS007-202607-019,PS007,2026-07-06,debit,Transport,247.15,Metro / fuel,Pune,UPI
PS007-202607-020,PS007,2026-07-11,debit,Transport,244.25,Metro / fuel,Pune,UPI
PS007-202607-021,PS007,2026-07-15,debit,Transport,196.44,Metro / fuel,Pune,UPI
PS007-202607-022,PS007,2026-07-19,debit,Transport,208.09,Metro / fuel,Pune,UPI
PS007-202607-023,PS007,2026-07-22,debit,Transport,242.17,Metro / fuel,Pune,UPI
PS007-202607-024,PS007,2026-07-27,debit,Transport,230.26,Metro / fuel,Pune,UPI
PS007-202607-025,PS007,2026-07-31,debit,Transport,166.79,Metro / fuel,Pune,UPI
PS007-202607-026,PS007,2026-07-03,debit,Bills,785.59,Electricity / mobile,Pune,UPI
PS007-202607-027,PS007,2026-07-16,debit,Bills,695.77,Electricity / mobile,Pune,UPI
PS007-202607-028,PS007,2026-07-31,debit,Bills,697.64,Electricity / mobile,Pune,UPI
PS007-202607-029,PS007,2026-07-02,debit,Rent,6754,Monthly rent,Pune,NEFT
PS007-202607-030,PS007,2026-07-03,debit,Education,545,Learning centre,Pune,UPI
PS007-202607-031,PS007,2026-07-02,debit,Healthcare,545,Pharmacy,Pune,UPI
PS007-202607-032,PS007,2026-07-03,debit,Entertainment,275.07,Cinema / streaming,Pune,UPI
PS007-202607-033,PS007,2026-07-17,debit,Entertainment,344.9,Cinema / streaming,Pune,UPI
PS007-202607-034,PS007,2026-07-30,debit,Entertainment,360.03,Cinema / streaming,Pune,UPI
PS007-202607-035,PS007,2026-07-02,debit,Investment,1307,Recurring investment,Pune,UPI
PS007-202607-036,PS007,2026-07-03,debit,UPI Transfer,584.15,Household transfer,Pune,UPI
PS007-202607-037,PS007,2026-07-30,debit,UPI Transfer,395.85,Household transfer,Pune,UPI
PS007-202607-038,PS007,2026-07-03,debit,Other,199.14,Everyday purchase,Pune,UPI
PS007-202607-039,PS007,2026-07-31,debit,Other,236.86,Everyday purchase,Pune,UPI
PS007-202607-040,PS007,2026-07-05,debit,EMI,6000,Scheduled loan EMI,Pune,Auto debit
PS007-202608-001,PS007,2026-08-01,credit,Salary,52000,Monthly salary,Pune,NEFT
PS007-202608-002,PS007,2026-08-02,debit,Food,357.82,Swiggy / local groceries,Pune,UPI
PS007-202608-003,PS007,2026-08-04,debit,Food,235.15,Swiggy / local groceries,Pune,UPI
PS007-202608-004,PS007,2026-08-07,debit,Food,309.92,Swiggy / local groceries,Pune,UPI
PS007-202608-005,PS007,2026-08-09,debit,Food,350.98,Swiggy / local groceries,Pune,UPI
PS007-202608-006,PS007,2026-08-13,debit,Food,245.55,Swiggy / local groceries,Pune,UPI
PS007-202608-007,PS007,2026-08-14,debit,Food,310.22,Swiggy / local groceries,Pune,UPI
PS007-202608-008,PS007,2026-08-17,debit,Food,365.74,Swiggy / local groceries,Pune,UPI
PS007-202608-009,PS007,2026-08-19,debit,Food,296.05,Swiggy / local groceries,Pune,UPI
PS007-202608-010,PS007,2026-08-22,debit,Food,205.76,Swiggy / local groceries,Pune,UPI
PS007-202608-011,PS007,2026-08-24,debit,Food,326.16,Swiggy / local groceries,Pune,UPI
PS007-202608-012,PS007,2026-08-27,debit,Food,322.78,Swiggy / local groceries,Pune,UPI
PS007-202608-013,PS007,2026-08-31,debit,Food,262.87,Swiggy / local groceries,Pune,UPI
PS007-202608-014,PS007,2026-08-02,debit,Shopping,623.93,Amazon / local retail,Pune,UPI
PS007-202608-015,PS007,2026-08-11,debit,Shopping,526.78,Amazon / local retail,Pune,UPI
PS007-202608-016,PS007,2026-08-21,debit,Shopping,584.64,Amazon / local retail,Pune,UPI
PS007-202608-017,PS007,2026-08-31,debit,Shopping,797.65,Amazon / local retail,Pune,UPI
PS007-202608-018,PS007,2026-08-02,debit,Transport,206.09,Metro / fuel,Pune,UPI
PS007-202608-019,PS007,2026-08-07,debit,Transport,212.64,Metro / fuel,Pune,UPI
PS007-202608-020,PS007,2026-08-10,debit,Transport,281.97,Metro / fuel,Pune,UPI
PS007-202608-021,PS007,2026-08-14,debit,Transport,212.83,Metro / fuel,Pune,UPI
PS007-202608-022,PS007,2026-08-19,debit,Transport,184.06,Metro / fuel,Pune,UPI
PS007-202608-023,PS007,2026-08-22,debit,Transport,233.65,Metro / fuel,Pune,UPI
PS007-202608-024,PS007,2026-08-26,debit,Transport,191.6,Metro / fuel,Pune,UPI
PS007-202608-025,PS007,2026-08-30,debit,Transport,166.16,Metro / fuel,Pune,UPI
PS007-202608-026,PS007,2026-08-03,debit,Bills,725.03,Electricity / mobile,Pune,UPI
PS007-202608-027,PS007,2026-08-16,debit,Bills,868.6,Electricity / mobile,Pune,UPI
PS007-202608-028,PS007,2026-08-30,debit,Bills,517.37,Electricity / mobile,Pune,UPI
PS007-202608-029,PS007,2026-08-03,debit,Rent,6545,Monthly rent,Pune,NEFT
PS007-202608-030,PS007,2026-08-02,debit,Education,528,Learning centre,Pune,UPI
PS007-202608-031,PS007,2026-08-02,debit,Healthcare,528,Pharmacy,Pune,UPI
PS007-202608-032,PS007,2026-08-03,debit,Entertainment,343.51,Cinema / streaming,Pune,UPI
PS007-202608-033,PS007,2026-08-16,debit,Entertainment,241.84,Cinema / streaming,Pune,UPI
PS007-202608-034,PS007,2026-08-30,debit,Entertainment,364.65,Cinema / streaming,Pune,UPI
PS007-202608-035,PS007,2026-08-03,debit,Investment,1267,Recurring investment,Pune,UPI
PS007-202608-036,PS007,2026-08-03,debit,UPI Transfer,501.94,Household transfer,Pune,UPI
PS007-202608-037,PS007,2026-08-30,debit,UPI Transfer,448.06,Household transfer,Pune,UPI
PS007-202608-038,PS007,2026-08-02,debit,Other,240.64,Everyday purchase,Pune,UPI
PS007-202608-039,PS007,2026-08-30,debit,Other,181.36,Everyday purchase,Pune,UPI
PS007-202608-040,PS007,2026-08-05,debit,EMI,6000,Scheduled loan EMI,Pune,Auto debit
PS008-202512-001,PS008,2025-12-01,credit,Salary,62000,Monthly salary,Ahmedabad,NEFT
PS008-202512-002,PS008,2025-12-03,debit,Food,333.16,Swiggy / local groceries,Ahmedabad,UPI
PS008-202512-003,PS008,2025-12-04,debit,Food,408.86,Swiggy / local groceries,Ahmedabad,UPI
PS008-202512-004,PS008,2025-12-07,debit,Food,528.48,Swiggy / local groceries,Ahmedabad,UPI
PS008-202512-005,PS008,2025-12-09,debit,Food,325.79,Swiggy / local groceries,Ahmedabad,UPI
PS008-202512-006,PS008,2025-12-13,debit,Food,344.23,Swiggy / local groceries,Ahmedabad,UPI
PS008-202512-007,PS008,2025-12-15,debit,Food,395.68,Swiggy / local groceries,Ahmedabad,UPI
PS008-202512-008,PS008,2025-12-18,debit,Food,364.02,Swiggy / local groceries,Ahmedabad,UPI
PS008-202512-009,PS008,2025-12-19,debit,Food,314.77,Swiggy / local groceries,Ahmedabad,UPI
PS008-202512-010,PS008,2025-12-23,debit,Food,406.46,Swiggy / local groceries,Ahmedabad,UPI
PS008-202512-011,PS008,2025-12-24,debit,Food,364.85,Swiggy / local groceries,Ahmedabad,UPI
PS008-202512-012,PS008,2025-12-28,debit,Food,528.91,Swiggy / local groceries,Ahmedabad,UPI
PS008-202512-013,PS008,2025-12-30,debit,Food,322.79,Swiggy / local groceries,Ahmedabad,UPI
PS008-202512-014,PS008,2025-12-02,debit,Shopping,835.57,Amazon / local retail,Ahmedabad,UPI
PS008-202512-015,PS008,2025-12-12,debit,Shopping,690.52,Amazon / local retail,Ahmedabad,UPI
PS008-202512-016,PS008,2025-12-20,debit,Shopping,1114.83,Amazon / local retail,Ahmedabad,UPI
PS008-202512-017,PS008,2025-12-30,debit,Shopping,633.08,Amazon / local retail,Ahmedabad,UPI
PS008-202512-018,PS008,2025-12-02,debit,Transport,213.34,Metro / fuel,Ahmedabad,UPI
PS008-202512-019,PS008,2025-12-07,debit,Transport,297.29,Metro / fuel,Ahmedabad,UPI
PS008-202512-020,PS008,2025-12-11,debit,Transport,315.43,Metro / fuel,Ahmedabad,UPI
PS008-202512-021,PS008,2025-12-14,debit,Transport,318.36,Metro / fuel,Ahmedabad,UPI
PS008-202512-022,PS008,2025-12-19,debit,Transport,229.05,Metro / fuel,Ahmedabad,UPI
PS008-202512-023,PS008,2025-12-22,debit,Transport,234.71,Metro / fuel,Ahmedabad,UPI
PS008-202512-024,PS008,2025-12-27,debit,Transport,270.11,Metro / fuel,Ahmedabad,UPI
PS008-202512-025,PS008,2025-12-30,debit,Transport,303.71,Metro / fuel,Ahmedabad,UPI
PS008-202512-026,PS008,2025-12-02,debit,Bills,848.33,Electricity / mobile,Ahmedabad,UPI
PS008-202512-027,PS008,2025-12-16,debit,Bills,923.67,Electricity / mobile,Ahmedabad,UPI
PS008-202512-028,PS008,2025-12-30,debit,Bills,956.0,Electricity / mobile,Ahmedabad,UPI
PS008-202512-029,PS008,2025-12-03,debit,Rent,8457,Monthly rent,Ahmedabad,NEFT
PS008-202512-030,PS008,2025-12-03,debit,Education,682,Learning centre,Ahmedabad,UPI
PS008-202512-031,PS008,2025-12-02,debit,Healthcare,682,Pharmacy,Ahmedabad,UPI
PS008-202512-032,PS008,2025-12-02,debit,Entertainment,419.83,Cinema / streaming,Ahmedabad,UPI
PS008-202512-033,PS008,2025-12-17,debit,Entertainment,378.75,Cinema / streaming,Ahmedabad,UPI
PS008-202512-034,PS008,2025-12-30,debit,Entertainment,429.42,Cinema / streaming,Ahmedabad,UPI
PS008-202512-035,PS008,2025-12-02,debit,Investment,1637,Recurring investment,Ahmedabad,UPI
PS008-202512-036,PS008,2025-12-02,debit,UPI Transfer,676.74,Household transfer,Ahmedabad,UPI
PS008-202512-037,PS008,2025-12-31,debit,UPI Transfer,551.26,Household transfer,Ahmedabad,UPI
PS008-202512-038,PS008,2025-12-02,debit,Other,297.96,Everyday purchase,Ahmedabad,UPI
PS008-202512-039,PS008,2025-12-30,debit,Other,248.04,Everyday purchase,Ahmedabad,UPI
PS008-202512-040,PS008,2025-12-05,debit,EMI,21000,Scheduled loan EMI,Ahmedabad,Auto debit
PS008-202601-001,PS008,2026-01-01,credit,Salary,62000,Monthly salary,Ahmedabad,NEFT
PS008-202601-002,PS008,2026-01-02,debit,Food,409.86,Swiggy / local groceries,Ahmedabad,UPI
PS008-202601-003,PS008,2026-01-05,debit,Food,468.11,Swiggy / local groceries,Ahmedabad,UPI
PS008-202601-004,PS008,2026-01-08,debit,Food,338.61,Swiggy / local groceries,Ahmedabad,UPI
PS008-202601-005,PS008,2026-01-09,debit,Food,476.44,Swiggy / local groceries,Ahmedabad,UPI
PS008-202601-006,PS008,2026-01-13,debit,Food,398.77,Swiggy / local groceries,Ahmedabad,UPI
PS008-202601-007,PS008,2026-01-14,debit,Food,382.63,Swiggy / local groceries,Ahmedabad,UPI
PS008-202601-008,PS008,2026-01-18,debit,Food,297.88,Swiggy / local groceries,Ahmedabad,UPI
PS008-202601-009,PS008,2026-01-20,debit,Food,414.11,Swiggy / local groceries,Ahmedabad,UPI
PS008-202601-010,PS008,2026-01-23,debit,Food,315.56,Swiggy / local groceries,Ahmedabad,UPI
PS008-202601-011,PS008,2026-01-24,debit,Food,495.34,Swiggy / local groceries,Ahmedabad,UPI
PS008-202601-012,PS008,2026-01-27,debit,Food,365.23,Swiggy / local groceries,Ahmedabad,UPI
PS008-202601-013,PS008,2026-01-31,debit,Food,464.46,Swiggy / local groceries,Ahmedabad,UPI
PS008-202601-014,PS008,2026-01-02,debit,Shopping,751.31,Amazon / local retail,Ahmedabad,UPI
PS008-202601-015,PS008,2026-01-12,debit,Shopping,688.19,Amazon / local retail,Ahmedabad,UPI
PS008-202601-016,PS008,2026-01-20,debit,Shopping,1061.59,Amazon / local retail,Ahmedabad,UPI
PS008-202601-017,PS008,2026-01-30,debit,Shopping,906.91,Amazon / local retail,Ahmedabad,UPI
PS008-202601-018,PS008,2026-01-02,debit,Transport,257.81,Metro / fuel,Ahmedabad,UPI
PS008-202601-019,PS008,2026-01-06,debit,Transport,298.43,Metro / fuel,Ahmedabad,UPI
PS008-202601-020,PS008,2026-01-11,debit,Transport,315.56,Metro / fuel,Ahmedabad,UPI
PS008-202601-021,PS008,2026-01-14,debit,Transport,309.77,Metro / fuel,Ahmedabad,UPI
PS008-202601-022,PS008,2026-01-18,debit,Transport,205.6,Metro / fuel,Ahmedabad,UPI
PS008-202601-023,PS008,2026-01-23,debit,Transport,262.98,Metro / fuel,Ahmedabad,UPI
PS008-202601-024,PS008,2026-01-26,debit,Transport,351.93,Metro / fuel,Ahmedabad,UPI
PS008-202601-025,PS008,2026-01-31,debit,Transport,269.92,Metro / fuel,Ahmedabad,UPI
PS008-202601-026,PS008,2026-01-02,debit,Bills,1221.78,Electricity / mobile,Ahmedabad,UPI
PS008-202601-027,PS008,2026-01-17,debit,Bills,882.35,Electricity / mobile,Ahmedabad,UPI
PS008-202601-028,PS008,2026-01-31,debit,Bills,735.87,Electricity / mobile,Ahmedabad,UPI
PS008-202601-029,PS008,2026-01-03,debit,Rent,8803,Monthly rent,Ahmedabad,NEFT
PS008-202601-030,PS008,2026-01-02,debit,Education,710,Learning centre,Ahmedabad,UPI
PS008-202601-031,PS008,2026-01-02,debit,Healthcare,710,Pharmacy,Ahmedabad,UPI
PS008-202601-032,PS008,2026-01-03,debit,Entertainment,418.82,Cinema / streaming,Ahmedabad,UPI
PS008-202601-033,PS008,2026-01-16,debit,Entertainment,509.67,Cinema / streaming,Ahmedabad,UPI
PS008-202601-034,PS008,2026-01-30,debit,Entertainment,349.51,Cinema / streaming,Ahmedabad,UPI
PS008-202601-035,PS008,2026-01-03,debit,Investment,1704,Recurring investment,Ahmedabad,UPI
PS008-202601-036,PS008,2026-01-02,debit,UPI Transfer,586.21,Household transfer,Ahmedabad,UPI
PS008-202601-037,PS008,2026-01-30,debit,UPI Transfer,691.79,Household transfer,Ahmedabad,UPI
PS008-202601-038,PS008,2026-01-02,debit,Other,339.05,Everyday purchase,Ahmedabad,UPI
PS008-202601-039,PS008,2026-01-31,debit,Other,228.95,Everyday purchase,Ahmedabad,UPI
PS008-202601-040,PS008,2026-01-05,debit,EMI,21000,Scheduled loan EMI,Ahmedabad,Auto debit
PS008-202602-001,PS008,2026-02-01,credit,Salary,62000,Monthly salary,Ahmedabad,NEFT
PS008-202602-002,PS008,2026-02-02,debit,Food,311.28,Swiggy / local groceries,Ahmedabad,UPI
PS008-202602-003,PS008,2026-02-04,debit,Food,295.3,Swiggy / local groceries,Ahmedabad,UPI
PS008-202602-004,PS008,2026-02-06,debit,Food,424.14,Swiggy / local groceries,Ahmedabad,UPI
PS008-202602-005,PS008,2026-02-09,debit,Food,475.35,Swiggy / local groceries,Ahmedabad,UPI
PS008-202602-006,PS008,2026-02-11,debit,Food,318.07,Swiggy / local groceries,Ahmedabad,UPI
PS008-202602-007,PS008,2026-02-13,debit,Food,437.75,Swiggy / local groceries,Ahmedabad,UPI
PS008-202602-008,PS008,2026-02-16,debit,Food,393.98,Swiggy / local groceries,Ahmedabad,UPI
PS008-202602-009,PS008,2026-02-18,debit,Food,443.18,Swiggy / local groceries,Ahmedabad,UPI
PS008-202602-010,PS008,2026-02-20,debit,Food,465.63,Swiggy / local groceries,Ahmedabad,UPI
PS008-202602-011,PS008,2026-02-22,debit,Food,502.78,Swiggy / local groceries,Ahmedabad,UPI
PS008-202602-012,PS008,2026-02-25,debit,Food,440.47,Swiggy / local groceries,Ahmedabad,UPI
PS008-202602-013,PS008,2026-02-28,debit,Food,509.07,Swiggy / local groceries,Ahmedabad,UPI
PS008-202602-014,PS008,2026-02-03,debit,Shopping,916.1,Amazon / local retail,Ahmedabad,UPI
PS008-202602-015,PS008,2026-02-10,debit,Shopping,966.54,Amazon / local retail,Ahmedabad,UPI
PS008-202602-016,PS008,2026-02-18,debit,Shopping,791.27,Amazon / local retail,Ahmedabad,UPI
PS008-202602-017,PS008,2026-02-28,debit,Shopping,867.09,Amazon / local retail,Ahmedabad,UPI
PS008-202602-018,PS008,2026-02-02,debit,Transport,325.72,Metro / fuel,Ahmedabad,UPI
PS008-202602-019,PS008,2026-02-05,debit,Transport,224.13,Metro / fuel,Ahmedabad,UPI
PS008-202602-020,PS008,2026-02-09,debit,Transport,343.32,Metro / fuel,Ahmedabad,UPI
PS008-202602-021,PS008,2026-02-13,debit,Transport,254.8,Metro / fuel,Ahmedabad,UPI
PS008-202602-022,PS008,2026-02-17,debit,Transport,209.43,Metro / fuel,Ahmedabad,UPI
PS008-202602-023,PS008,2026-02-19,debit,Transport,300.89,Metro / fuel,Ahmedabad,UPI
PS008-202602-024,PS008,2026-02-24,debit,Transport,329.27,Metro / fuel,Ahmedabad,UPI
PS008-202602-025,PS008,2026-02-28,debit,Transport,373.44,Metro / fuel,Ahmedabad,UPI
PS008-202602-026,PS008,2026-02-03,debit,Bills,889.79,Electricity / mobile,Ahmedabad,UPI
PS008-202602-027,PS008,2026-02-15,debit,Bills,909.63,Electricity / mobile,Ahmedabad,UPI
PS008-202602-028,PS008,2026-02-28,debit,Bills,1151.58,Electricity / mobile,Ahmedabad,UPI
PS008-202602-029,PS008,2026-02-03,debit,Rent,9149,Monthly rent,Ahmedabad,NEFT
PS008-202602-030,PS008,2026-02-03,debit,Education,738,Learning centre,Ahmedabad,UPI
PS008-202602-031,PS008,2026-02-02,debit,Healthcare,738,Pharmacy,Ahmedabad,UPI
PS008-202602-032,PS008,2026-02-03,debit,Entertainment,380.01,Cinema / streaming,Ahmedabad,UPI
PS008-202602-033,PS008,2026-02-15,debit,Entertainment,380.78,Cinema / streaming,Ahmedabad,UPI
PS008-202602-034,PS008,2026-02-28,debit,Entertainment,567.21,Cinema / streaming,Ahmedabad,UPI
PS008-202602-035,PS008,2026-02-02,debit,Investment,1771,Recurring investment,Ahmedabad,UPI
PS008-202602-036,PS008,2026-02-03,debit,UPI Transfer,680.0,Household transfer,Ahmedabad,UPI
PS008-202602-037,PS008,2026-02-28,debit,UPI Transfer,648.0,Household transfer,Ahmedabad,UPI
PS008-202602-038,PS008,2026-02-03,debit,Other,297.92,Everyday purchase,Ahmedabad,UPI
PS008-202602-039,PS008,2026-02-28,debit,Other,292.08,Everyday purchase,Ahmedabad,UPI
PS008-202602-040,PS008,2026-02-05,debit,EMI,21000,Scheduled loan EMI,Ahmedabad,Auto debit
PS008-202603-001,PS008,2026-03-01,credit,Salary,62000,Monthly salary,Ahmedabad,NEFT
PS008-202603-002,PS008,2026-03-02,debit,Food,341.55,Swiggy / local groceries,Ahmedabad,UPI
PS008-202603-003,PS008,2026-03-05,debit,Food,498.4,Swiggy / local groceries,Ahmedabad,UPI
PS008-202603-004,PS008,2026-03-07,debit,Food,564.13,Swiggy / local groceries,Ahmedabad,UPI
PS008-202603-005,PS008,2026-03-10,debit,Food,561.43,Swiggy / local groceries,Ahmedabad,UPI
PS008-202603-006,PS008,2026-03-13,debit,Food,455.67,Swiggy / local groceries,Ahmedabad,UPI
PS008-202603-007,PS008,2026-03-14,debit,Food,352.58,Swiggy / local groceries,Ahmedabad,UPI
PS008-202603-008,PS008,2026-03-17,debit,Food,407.78,Swiggy / local groceries,Ahmedabad,UPI
PS008-202603-009,PS008,2026-03-19,debit,Food,327.26,Swiggy / local groceries,Ahmedabad,UPI
PS008-202603-010,PS008,2026-03-23,debit,Food,441.3,Swiggy / local groceries,Ahmedabad,UPI
PS008-202603-011,PS008,2026-03-24,debit,Food,435.19,Swiggy / local groceries,Ahmedabad,UPI
PS008-202603-012,PS008,2026-03-27,debit,Food,400.44,Swiggy / local groceries,Ahmedabad,UPI
PS008-202603-013,PS008,2026-03-30,debit,Food,421.27,Swiggy / local groceries,Ahmedabad,UPI
PS008-202603-014,PS008,2026-03-02,debit,Shopping,652.91,Amazon / local retail,Ahmedabad,UPI
PS008-202603-015,PS008,2026-03-12,debit,Shopping,1110.6,Amazon / local retail,Ahmedabad,UPI
PS008-202603-016,PS008,2026-03-20,debit,Shopping,1056.51,Amazon / local retail,Ahmedabad,UPI
PS008-202603-017,PS008,2026-03-30,debit,Shopping,854.98,Amazon / local retail,Ahmedabad,UPI
PS008-202603-018,PS008,2026-03-03,debit,Transport,412.62,Metro / fuel,Ahmedabad,UPI
PS008-202603-019,PS008,2026-03-07,debit,Transport,249.6,Metro / fuel,Ahmedabad,UPI
PS008-202603-020,PS008,2026-03-10,debit,Transport,244.0,Metro / fuel,Ahmedabad,UPI
PS008-202603-021,PS008,2026-03-15,debit,Transport,286.68,Metro / fuel,Ahmedabad,UPI
PS008-202603-022,PS008,2026-03-18,debit,Transport,411.5,Metro / fuel,Ahmedabad,UPI
PS008-202603-023,PS008,2026-03-22,debit,Transport,319.04,Metro / fuel,Ahmedabad,UPI
PS008-202603-024,PS008,2026-03-26,debit,Transport,265.0,Metro / fuel,Ahmedabad,UPI
PS008-202603-025,PS008,2026-03-30,debit,Transport,261.56,Metro / fuel,Ahmedabad,UPI
PS008-202603-026,PS008,2026-03-02,debit,Bills,790.32,Electricity / mobile,Ahmedabad,UPI
PS008-202603-027,PS008,2026-03-16,debit,Bills,1128.31,Electricity / mobile,Ahmedabad,UPI
PS008-202603-028,PS008,2026-03-31,debit,Bills,1144.37,Electricity / mobile,Ahmedabad,UPI
PS008-202603-029,PS008,2026-03-03,debit,Rent,9495,Monthly rent,Ahmedabad,NEFT
PS008-202603-030,PS008,2026-03-03,debit,Education,766,Learning centre,Ahmedabad,UPI
PS008-202603-031,PS008,2026-03-02,debit,Healthcare,766,Pharmacy,Ahmedabad,UPI
PS008-202603-032,PS008,2026-03-02,debit,Entertainment,350.62,Cinema / streaming,Ahmedabad,UPI
PS008-202603-033,PS008,2026-03-17,debit,Entertainment,543.43,Cinema / streaming,Ahmedabad,UPI
PS008-202603-034,PS008,2026-03-30,debit,Entertainment,483.95,Cinema / streaming,Ahmedabad,UPI
PS008-202603-035,PS008,2026-03-02,debit,Investment,1838,Recurring investment,Ahmedabad,UPI
PS008-202603-036,PS008,2026-03-02,debit,UPI Transfer,626.54,Household transfer,Ahmedabad,UPI
PS008-202603-037,PS008,2026-03-31,debit,UPI Transfer,751.46,Household transfer,Ahmedabad,UPI
PS008-202603-038,PS008,2026-03-02,debit,Other,334.28,Everyday purchase,Ahmedabad,UPI
PS008-202603-039,PS008,2026-03-30,debit,Other,278.72,Everyday purchase,Ahmedabad,UPI
PS008-202603-040,PS008,2026-03-05,debit,EMI,21000,Scheduled loan EMI,Ahmedabad,Auto debit
PS008-202604-001,PS008,2026-04-01,credit,Salary,62000,Monthly salary,Ahmedabad,NEFT
PS008-202604-002,PS008,2026-04-02,debit,Food,347.11,Swiggy / local groceries,Ahmedabad,UPI
PS008-202604-003,PS008,2026-04-04,debit,Food,333.84,Swiggy / local groceries,Ahmedabad,UPI
PS008-202604-004,PS008,2026-04-06,debit,Food,423.58,Swiggy / local groceries,Ahmedabad,UPI
PS008-202604-005,PS008,2026-04-10,debit,Food,418.55,Swiggy / local groceries,Ahmedabad,UPI
PS008-202604-006,PS008,2026-04-12,debit,Food,480.56,Swiggy / local groceries,Ahmedabad,UPI
PS008-202604-007,PS008,2026-04-15,debit,Food,462.61,Swiggy / local groceries,Ahmedabad,UPI
PS008-202604-008,PS008,2026-04-17,debit,Food,410.83,Swiggy / local groceries,Ahmedabad,UPI
PS008-202604-009,PS008,2026-04-19,debit,Food,367.59,Swiggy / local groceries,Ahmedabad,UPI
PS008-202604-010,PS008,2026-04-22,debit,Food,473.58,Swiggy / local groceries,Ahmedabad,UPI
PS008-202604-011,PS008,2026-04-25,debit,Food,593.36,Swiggy / local groceries,Ahmedabad,UPI
PS008-202604-012,PS008,2026-04-26,debit,Food,553.62,Swiggy / local groceries,Ahmedabad,UPI
PS008-202604-013,PS008,2026-04-29,debit,Food,530.77,Swiggy / local groceries,Ahmedabad,UPI
PS008-202604-014,PS008,2026-04-03,debit,Shopping,1156.08,Amazon / local retail,Ahmedabad,UPI
PS008-202604-015,PS008,2026-04-12,debit,Shopping,669.41,Amazon / local retail,Ahmedabad,UPI
PS008-202604-016,PS008,2026-04-21,debit,Shopping,1036.42,Amazon / local retail,Ahmedabad,UPI
PS008-202604-017,PS008,2026-04-30,debit,Shopping,947.09,Amazon / local retail,Ahmedabad,UPI
PS008-202604-018,PS008,2026-04-03,debit,Transport,450.34,Metro / fuel,Ahmedabad,UPI
PS008-202604-019,PS008,2026-04-06,debit,Transport,270.61,Metro / fuel,Ahmedabad,UPI
PS008-202604-020,PS008,2026-04-10,debit,Transport,273.23,Metro / fuel,Ahmedabad,UPI
PS008-202604-021,PS008,2026-04-13,debit,Transport,354.22,Metro / fuel,Ahmedabad,UPI
PS008-202604-022,PS008,2026-04-17,debit,Transport,277.64,Metro / fuel,Ahmedabad,UPI
PS008-202604-023,PS008,2026-04-22,debit,Transport,275.74,Metro / fuel,Ahmedabad,UPI
PS008-202604-024,PS008,2026-04-26,debit,Transport,343.37,Metro / fuel,Ahmedabad,UPI
PS008-202604-025,PS008,2026-04-30,debit,Transport,294.85,Metro / fuel,Ahmedabad,UPI
PS008-202604-026,PS008,2026-04-02,debit,Bills,894.69,Electricity / mobile,Ahmedabad,UPI
PS008-202604-027,PS008,2026-04-16,debit,Bills,1341.99,Electricity / mobile,Ahmedabad,UPI
PS008-202604-028,PS008,2026-04-30,debit,Bills,937.32,Electricity / mobile,Ahmedabad,UPI
PS008-202604-029,PS008,2026-04-02,debit,Rent,9841,Monthly rent,Ahmedabad,NEFT
PS008-202604-030,PS008,2026-04-02,debit,Education,794,Learning centre,Ahmedabad,UPI
PS008-202604-031,PS008,2026-04-02,debit,Healthcare,794,Pharmacy,Ahmedabad,UPI
PS008-202604-032,PS008,2026-04-03,debit,Entertainment,371.17,Cinema / streaming,Ahmedabad,UPI
PS008-202604-033,PS008,2026-04-16,debit,Entertainment,530.68,Cinema / streaming,Ahmedabad,UPI
PS008-202604-034,PS008,2026-04-30,debit,Entertainment,526.15,Cinema / streaming,Ahmedabad,UPI
PS008-202604-035,PS008,2026-04-03,debit,Investment,1905,Recurring investment,Ahmedabad,UPI
PS008-202604-036,PS008,2026-04-02,debit,UPI Transfer,710.8,Household transfer,Ahmedabad,UPI
PS008-202604-037,PS008,2026-04-30,debit,UPI Transfer,717.2,Household transfer,Ahmedabad,UPI
PS008-202604-038,PS008,2026-04-03,debit,Other,304.87,Everyday purchase,Ahmedabad,UPI
PS008-202604-039,PS008,2026-04-30,debit,Other,330.13,Everyday purchase,Ahmedabad,UPI
PS008-202604-040,PS008,2026-04-05,debit,EMI,21000,Scheduled loan EMI,Ahmedabad,Auto debit
PS008-202605-001,PS008,2026-05-01,credit,Salary,62000,Monthly salary,Ahmedabad,NEFT
PS008-202605-002,PS008,2026-05-02,debit,Food,604.13,Swiggy / local groceries,Ahmedabad,UPI
PS008-202605-003,PS008,2026-05-05,debit,Food,599.83,Swiggy / local groceries,Ahmedabad,UPI
PS008-202605-004,PS008,2026-05-07,debit,Food,425.16,Swiggy / local groceries,Ahmedabad,UPI
PS008-202605-005,PS008,2026-05-09,debit,Food,595.05,Swiggy / local groceries,Ahmedabad,UPI
PS008-202605-006,PS008,2026-05-13,debit,Food,387.74,Swiggy / local groceries,Ahmedabad,UPI
PS008-202605-007,PS008,2026-05-15,debit,Food,349.09,Swiggy / local groceries,Ahmedabad,UPI
PS008-202605-008,PS008,2026-05-17,debit,Food,403.81,Swiggy / local groceries,Ahmedabad,UPI
PS008-202605-009,PS008,2026-05-20,debit,Food,374.42,Swiggy / local groceries,Ahmedabad,UPI
PS008-202605-010,PS008,2026-05-22,debit,Food,537.99,Swiggy / local groceries,Ahmedabad,UPI
PS008-202605-011,PS008,2026-05-25,debit,Food,390.63,Swiggy / local groceries,Ahmedabad,UPI
PS008-202605-012,PS008,2026-05-28,debit,Food,360.09,Swiggy / local groceries,Ahmedabad,UPI
PS008-202605-013,PS008,2026-05-30,debit,Food,558.06,Swiggy / local groceries,Ahmedabad,UPI
PS008-202605-014,PS008,2026-05-02,debit,Shopping,1105.36,Amazon / local retail,Ahmedabad,UPI
PS008-202605-015,PS008,2026-05-12,debit,Shopping,1184.91,Amazon / local retail,Ahmedabad,UPI
PS008-202605-016,PS008,2026-05-21,debit,Shopping,692.69,Amazon / local retail,Ahmedabad,UPI
PS008-202605-017,PS008,2026-05-30,debit,Shopping,960.04,Amazon / local retail,Ahmedabad,UPI
PS008-202605-018,PS008,2026-05-02,debit,Transport,317.56,Metro / fuel,Ahmedabad,UPI
PS008-202605-019,PS008,2026-05-07,debit,Transport,369.76,Metro / fuel,Ahmedabad,UPI
PS008-202605-020,PS008,2026-05-11,debit,Transport,290.83,Metro / fuel,Ahmedabad,UPI
PS008-202605-021,PS008,2026-05-15,debit,Transport,299.89,Metro / fuel,Ahmedabad,UPI
PS008-202605-022,PS008,2026-05-19,debit,Transport,314.22,Metro / fuel,Ahmedabad,UPI
PS008-202605-023,PS008,2026-05-22,debit,Transport,376.79,Metro / fuel,Ahmedabad,UPI
PS008-202605-024,PS008,2026-05-26,debit,Transport,404.56,Metro / fuel,Ahmedabad,UPI
PS008-202605-025,PS008,2026-05-30,debit,Transport,255.39,Metro / fuel,Ahmedabad,UPI
PS008-202605-026,PS008,2026-05-03,debit,Bills,1271.62,Electricity / mobile,Ahmedabad,UPI
PS008-202605-027,PS008,2026-05-16,debit,Bills,1098.8,Electricity / mobile,Ahmedabad,UPI
PS008-202605-028,PS008,2026-05-31,debit,Bills,915.58,Electricity / mobile,Ahmedabad,UPI
PS008-202605-029,PS008,2026-05-03,debit,Rent,10187,Monthly rent,Ahmedabad,NEFT
PS008-202605-030,PS008,2026-05-02,debit,Education,822,Learning centre,Ahmedabad,UPI
PS008-202605-031,PS008,2026-05-02,debit,Healthcare,822,Pharmacy,Ahmedabad,UPI
PS008-202605-032,PS008,2026-05-03,debit,Entertainment,555.42,Cinema / streaming,Ahmedabad,UPI
PS008-202605-033,PS008,2026-05-16,debit,Entertainment,572.83,Cinema / streaming,Ahmedabad,UPI
PS008-202605-034,PS008,2026-05-31,debit,Entertainment,350.75,Cinema / streaming,Ahmedabad,UPI
PS008-202605-035,PS008,2026-05-02,debit,Investment,1972,Recurring investment,Ahmedabad,UPI
PS008-202605-036,PS008,2026-05-02,debit,UPI Transfer,719.57,Household transfer,Ahmedabad,UPI
PS008-202605-037,PS008,2026-05-31,debit,UPI Transfer,759.43,Household transfer,Ahmedabad,UPI
PS008-202605-038,PS008,2026-05-02,debit,Other,379.75,Everyday purchase,Ahmedabad,UPI
PS008-202605-039,PS008,2026-05-31,debit,Other,277.25,Everyday purchase,Ahmedabad,UPI
PS008-202605-040,PS008,2026-05-05,debit,EMI,21000,Scheduled loan EMI,Ahmedabad,Auto debit
PS008-202606-001,PS008,2026-06-01,credit,Salary,62000,Monthly salary,Ahmedabad,NEFT
PS008-202606-002,PS008,2026-06-03,debit,Food,522.22,Swiggy / local groceries,Ahmedabad,UPI
PS008-202606-003,PS008,2026-06-04,debit,Food,499.1,Swiggy / local groceries,Ahmedabad,UPI
PS008-202606-004,PS008,2026-06-07,debit,Food,455.27,Swiggy / local groceries,Ahmedabad,UPI
PS008-202606-005,PS008,2026-06-10,debit,Food,567.13,Swiggy / local groceries,Ahmedabad,UPI
PS008-202606-006,PS008,2026-06-12,debit,Food,475.26,Swiggy / local groceries,Ahmedabad,UPI
PS008-202606-007,PS008,2026-06-15,debit,Food,470.32,Swiggy / local groceries,Ahmedabad,UPI
PS008-202606-008,PS008,2026-06-17,debit,Food,416.71,Swiggy / local groceries,Ahmedabad,UPI
PS008-202606-009,PS008,2026-06-19,debit,Food,495.77,Swiggy / local groceries,Ahmedabad,UPI
PS008-202606-010,PS008,2026-06-21,debit,Food,506.64,Swiggy / local groceries,Ahmedabad,UPI
PS008-202606-011,PS008,2026-06-24,debit,Food,433.97,Swiggy / local groceries,Ahmedabad,UPI
PS008-202606-012,PS008,2026-06-27,debit,Food,589.45,Swiggy / local groceries,Ahmedabad,UPI
PS008-202606-013,PS008,2026-06-30,debit,Food,344.16,Swiggy / local groceries,Ahmedabad,UPI
PS008-202606-014,PS008,2026-06-03,debit,Shopping,1103.92,Amazon / local retail,Ahmedabad,UPI
PS008-202606-015,PS008,2026-06-12,debit,Shopping,1109.33,Amazon / local retail,Ahmedabad,UPI
PS008-202606-016,PS008,2026-06-20,debit,Shopping,930.3,Amazon / local retail,Ahmedabad,UPI
PS008-202606-017,PS008,2026-06-29,debit,Shopping,933.45,Amazon / local retail,Ahmedabad,UPI
PS008-202606-018,PS008,2026-06-02,debit,Transport,449.96,Metro / fuel,Ahmedabad,UPI
PS008-202606-019,PS008,2026-06-05,debit,Transport,330.2,Metro / fuel,Ahmedabad,UPI
PS008-202606-020,PS008,2026-06-10,debit,Transport,349.41,Metro / fuel,Ahmedabad,UPI
PS008-202606-021,PS008,2026-06-13,debit,Transport,305.76,Metro / fuel,Ahmedabad,UPI
PS008-202606-022,PS008,2026-06-17,debit,Transport,278.59,Metro / fuel,Ahmedabad,UPI
PS008-202606-023,PS008,2026-06-22,debit,Transport,288.7,Metro / fuel,Ahmedabad,UPI
PS008-202606-024,PS008,2026-06-25,debit,Transport,359.81,Metro / fuel,Ahmedabad,UPI
PS008-202606-025,PS008,2026-06-30,debit,Transport,355.57,Metro / fuel,Ahmedabad,UPI
PS008-202606-026,PS008,2026-06-03,debit,Bills,1324.73,Electricity / mobile,Ahmedabad,UPI
PS008-202606-027,PS008,2026-06-16,debit,Bills,977.36,Electricity / mobile,Ahmedabad,UPI
PS008-202606-028,PS008,2026-06-29,debit,Bills,1095.91,Electricity / mobile,Ahmedabad,UPI
PS008-202606-029,PS008,2026-06-02,debit,Rent,10533,Monthly rent,Ahmedabad,NEFT
PS008-202606-030,PS008,2026-06-02,debit,Education,849,Learning centre,Ahmedabad,UPI
PS008-202606-031,PS008,2026-06-02,debit,Healthcare,849,Pharmacy,Ahmedabad,UPI
PS008-202606-032,PS008,2026-06-03,debit,Entertainment,478.73,Cinema / streaming,Ahmedabad,UPI
PS008-202606-033,PS008,2026-06-15,debit,Entertainment,532.42,Cinema / streaming,Ahmedabad,UPI
PS008-202606-034,PS008,2026-06-29,debit,Entertainment,517.85,Cinema / streaming,Ahmedabad,UPI
PS008-202606-035,PS008,2026-06-03,debit,Investment,2039,Recurring investment,Ahmedabad,UPI
PS008-202606-036,PS008,2026-06-03,debit,UPI Transfer,559.12,Household transfer,Ahmedabad,UPI
PS008-202606-037,PS008,2026-06-29,debit,UPI Transfer,969.88,Household transfer,Ahmedabad,UPI
PS008-202606-038,PS008,2026-06-02,debit,Other,271.56,Everyday purchase,Ahmedabad,UPI
PS008-202606-039,PS008,2026-06-30,debit,Other,408.44,Everyday purchase,Ahmedabad,UPI
PS008-202606-040,PS008,2026-06-05,debit,EMI,21000,Scheduled loan EMI,Ahmedabad,Auto debit
PS008-202607-001,PS008,2026-07-01,credit,Salary,62000,Monthly salary,Ahmedabad,NEFT
PS008-202607-002,PS008,2026-07-02,debit,Food,392.91,Swiggy / local groceries,Ahmedabad,UPI
PS008-202607-003,PS008,2026-07-04,debit,Food,630.69,Swiggy / local groceries,Ahmedabad,UPI
PS008-202607-004,PS008,2026-07-08,debit,Food,500.03,Swiggy / local groceries,Ahmedabad,UPI
PS008-202607-005,PS008,2026-07-09,debit,Food,423.6,Swiggy / local groceries,Ahmedabad,UPI
PS008-202607-006,PS008,2026-07-13,debit,Food,635.96,Swiggy / local groceries,Ahmedabad,UPI
PS008-202607-007,PS008,2026-07-15,debit,Food,497.43,Swiggy / local groceries,Ahmedabad,UPI
PS008-202607-008,PS008,2026-07-18,debit,Food,480.82,Swiggy / local groceries,Ahmedabad,UPI
PS008-202607-009,PS008,2026-07-19,debit,Food,505.09,Swiggy / local groceries,Ahmedabad,UPI
PS008-202607-010,PS008,2026-07-22,debit,Food,394.83,Swiggy / local groceries,Ahmedabad,UPI
PS008-202607-011,PS008,2026-07-25,debit,Food,498.78,Swiggy / local groceries,Ahmedabad,UPI
PS008-202607-012,PS008,2026-07-27,debit,Food,476.23,Swiggy / local groceries,Ahmedabad,UPI
PS008-202607-013,PS008,2026-07-30,debit,Food,529.63,Swiggy / local groceries,Ahmedabad,UPI
PS008-202607-014,PS008,2026-07-02,debit,Shopping,858.4,Amazon / local retail,Ahmedabad,UPI
PS008-202607-015,PS008,2026-07-11,debit,Shopping,1206.29,Amazon / local retail,Ahmedabad,UPI
PS008-202607-016,PS008,2026-07-20,debit,Shopping,1002.34,Amazon / local retail,Ahmedabad,UPI
PS008-202607-017,PS008,2026-07-30,debit,Shopping,1143.97,Amazon / local retail,Ahmedabad,UPI
PS008-202607-018,PS008,2026-07-02,debit,Transport,274.09,Metro / fuel,Ahmedabad,UPI
PS008-202607-019,PS008,2026-07-06,debit,Transport,387.09,Metro / fuel,Ahmedabad,UPI
PS008-202607-020,PS008,2026-07-10,debit,Transport,411.82,Metro / fuel,Ahmedabad,UPI
PS008-202607-021,PS008,2026-07-15,debit,Transport,274.49,Metro / fuel,Ahmedabad,UPI
PS008-202607-022,PS008,2026-07-19,debit,Transport,359.71,Metro / fuel,Ahmedabad,UPI
PS008-202607-023,PS008,2026-07-23,debit,Transport,321.02,Metro / fuel,Ahmedabad,UPI
PS008-202607-024,PS008,2026-07-27,debit,Transport,370.52,Metro / fuel,Ahmedabad,UPI
PS008-202607-025,PS008,2026-07-30,debit,Transport,408.26,Metro / fuel,Ahmedabad,UPI
PS008-202607-026,PS008,2026-07-03,debit,Bills,1101.82,Electricity / mobile,Ahmedabad,UPI
PS008-202607-027,PS008,2026-07-17,debit,Bills,1081.56,Electricity / mobile,Ahmedabad,UPI
PS008-202607-028,PS008,2026-07-30,debit,Bills,1325.62,Electricity / mobile,Ahmedabad,UPI
PS008-202607-029,PS008,2026-07-02,debit,Rent,10879,Monthly rent,Ahmedabad,NEFT
PS008-202607-030,PS008,2026-07-03,debit,Education,877,Learning centre,Ahmedabad,UPI
PS008-202607-031,PS008,2026-07-02,debit,Healthcare,877,Pharmacy,Ahmedabad,UPI
PS008-202607-032,PS008,2026-07-03,debit,Entertainment,506.53,Cinema / streaming,Ahmedabad,UPI
PS008-202607-033,PS008,2026-07-16,debit,Entertainment,394.91,Cinema / streaming,Ahmedabad,UPI
PS008-202607-034,PS008,2026-07-31,debit,Entertainment,677.56,Cinema / streaming,Ahmedabad,UPI
PS008-202607-035,PS008,2026-07-03,debit,Investment,2106,Recurring investment,Ahmedabad,UPI
PS008-202607-036,PS008,2026-07-03,debit,UPI Transfer,959.99,Household transfer,Ahmedabad,UPI
PS008-202607-037,PS008,2026-07-30,debit,UPI Transfer,619.01,Household transfer,Ahmedabad,UPI
PS008-202607-038,PS008,2026-07-03,debit,Other,285.49,Everyday purchase,Ahmedabad,UPI
PS008-202607-039,PS008,2026-07-31,debit,Other,416.51,Everyday purchase,Ahmedabad,UPI
PS008-202607-040,PS008,2026-07-05,debit,EMI,21000,Scheduled loan EMI,Ahmedabad,Auto debit
PS008-202608-001,PS008,2026-08-01,credit,Salary,62000,Monthly salary,Ahmedabad,NEFT
PS008-202608-002,PS008,2026-08-02,debit,Food,698.16,Swiggy / local groceries,Ahmedabad,UPI
PS008-202608-003,PS008,2026-08-05,debit,Food,503.39,Swiggy / local groceries,Ahmedabad,UPI
PS008-202608-004,PS008,2026-08-07,debit,Food,612.42,Swiggy / local groceries,Ahmedabad,UPI
PS008-202608-005,PS008,2026-08-09,debit,Food,689.71,Swiggy / local groceries,Ahmedabad,UPI
PS008-202608-006,PS008,2026-08-13,debit,Food,557.99,Swiggy / local groceries,Ahmedabad,UPI
PS008-202608-007,PS008,2026-08-15,debit,Food,427.07,Swiggy / local groceries,Ahmedabad,UPI
PS008-202608-008,PS008,2026-08-17,debit,Food,634.74,Swiggy / local groceries,Ahmedabad,UPI
PS008-202608-009,PS008,2026-08-19,debit,Food,670.76,Swiggy / local groceries,Ahmedabad,UPI
PS008-202608-010,PS008,2026-08-22,debit,Food,609.49,Swiggy / local groceries,Ahmedabad,UPI
PS008-202608-011,PS008,2026-08-24,debit,Food,468.27,Swiggy / local groceries,Ahmedabad,UPI
PS008-202608-012,PS008,2026-08-27,debit,Food,721.18,Swiggy / local groceries,Ahmedabad,UPI
PS008-202608-013,PS008,2026-08-31,debit,Food,423.82,Swiggy / local groceries,Ahmedabad,UPI
PS008-202608-014,PS008,2026-08-02,debit,Shopping,1083.61,Amazon / local retail,Ahmedabad,UPI
PS008-202608-015,PS008,2026-08-11,debit,Shopping,1141.69,Amazon / local retail,Ahmedabad,UPI
PS008-202608-016,PS008,2026-08-21,debit,Shopping,1557.19,Amazon / local retail,Ahmedabad,UPI
PS008-202608-017,PS008,2026-08-30,debit,Shopping,1170.51,Amazon / local retail,Ahmedabad,UPI
PS008-202608-018,PS008,2026-08-03,debit,Transport,356.71,Metro / fuel,Ahmedabad,UPI
PS008-202608-019,PS008,2026-08-06,debit,Transport,370.88,Metro / fuel,Ahmedabad,UPI
PS008-202608-020,PS008,2026-08-11,debit,Transport,342.92,Metro / fuel,Ahmedabad,UPI
PS008-202608-021,PS008,2026-08-15,debit,Transport,515.48,Metro / fuel,Ahmedabad,UPI
PS008-202608-022,PS008,2026-08-18,debit,Transport,422.45,Metro / fuel,Ahmedabad,UPI
PS008-202608-023,PS008,2026-08-23,debit,Transport,468.98,Metro / fuel,Ahmedabad,UPI
PS008-202608-024,PS008,2026-08-27,debit,Transport,490.35,Metro / fuel,Ahmedabad,UPI
PS008-202608-025,PS008,2026-08-30,debit,Transport,334.23,Metro / fuel,Ahmedabad,UPI
PS008-202608-026,PS008,2026-08-02,debit,Bills,1733.77,Electricity / mobile,Ahmedabad,UPI
PS008-202608-027,PS008,2026-08-16,debit,Bills,1432.13,Electricity / mobile,Ahmedabad,UPI
PS008-202608-028,PS008,2026-08-30,debit,Bills,962.1,Electricity / mobile,Ahmedabad,UPI
PS008-202608-029,PS008,2026-08-03,debit,Rent,12796,Monthly rent,Ahmedabad,NEFT
PS008-202608-030,PS008,2026-08-02,debit,Education,1032,Learning centre,Ahmedabad,UPI
PS008-202608-031,PS008,2026-08-02,debit,Healthcare,1032,Pharmacy,Ahmedabad,UPI
PS008-202608-032,PS008,2026-08-02,debit,Entertainment,498.18,Cinema / streaming,Ahmedabad,UPI
PS008-202608-033,PS008,2026-08-16,debit,Entertainment,578.22,Cinema / streaming,Ahmedabad,UPI
PS008-202608-034,PS008,2026-08-31,debit,Entertainment,780.6,Cinema / streaming,Ahmedabad,UPI
PS008-202608-035,PS008,2026-08-02,debit,Investment,2477,Recurring investment,Ahmedabad,UPI
PS008-202608-036,PS008,2026-08-03,debit,UPI Transfer,827.74,Household transfer,Ahmedabad,UPI
PS008-202608-037,PS008,2026-08-31,debit,UPI Transfer,1029.26,Household transfer,Ahmedabad,UPI
PS008-202608-038,PS008,2026-08-02,debit,Other,396.08,Everyday purchase,Ahmedabad,UPI
PS008-202608-039,PS008,2026-08-30,debit,Other,429.92,Everyday purchase,Ahmedabad,UPI
PS008-202608-040,PS008,2026-08-05,debit,EMI,21000,Scheduled loan EMI,Ahmedabad,Auto debit
PS009-202512-001,PS009,2025-12-01,credit,Salary,94000,Monthly salary,Delhi,NEFT
PS009-202512-002,PS009,2025-12-03,debit,Food,823.14,Swiggy / local groceries,Delhi,UPI
PS009-202512-003,PS009,2025-12-04,debit,Food,815.14,Swiggy / local groceries,Delhi,UPI
PS009-202512-004,PS009,2025-12-08,debit,Food,876.67,Swiggy / local groceries,Delhi,UPI
PS009-202512-005,PS009,2025-12-09,debit,Food,498.92,Swiggy / local groceries,Delhi,UPI
PS009-202512-006,PS009,2025-12-13,debit,Food,777.05,Swiggy / local groceries,Delhi,UPI
PS009-202512-007,PS009,2025-12-14,debit,Food,786.04,Swiggy / local groceries,Delhi,UPI
PS009-202512-008,PS009,2025-12-17,debit,Food,742.3,Swiggy / local groceries,Delhi,UPI
PS009-202512-009,PS009,2025-12-20,debit,Food,639.59,Swiggy / local groceries,Delhi,UPI
PS009-202512-010,PS009,2025-12-23,debit,Food,853.79,Swiggy / local groceries,Delhi,UPI
PS009-202512-011,PS009,2025-12-24,debit,Food,787.65,Swiggy / local groceries,Delhi,UPI
PS009-202512-012,PS009,2025-12-28,debit,Food,730.8,Swiggy / local groceries,Delhi,UPI
PS009-202512-013,PS009,2025-12-31,debit,Food,617.91,Swiggy / local groceries,Delhi,UPI
PS009-202512-014,PS009,2025-12-03,debit,Shopping,1814.16,Amazon / local retail,Delhi,UPI
PS009-202512-015,PS009,2025-12-12,debit,Shopping,1365.03,Amazon / local retail,Delhi,UPI
PS009-202512-016,PS009,2025-12-20,debit,Shopping,1829.13,Amazon / local retail,Delhi,UPI
PS009-202512-017,PS009,2025-12-30,debit,Shopping,1308.68,Amazon / local retail,Delhi,UPI
PS009-202512-018,PS009,2025-12-02,debit,Transport,619.09,Metro / fuel,Delhi,UPI
PS009-202512-019,PS009,2025-12-06,debit,Transport,448.74,Metro / fuel,Delhi,UPI
PS009-202512-020,PS009,2025-12-11,debit,Transport,522.51,Metro / fuel,Delhi,UPI
PS009-202512-021,PS009,2025-12-14,debit,Transport,417.19,Metro / fuel,Delhi,UPI
PS009-202512-022,PS009,2025-12-19,debit,Transport,568.88,Metro / fuel,Delhi,UPI
PS009-202512-023,PS009,2025-12-23,debit,Transport,604.93,Metro / fuel,Delhi,UPI
PS009-202512-024,PS009,2025-12-26,debit,Transport,601.68,Metro / fuel,Delhi,UPI
PS009-202512-025,PS009,2025-12-31,debit,Transport,427.98,Metro / fuel,Delhi,UPI
PS009-202512-026,PS009,2025-12-03,debit,Bills,1872.74,Electricity / mobile,Delhi,UPI
PS009-202512-027,PS009,2025-12-16,debit,Bills,1516.25,Electricity / mobile,Delhi,UPI
PS009-202512-028,PS009,2025-12-31,debit,Bills,1875.01,Electricity / mobile,Delhi,UPI
PS009-202512-029,PS009,2025-12-03,debit,Rent,16318,Monthly rent,Delhi,NEFT
PS009-202512-030,PS009,2025-12-03,debit,Education,1316,Learning centre,Delhi,UPI
PS009-202512-031,PS009,2025-12-03,debit,Healthcare,1316,Pharmacy,Delhi,UPI
PS009-202512-032,PS009,2025-12-02,debit,Entertainment,684.39,Cinema / streaming,Delhi,UPI
PS009-202512-033,PS009,2025-12-16,debit,Entertainment,915.54,Cinema / streaming,Delhi,UPI
PS009-202512-034,PS009,2025-12-30,debit,Entertainment,769.07,Cinema / streaming,Delhi,UPI
PS009-202512-035,PS009,2025-12-03,debit,Investment,3158,Recurring investment,Delhi,UPI
PS009-202512-036,PS009,2025-12-03,debit,UPI Transfer,1088.37,Household transfer,Delhi,UPI
PS009-202512-037,PS009,2025-12-31,debit,UPI Transfer,1280.63,Household transfer,Delhi,UPI
PS009-202512-038,PS009,2025-12-03,debit,Other,403.45,Everyday purchase,Delhi,UPI
PS009-202512-039,PS009,2025-12-31,debit,Other,649.55,Everyday purchase,Delhi,UPI
PS009-202512-040,PS009,2025-12-05,debit,EMI,15000,Scheduled loan EMI,Delhi,Auto debit
PS009-202601-001,PS009,2026-01-01,credit,Salary,94000,Monthly salary,Delhi,NEFT
PS009-202601-002,PS009,2026-01-02,debit,Food,853.63,Swiggy / local groceries,Delhi,UPI
PS009-202601-003,PS009,2026-01-05,debit,Food,753.32,Swiggy / local groceries,Delhi,UPI
PS009-202601-004,PS009,2026-01-07,debit,Food,744.88,Swiggy / local groceries,Delhi,UPI
PS009-202601-005,PS009,2026-01-09,debit,Food,805.31,Swiggy / local groceries,Delhi,UPI
PS009-202601-006,PS009,2026-01-12,debit,Food,659.33,Swiggy / local groceries,Delhi,UPI
PS009-202601-007,PS009,2026-01-14,debit,Food,735.57,Swiggy / local groceries,Delhi,UPI
PS009-202601-008,PS009,2026-01-17,debit,Food,690.44,Swiggy / local groceries,Delhi,UPI
PS009-202601-009,PS009,2026-01-19,debit,Food,836.61,Swiggy / local groceries,Delhi,UPI
PS009-202601-010,PS009,2026-01-23,debit,Food,852.2,Swiggy / local groceries,Delhi,UPI
PS009-202601-011,PS009,2026-01-24,debit,Food,593.75,Swiggy / local groceries,Delhi,UPI
PS009-202601-012,PS009,2026-01-28,debit,Food,676.08,Swiggy / local groceries,Delhi,UPI
PS009-202601-013,PS009,2026-01-30,debit,Food,747.88,Swiggy / local groceries,Delhi,UPI
PS009-202601-014,PS009,2026-01-03,debit,Shopping,1513.48,Amazon / local retail,Delhi,UPI
PS009-202601-015,PS009,2026-01-12,debit,Shopping,1627.9,Amazon / local retail,Delhi,UPI
PS009-202601-016,PS009,2026-01-21,debit,Shopping,1618.93,Amazon / local retail,Delhi,UPI
PS009-202601-017,PS009,2026-01-30,debit,Shopping,1556.69,Amazon / local retail,Delhi,UPI
PS009-202601-018,PS009,2026-01-02,debit,Transport,457.34,Metro / fuel,Delhi,UPI
PS009-202601-019,PS009,2026-01-07,debit,Transport,491.21,Metro / fuel,Delhi,UPI
PS009-202601-020,PS009,2026-01-10,debit,Transport,578.15,Metro / fuel,Delhi,UPI
PS009-202601-021,PS009,2026-01-15,debit,Transport,433.52,Metro / fuel,Delhi,UPI
PS009-202601-022,PS009,2026-01-19,debit,Transport,578.85,Metro / fuel,Delhi,UPI
PS009-202601-023,PS009,2026-01-23,debit,Transport,504.11,Metro / fuel,Delhi,UPI
PS009-202601-024,PS009,2026-01-27,debit,Transport,514.24,Metro / fuel,Delhi,UPI
PS009-202601-025,PS009,2026-01-31,debit,Transport,653.58,Metro / fuel,Delhi,UPI
PS009-202601-026,PS009,2026-01-03,debit,Bills,1798.92,Electricity / mobile,Delhi,UPI
PS009-202601-027,PS009,2026-01-17,debit,Bills,2132.22,Electricity / mobile,Delhi,UPI
PS009-202601-028,PS009,2026-01-30,debit,Bills,1332.86,Electricity / mobile,Delhi,UPI
PS009-202601-029,PS009,2026-01-02,debit,Rent,16318,Monthly rent,Delhi,NEFT
PS009-202601-030,PS009,2026-01-02,debit,Education,1316,Learning centre,Delhi,UPI
PS009-202601-031,PS009,2026-01-02,debit,Healthcare,1316,Pharmacy,Delhi,UPI
PS009-202601-032,PS009,2026-01-03,debit,Entertainment,948.04,Cinema / streaming,Delhi,UPI
PS009-202601-033,PS009,2026-01-16,debit,Entertainment,697.17,Cinema / streaming,Delhi,UPI
PS009-202601-034,PS009,2026-01-30,debit,Entertainment,723.79,Cinema / streaming,Delhi,UPI
PS009-202601-035,PS009,2026-01-02,debit,Investment,3158,Recurring investment,Delhi,UPI
PS009-202601-036,PS009,2026-01-02,debit,UPI Transfer,1213.99,Household transfer,Delhi,UPI
PS009-202601-037,PS009,2026-01-30,debit,UPI Transfer,1155.01,Household transfer,Delhi,UPI
PS009-202601-038,PS009,2026-01-02,debit,Other,642.54,Everyday purchase,Delhi,UPI
PS009-202601-039,PS009,2026-01-31,debit,Other,410.46,Everyday purchase,Delhi,UPI
PS009-202601-040,PS009,2026-01-05,debit,EMI,15000,Scheduled loan EMI,Delhi,Auto debit
PS009-202602-001,PS009,2026-02-01,credit,Salary,94000,Monthly salary,Delhi,NEFT
PS009-202602-002,PS009,2026-02-02,debit,Food,724.44,Swiggy / local groceries,Delhi,UPI
PS009-202602-003,PS009,2026-02-05,debit,Food,821.5,Swiggy / local groceries,Delhi,UPI
PS009-202602-004,PS009,2026-02-07,debit,Food,795.35,Swiggy / local groceries,Delhi,UPI
PS009-202602-005,PS009,2026-02-09,debit,Food,829.26,Swiggy / local groceries,Delhi,UPI
PS009-202602-006,PS009,2026-02-11,debit,Food,764.57,Swiggy / local groceries,Delhi,UPI
PS009-202602-007,PS009,2026-02-14,debit,Food,804.48,Swiggy / local groceries,Delhi,UPI
PS009-202602-008,PS009,2026-02-16,debit,Food,815.14,Swiggy / local groceries,Delhi,UPI
PS009-202602-009,PS009,2026-02-18,debit,Food,596.05,Swiggy / local groceries,Delhi,UPI
PS009-202602-010,PS009,2026-02-21,debit,Food,674.25,Swiggy / local groceries,Delhi,UPI
PS009-202602-011,PS009,2026-02-23,debit,Food,744.21,Swiggy / local groceries,Delhi,UPI
PS009-202602-012,PS009,2026-02-25,debit,Food,532.92,Swiggy / local groceries,Delhi,UPI
PS009-202602-013,PS009,2026-02-27,debit,Food,846.83,Swiggy / local groceries,Delhi,UPI
PS009-202602-014,PS009,2026-02-02,debit,Shopping,1662.68,Amazon / local retail,Delhi,UPI
PS009-202602-015,PS009,2026-02-11,debit,Shopping,1912.11,Amazon / local retail,Delhi,UPI
PS009-202602-016,PS009,2026-02-18,debit,Shopping,1362.61,Amazon / local retail,Delhi,UPI
PS009-202602-017,PS009,2026-02-28,debit,Shopping,1379.6,Amazon / local retail,Delhi,UPI
PS009-202602-018,PS009,2026-02-03,debit,Transport,526.74,Metro / fuel,Delhi,UPI
PS009-202602-019,PS009,2026-02-05,debit,Transport,528.85,Metro / fuel,Delhi,UPI
PS009-202602-020,PS009,2026-02-09,debit,Transport,547.92,Metro / fuel,Delhi,UPI
PS009-202602-021,PS009,2026-02-12,debit,Transport,598.71,Metro / fuel,Delhi,UPI
PS009-202602-022,PS009,2026-02-16,debit,Transport,435.25,Metro / fuel,Delhi,UPI
PS009-202602-023,PS009,2026-02-19,debit,Transport,376.91,Metro / fuel,Delhi,UPI
PS009-202602-024,PS009,2026-02-23,debit,Transport,593.94,Metro / fuel,Delhi,UPI
PS009-202602-025,PS009,2026-02-27,debit,Transport,602.68,Metro / fuel,Delhi,UPI
PS009-202602-026,PS009,2026-02-02,debit,Bills,1866.85,Electricity / mobile,Delhi,UPI
PS009-202602-027,PS009,2026-02-15,debit,Bills,1767.47,Electricity / mobile,Delhi,UPI
PS009-202602-028,PS009,2026-02-28,debit,Bills,1629.68,Electricity / mobile,Delhi,UPI
PS009-202602-029,PS009,2026-02-02,debit,Rent,16318,Monthly rent,Delhi,NEFT
PS009-202602-030,PS009,2026-02-03,debit,Education,1316,Learning centre,Delhi,UPI
PS009-202602-031,PS009,2026-02-02,debit,Healthcare,1316,Pharmacy,Delhi,UPI
PS009-202602-032,PS009,2026-02-03,debit,Entertainment,850.61,Cinema / streaming,Delhi,UPI
PS009-202602-033,PS009,2026-02-14,debit,Entertainment,707.54,Cinema / streaming,Delhi,UPI
PS009-202602-034,PS009,2026-02-28,debit,Entertainment,810.85,Cinema / streaming,Delhi,UPI
PS009-202602-035,PS009,2026-02-03,debit,Investment,3158,Recurring investment,Delhi,UPI
PS009-202602-036,PS009,2026-02-02,debit,UPI Transfer,985.53,Household transfer,Delhi,UPI
PS009-202602-037,PS009,2026-02-28,debit,UPI Transfer,1383.47,Household transfer,Delhi,UPI
PS009-202602-038,PS009,2026-02-02,debit,Other,610.67,Everyday purchase,Delhi,UPI
PS009-202602-039,PS009,2026-02-28,debit,Other,442.33,Everyday purchase,Delhi,UPI
PS009-202602-040,PS009,2026-02-05,debit,EMI,15000,Scheduled loan EMI,Delhi,Auto debit
PS009-202603-001,PS009,2026-03-01,credit,Salary,94000,Monthly salary,Delhi,NEFT
PS009-202603-002,PS009,2026-03-03,debit,Food,699.65,Swiggy / local groceries,Delhi,UPI
PS009-202603-003,PS009,2026-03-05,debit,Food,836.66,Swiggy / local groceries,Delhi,UPI
PS009-202603-004,PS009,2026-03-08,debit,Food,1040.14,Swiggy / local groceries,Delhi,UPI
PS009-202603-005,PS009,2026-03-09,debit,Food,894.63,Swiggy / local groceries,Delhi,UPI
PS009-202603-006,PS009,2026-03-12,debit,Food,744.13,Swiggy / local groceries,Delhi,UPI
PS009-202603-007,PS009,2026-03-14,debit,Food,657.16,Swiggy / local groceries,Delhi,UPI
PS009-202603-008,PS009,2026-03-18,debit,Food,580.28,Swiggy / local groceries,Delhi,UPI
PS009-202603-009,PS009,2026-03-19,debit,Food,680.2,Swiggy / local groceries,Delhi,UPI
PS009-202603-010,PS009,2026-03-23,debit,Food,620.93,Swiggy / local groceries,Delhi,UPI
PS009-202603-011,PS009,2026-03-24,debit,Food,667.31,Swiggy / local groceries,Delhi,UPI
PS009-202603-012,PS009,2026-03-27,debit,Food,770.57,Swiggy / local groceries,Delhi,UPI
PS009-202603-013,PS009,2026-03-30,debit,Food,757.34,Swiggy / local groceries,Delhi,UPI
PS009-202603-014,PS009,2026-03-03,debit,Shopping,1714.89,Amazon / local retail,Delhi,UPI
PS009-202603-015,PS009,2026-03-11,debit,Shopping,1369.34,Amazon / local retail,Delhi,UPI
PS009-202603-016,PS009,2026-03-21,debit,Shopping,1855.53,Amazon / local retail,Delhi,UPI
PS009-202603-017,PS009,2026-03-30,debit,Shopping,1377.24,Amazon / local retail,Delhi,UPI
PS009-202603-018,PS009,2026-03-02,debit,Transport,634.98,Metro / fuel,Delhi,UPI
PS009-202603-019,PS009,2026-03-06,debit,Transport,440.74,Metro / fuel,Delhi,UPI
PS009-202603-020,PS009,2026-03-11,debit,Transport,396.87,Metro / fuel,Delhi,UPI
PS009-202603-021,PS009,2026-03-15,debit,Transport,385.13,Metro / fuel,Delhi,UPI
PS009-202603-022,PS009,2026-03-19,debit,Transport,572.19,Metro / fuel,Delhi,UPI
PS009-202603-023,PS009,2026-03-22,debit,Transport,594.3,Metro / fuel,Delhi,UPI
PS009-202603-024,PS009,2026-03-27,debit,Transport,539.4,Metro / fuel,Delhi,UPI
PS009-202603-025,PS009,2026-03-30,debit,Transport,647.39,Metro / fuel,Delhi,UPI
PS009-202603-026,PS009,2026-03-02,debit,Bills,1959.62,Electricity / mobile,Delhi,UPI
PS009-202603-027,PS009,2026-03-16,debit,Bills,1439.59,Electricity / mobile,Delhi,UPI
PS009-202603-028,PS009,2026-03-31,debit,Bills,1864.79,Electricity / mobile,Delhi,UPI
PS009-202603-029,PS009,2026-03-03,debit,Rent,16318,Monthly rent,Delhi,NEFT
PS009-202603-030,PS009,2026-03-02,debit,Education,1316,Learning centre,Delhi,UPI
PS009-202603-031,PS009,2026-03-02,debit,Healthcare,1316,Pharmacy,Delhi,UPI
PS009-202603-032,PS009,2026-03-02,debit,Entertainment,816.67,Cinema / streaming,Delhi,UPI
PS009-202603-033,PS009,2026-03-17,debit,Entertainment,671.52,Cinema / streaming,Delhi,UPI
PS009-202603-034,PS009,2026-03-31,debit,Entertainment,880.81,Cinema / streaming,Delhi,UPI
PS009-202603-035,PS009,2026-03-03,debit,Investment,3158,Recurring investment,Delhi,UPI
PS009-202603-036,PS009,2026-03-03,debit,UPI Transfer,1060.5,Household transfer,Delhi,UPI
PS009-202603-037,PS009,2026-03-31,debit,UPI Transfer,1308.5,Household transfer,Delhi,UPI
PS009-202603-038,PS009,2026-03-02,debit,Other,532.74,Everyday purchase,Delhi,UPI
PS009-202603-039,PS009,2026-03-30,debit,Other,520.26,Everyday purchase,Delhi,UPI
PS009-202603-040,PS009,2026-03-05,debit,EMI,15000,Scheduled loan EMI,Delhi,Auto debit
PS009-202604-001,PS009,2026-04-01,credit,Salary,94000,Monthly salary,Delhi,NEFT
PS009-202604-002,PS009,2026-04-02,debit,Food,891.66,Swiggy / local groceries,Delhi,UPI
PS009-202604-003,PS009,2026-04-05,debit,Food,669.92,Swiggy / local groceries,Delhi,UPI
PS009-202604-004,PS009,2026-04-06,debit,Food,684.94,Swiggy / local groceries,Delhi,UPI
PS009-202604-005,PS009,2026-04-10,debit,Food,766.68,Swiggy / local groceries,Delhi,UPI
PS009-202604-006,PS009,2026-04-12,debit,Food,862.22,Swiggy / local groceries,Delhi,UPI
PS009-202604-007,PS009,2026-04-14,debit,Food,780.24,Swiggy / local groceries,Delhi,UPI
PS009-202604-008,PS009,2026-04-17,debit,Food,722.1,Swiggy / local groceries,Delhi,UPI
PS009-202604-009,PS009,2026-04-19,debit,Food,536.21,Swiggy / local groceries,Delhi,UPI
PS009-202604-010,PS009,2026-04-21,debit,Food,531.77,Swiggy / local groceries,Delhi,UPI
PS009-202604-011,PS009,2026-04-24,debit,Food,829.19,Swiggy / local groceries,Delhi,UPI
PS009-202604-012,PS009,2026-04-27,debit,Food,909.04,Swiggy / local groceries,Delhi,UPI
PS009-202604-013,PS009,2026-04-29,debit,Food,765.03,Swiggy / local groceries,Delhi,UPI
PS009-202604-014,PS009,2026-04-02,debit,Shopping,1752.16,Amazon / local retail,Delhi,UPI
PS009-202604-015,PS009,2026-04-11,debit,Shopping,1387.3,Amazon / local retail,Delhi,UPI
PS009-202604-016,PS009,2026-04-20,debit,Shopping,1355.76,Amazon / local retail,Delhi,UPI
PS009-202604-017,PS009,2026-04-29,debit,Shopping,1821.78,Amazon / local retail,Delhi,UPI
PS009-202604-018,PS009,2026-04-02,debit,Transport,533.87,Metro / fuel,Delhi,UPI
PS009-202604-019,PS009,2026-04-06,debit,Transport,408.68,Metro / fuel,Delhi,UPI
PS009-202604-020,PS009,2026-04-09,debit,Transport,682.94,Metro / fuel,Delhi,UPI
PS009-202604-021,PS009,2026-04-13,debit,Transport,537.96,Metro / fuel,Delhi,UPI
PS009-202604-022,PS009,2026-04-17,debit,Transport,415.98,Metro / fuel,Delhi,UPI
PS009-202604-023,PS009,2026-04-21,debit,Transport,481.75,Metro / fuel,Delhi,UPI
PS009-202604-024,PS009,2026-04-25,debit,Transport,594.5,Metro / fuel,Delhi,UPI
PS009-202604-025,PS009,2026-04-29,debit,Transport,555.32,Metro / fuel,Delhi,UPI
PS009-202604-026,PS009,2026-04-03,debit,Bills,1764.22,Electricity / mobile,Delhi,UPI
PS009-202604-027,PS009,2026-04-15,debit,Bills,2068.06,Electricity / mobile,Delhi,UPI
PS009-202604-028,PS009,2026-04-29,debit,Bills,1431.72,Electricity / mobile,Delhi,UPI
PS009-202604-029,PS009,2026-04-02,debit,Rent,16318,Monthly rent,Delhi,NEFT
PS009-202604-030,PS009,2026-04-03,debit,Education,1316,Learning centre,Delhi,UPI
PS009-202604-031,PS009,2026-04-03,debit,Healthcare,1316,Pharmacy,Delhi,UPI
PS009-202604-032,PS009,2026-04-02,debit,Entertainment,1031.88,Cinema / streaming,Delhi,UPI
PS009-202604-033,PS009,2026-04-16,debit,Entertainment,708.54,Cinema / streaming,Delhi,UPI
PS009-202604-034,PS009,2026-04-30,debit,Entertainment,628.58,Cinema / streaming,Delhi,UPI
PS009-202604-035,PS009,2026-04-03,debit,Investment,3158,Recurring investment,Delhi,UPI
PS009-202604-036,PS009,2026-04-03,debit,UPI Transfer,1018.58,Household transfer,Delhi,UPI
PS009-202604-037,PS009,2026-04-30,debit,UPI Transfer,1350.42,Household transfer,Delhi,UPI
PS009-202604-038,PS009,2026-04-02,debit,Other,484.15,Everyday purchase,Delhi,UPI
PS009-202604-039,PS009,2026-04-30,debit,Other,568.85,Everyday purchase,Delhi,UPI
PS009-202604-040,PS009,2026-04-05,debit,EMI,15000,Scheduled loan EMI,Delhi,Auto debit
PS009-202605-001,PS009,2026-05-01,credit,Salary,94000,Monthly salary,Delhi,NEFT
PS009-202605-002,PS009,2026-05-03,debit,Food,703.68,Swiggy / local groceries,Delhi,UPI
PS009-202605-003,PS009,2026-05-04,debit,Food,666.19,Swiggy / local groceries,Delhi,UPI
PS009-202605-004,PS009,2026-05-08,debit,Food,634.32,Swiggy / local groceries,Delhi,UPI
PS009-202605-005,PS009,2026-05-10,debit,Food,619.2,Swiggy / local groceries,Delhi,UPI
PS009-202605-006,PS009,2026-05-12,debit,Food,829.7,Swiggy / local groceries,Delhi,UPI
PS009-202605-007,PS009,2026-05-14,debit,Food,924.16,Swiggy / local groceries,Delhi,UPI
PS009-202605-008,PS009,2026-05-18,debit,Food,640.4,Swiggy / local groceries,Delhi,UPI
PS009-202605-009,PS009,2026-05-19,debit,Food,899.29,Swiggy / local groceries,Delhi,UPI
PS009-202605-010,PS009,2026-05-23,debit,Food,843.5,Swiggy / local groceries,Delhi,UPI
PS009-202605-011,PS009,2026-05-25,debit,Food,680.02,Swiggy / local groceries,Delhi,UPI
PS009-202605-012,PS009,2026-05-27,debit,Food,932.02,Swiggy / local groceries,Delhi,UPI
PS009-202605-013,PS009,2026-05-30,debit,Food,576.52,Swiggy / local groceries,Delhi,UPI
PS009-202605-014,PS009,2026-05-02,debit,Shopping,1739.07,Amazon / local retail,Delhi,UPI
PS009-202605-015,PS009,2026-05-12,debit,Shopping,1319.88,Amazon / local retail,Delhi,UPI
PS009-202605-016,PS009,2026-05-20,debit,Shopping,1362.48,Amazon / local retail,Delhi,UPI
PS009-202605-017,PS009,2026-05-31,debit,Shopping,1895.57,Amazon / local retail,Delhi,UPI
PS009-202605-018,PS009,2026-05-02,debit,Transport,543.66,Metro / fuel,Delhi,UPI
PS009-202605-019,PS009,2026-05-07,debit,Transport,635.31,Metro / fuel,Delhi,UPI
PS009-202605-020,PS009,2026-05-10,debit,Transport,484.17,Metro / fuel,Delhi,UPI
PS009-202605-021,PS009,2026-05-14,debit,Transport,496.23,Metro / fuel,Delhi,UPI
PS009-202605-022,PS009,2026-05-19,debit,Transport,628.36,Metro / fuel,Delhi,UPI
PS009-202605-023,PS009,2026-05-22,debit,Transport,489.8,Metro / fuel,Delhi,UPI
PS009-202605-024,PS009,2026-05-26,debit,Transport,533.2,Metro / fuel,Delhi,UPI
PS009-202605-025,PS009,2026-05-31,debit,Transport,400.27,Metro / fuel,Delhi,UPI
PS009-202605-026,PS009,2026-05-02,debit,Bills,1362.35,Electricity / mobile,Delhi,UPI
PS009-202605-027,PS009,2026-05-17,debit,Bills,1481.53,Electricity / mobile,Delhi,UPI
PS009-202605-028,PS009,2026-05-30,debit,Bills,2420.12,Electricity / mobile,Delhi,UPI
PS009-202605-029,PS009,2026-05-03,debit,Rent,16318,Monthly rent,Delhi,NEFT
PS009-202605-030,PS009,2026-05-03,debit,Education,1316,Learning centre,Delhi,UPI
PS009-202605-031,PS009,2026-05-03,debit,Healthcare,1316,Pharmacy,Delhi,UPI
PS009-202605-032,PS009,2026-05-02,debit,Entertainment,1082.08,Cinema / streaming,Delhi,UPI
PS009-202605-033,PS009,2026-05-16,debit,Entertainment,644.25,Cinema / streaming,Delhi,UPI
PS009-202605-034,PS009,2026-05-30,debit,Entertainment,642.67,Cinema / streaming,Delhi,UPI
PS009-202605-035,PS009,2026-05-03,debit,Investment,3158,Recurring investment,Delhi,UPI
PS009-202605-036,PS009,2026-05-02,debit,UPI Transfer,1300.7,Household transfer,Delhi,UPI
PS009-202605-037,PS009,2026-05-30,debit,UPI Transfer,1068.3,Household transfer,Delhi,UPI
PS009-202605-038,PS009,2026-05-02,debit,Other,434.29,Everyday purchase,Delhi,UPI
PS009-202605-039,PS009,2026-05-31,debit,Other,618.71,Everyday purchase,Delhi,UPI
PS009-202605-040,PS009,2026-05-05,debit,EMI,15000,Scheduled loan EMI,Delhi,Auto debit
PS009-202606-001,PS009,2026-06-01,credit,Salary,94000,Monthly salary,Delhi,NEFT
PS009-202606-002,PS009,2026-06-03,debit,Food,746.53,Swiggy / local groceries,Delhi,UPI
PS009-202606-003,PS009,2026-06-04,debit,Food,816.69,Swiggy / local groceries,Delhi,UPI
PS009-202606-004,PS009,2026-06-07,debit,Food,877.07,Swiggy / local groceries,Delhi,UPI
PS009-202606-005,PS009,2026-06-09,debit,Food,693.73,Swiggy / local groceries,Delhi,UPI
PS009-202606-006,PS009,2026-06-12,debit,Food,670.19,Swiggy / local groceries,Delhi,UPI
PS009-202606-007,PS009,2026-06-14,debit,Food,801.45,Swiggy / local groceries,Delhi,UPI
PS009-202606-008,PS009,2026-06-17,debit,Food,608.67,Swiggy / local groceries,Delhi,UPI
PS009-202606-009,PS009,2026-06-19,debit,Food,560.47,Swiggy / local groceries,Delhi,UPI
PS009-202606-010,PS009,2026-06-22,debit,Food,782.4,Swiggy / local groceries,Delhi,UPI
PS009-202606-011,PS009,2026-06-25,debit,Food,711.78,Swiggy / local groceries,Delhi,UPI
PS009-202606-012,PS009,2026-06-27,debit,Food,870.62,Swiggy / local groceries,Delhi,UPI
PS009-202606-013,PS009,2026-06-30,debit,Food,809.4,Swiggy / local groceries,Delhi,UPI
PS009-202606-014,PS009,2026-06-02,debit,Shopping,1670.38,Amazon / local retail,Delhi,UPI
PS009-202606-015,PS009,2026-06-12,debit,Shopping,1654.49,Amazon / local retail,Delhi,UPI
PS009-202606-016,PS009,2026-06-20,debit,Shopping,1532.79,Amazon / local retail,Delhi,UPI
PS009-202606-017,PS009,2026-06-30,debit,Shopping,1459.34,Amazon / local retail,Delhi,UPI
PS009-202606-018,PS009,2026-06-02,debit,Transport,479.69,Metro / fuel,Delhi,UPI
PS009-202606-019,PS009,2026-06-05,debit,Transport,627.54,Metro / fuel,Delhi,UPI
PS009-202606-020,PS009,2026-06-10,debit,Transport,598.98,Metro / fuel,Delhi,UPI
PS009-202606-021,PS009,2026-06-13,debit,Transport,406.95,Metro / fuel,Delhi,UPI
PS009-202606-022,PS009,2026-06-17,debit,Transport,430.04,Metro / fuel,Delhi,UPI
PS009-202606-023,PS009,2026-06-22,debit,Transport,585.6,Metro / fuel,Delhi,UPI
PS009-202606-024,PS009,2026-06-26,debit,Transport,686.61,Metro / fuel,Delhi,UPI
PS009-202606-025,PS009,2026-06-29,debit,Transport,395.59,Metro / fuel,Delhi,UPI
PS009-202606-026,PS009,2026-06-03,debit,Bills,1484.75,Electricity / mobile,Delhi,UPI
PS009-202606-027,PS009,2026-06-16,debit,Bills,1826.97,Electricity / mobile,Delhi,UPI
PS009-202606-028,PS009,2026-06-29,debit,Bills,1952.28,Electricity / mobile,Delhi,UPI
PS009-202606-029,PS009,2026-06-02,debit,Rent,16318,Monthly rent,Delhi,NEFT
PS009-202606-030,PS009,2026-06-03,debit,Education,1316,Learning centre,Delhi,UPI
PS009-202606-031,PS009,2026-06-02,debit,Healthcare,1316,Pharmacy,Delhi,UPI
PS009-202606-032,PS009,2026-06-02,debit,Entertainment,671.98,Cinema / streaming,Delhi,UPI
PS009-202606-033,PS009,2026-06-16,debit,Entertainment,811.93,Cinema / streaming,Delhi,UPI
PS009-202606-034,PS009,2026-06-29,debit,Entertainment,885.09,Cinema / streaming,Delhi,UPI
PS009-202606-035,PS009,2026-06-02,debit,Investment,3158,Recurring investment,Delhi,UPI
PS009-202606-036,PS009,2026-06-03,debit,UPI Transfer,1195.4,Household transfer,Delhi,UPI
PS009-202606-037,PS009,2026-06-29,debit,UPI Transfer,1173.6,Household transfer,Delhi,UPI
PS009-202606-038,PS009,2026-06-02,debit,Other,467.14,Everyday purchase,Delhi,UPI
PS009-202606-039,PS009,2026-06-29,debit,Other,585.86,Everyday purchase,Delhi,UPI
PS009-202606-040,PS009,2026-06-05,debit,EMI,15000,Scheduled loan EMI,Delhi,Auto debit
PS009-202607-001,PS009,2026-07-01,credit,Salary,94000,Monthly salary,Delhi,NEFT
PS009-202607-002,PS009,2026-07-03,debit,Food,631.1,Swiggy / local groceries,Delhi,UPI
PS009-202607-003,PS009,2026-07-04,debit,Food,738.59,Swiggy / local groceries,Delhi,UPI
PS009-202607-004,PS009,2026-07-07,debit,Food,908.65,Swiggy / local groceries,Delhi,UPI
PS009-202607-005,PS009,2026-07-10,debit,Food,557.69,Swiggy / local groceries,Delhi,UPI
PS009-202607-006,PS009,2026-07-12,debit,Food,733.17,Swiggy / local groceries,Delhi,UPI
PS009-202607-007,PS009,2026-07-14,debit,Food,622.78,Swiggy / local groceries,Delhi,UPI
PS009-202607-008,PS009,2026-07-18,debit,Food,834.35,Swiggy / local groceries,Delhi,UPI
PS009-202607-009,PS009,2026-07-20,debit,Food,938.39,Swiggy / local groceries,Delhi,UPI
PS009-202607-010,PS009,2026-07-22,debit,Food,887.02,Swiggy / local groceries,Delhi,UPI
PS009-202607-011,PS009,2026-07-24,debit,Food,545.46,Swiggy / local groceries,Delhi,UPI
PS009-202607-012,PS009,2026-07-27,debit,Food,654.28,Swiggy / local groceries,Delhi,UPI
PS009-202607-013,PS009,2026-07-31,debit,Food,897.52,Swiggy / local groceries,Delhi,UPI
PS009-202607-014,PS009,2026-07-02,debit,Shopping,1721.25,Amazon / local retail,Delhi,UPI
PS009-202607-015,PS009,2026-07-11,debit,Shopping,1079.82,Amazon / local retail,Delhi,UPI
PS009-202607-016,PS009,2026-07-20,debit,Shopping,1636.03,Amazon / local retail,Delhi,UPI
PS009-202607-017,PS009,2026-07-31,debit,Shopping,1879.9,Amazon / local retail,Delhi,UPI
PS009-202607-018,PS009,2026-07-03,debit,Transport,385.13,Metro / fuel,Delhi,UPI
PS009-202607-019,PS009,2026-07-06,debit,Transport,616.72,Metro / fuel,Delhi,UPI
PS009-202607-020,PS009,2026-07-10,debit,Transport,606.46,Metro / fuel,Delhi,UPI
PS009-202607-021,PS009,2026-07-14,debit,Transport,401.37,Metro / fuel,Delhi,UPI
PS009-202607-022,PS009,2026-07-18,debit,Transport,619.93,Metro / fuel,Delhi,UPI
PS009-202607-023,PS009,2026-07-22,debit,Transport,549.36,Metro / fuel,Delhi,UPI
PS009-202607-024,PS009,2026-07-27,debit,Transport,415.25,Metro / fuel,Delhi,UPI
PS009-202607-025,PS009,2026-07-30,debit,Transport,616.78,Metro / fuel,Delhi,UPI
PS009-202607-026,PS009,2026-07-02,debit,Bills,1690.92,Electricity / mobile,Delhi,UPI
PS009-202607-027,PS009,2026-07-17,debit,Bills,1498.75,Electricity / mobile,Delhi,UPI
PS009-202607-028,PS009,2026-07-31,debit,Bills,2074.33,Electricity / mobile,Delhi,UPI
PS009-202607-029,PS009,2026-07-03,debit,Rent,16318,Monthly rent,Delhi,NEFT
PS009-202607-030,PS009,2026-07-03,debit,Education,1316,Learning centre,Delhi,UPI
PS009-202607-031,PS009,2026-07-02,debit,Healthcare,1316,Pharmacy,Delhi,UPI
PS009-202607-032,PS009,2026-07-02,debit,Entertainment,670.0,Cinema / streaming,Delhi,UPI
PS009-202607-033,PS009,2026-07-17,debit,Entertainment,852.64,Cinema / streaming,Delhi,UPI
PS009-202607-034,PS009,2026-07-30,debit,Entertainment,846.36,Cinema / streaming,Delhi,UPI
PS009-202607-035,PS009,2026-07-03,debit,Investment,3158,Recurring investment,Delhi,UPI
PS009-202607-036,PS009,2026-07-03,debit,UPI Transfer,1137.54,Household transfer,Delhi,UPI
PS009-202607-037,PS009,2026-07-31,debit,UPI Transfer,1231.46,Household transfer,Delhi,UPI
PS009-202607-038,PS009,2026-07-02,debit,Other,562.96,Everyday purchase,Delhi,UPI
PS009-202607-039,PS009,2026-07-31,debit,Other,490.04,Everyday purchase,Delhi,UPI
PS009-202607-040,PS009,2026-07-05,debit,EMI,15000,Scheduled loan EMI,Delhi,Auto debit
PS009-202608-001,PS009,2026-08-01,credit,Salary,94000,Monthly salary,Delhi,NEFT
PS009-202608-002,PS009,2026-08-02,debit,Food,858.42,Swiggy / local groceries,Delhi,UPI
PS009-202608-003,PS009,2026-08-05,debit,Food,642.1,Swiggy / local groceries,Delhi,UPI
PS009-202608-004,PS009,2026-08-08,debit,Food,786.27,Swiggy / local groceries,Delhi,UPI
PS009-202608-005,PS009,2026-08-10,debit,Food,638.6,Swiggy / local groceries,Delhi,UPI
PS009-202608-006,PS009,2026-08-13,debit,Food,855.36,Swiggy / local groceries,Delhi,UPI
PS009-202608-007,PS009,2026-08-14,debit,Food,671.78,Swiggy / local groceries,Delhi,UPI
PS009-202608-008,PS009,2026-08-18,debit,Food,857.18,Swiggy / local groceries,Delhi,UPI
PS009-202608-009,PS009,2026-08-19,debit,Food,735.49,Swiggy / local groceries,Delhi,UPI
PS009-202608-010,PS009,2026-08-23,debit,Food,572.98,Swiggy / local groceries,Delhi,UPI
PS009-202608-011,PS009,2026-08-24,debit,Food,844.72,Swiggy / local groceries,Delhi,UPI
PS009-202608-012,PS009,2026-08-28,debit,Food,802.33,Swiggy / local groceries,Delhi,UPI
PS009-202608-013,PS009,2026-08-30,debit,Food,683.77,Swiggy / local groceries,Delhi,UPI
PS009-202608-014,PS009,2026-08-03,debit,Shopping,1142.65,Amazon / local retail,Delhi,UPI
PS009-202608-015,PS009,2026-08-12,debit,Shopping,1681.44,Amazon / local retail,Delhi,UPI
PS009-202608-016,PS009,2026-08-20,debit,Shopping,1718.39,Amazon / local retail,Delhi,UPI
PS009-202608-017,PS009,2026-08-31,debit,Shopping,1774.52,Amazon / local retail,Delhi,UPI
PS009-202608-018,PS009,2026-08-02,debit,Transport,549.35,Metro / fuel,Delhi,UPI
PS009-202608-019,PS009,2026-08-07,debit,Transport,431.68,Metro / fuel,Delhi,UPI
PS009-202608-020,PS009,2026-08-11,debit,Transport,658.18,Metro / fuel,Delhi,UPI
PS009-202608-021,PS009,2026-08-15,debit,Transport,588.15,Metro / fuel,Delhi,UPI
PS009-202608-022,PS009,2026-08-19,debit,Transport,418.01,Metro / fuel,Delhi,UPI
PS009-202608-023,PS009,2026-08-22,debit,Transport,461.92,Metro / fuel,Delhi,UPI
PS009-202608-024,PS009,2026-08-27,debit,Transport,491.1,Metro / fuel,Delhi,UPI
PS009-202608-025,PS009,2026-08-31,debit,Transport,612.61,Metro / fuel,Delhi,UPI
PS009-202608-026,PS009,2026-08-02,debit,Bills,1773.22,Electricity / mobile,Delhi,UPI
PS009-202608-027,PS009,2026-08-16,debit,Bills,1731.38,Electricity / mobile,Delhi,UPI
PS009-202608-028,PS009,2026-08-30,debit,Bills,1759.4,Electricity / mobile,Delhi,UPI
PS009-202608-029,PS009,2026-08-02,debit,Rent,16318,Monthly rent,Delhi,NEFT
PS009-202608-030,PS009,2026-08-03,debit,Education,1316,Learning centre,Delhi,UPI
PS009-202608-031,PS009,2026-08-02,debit,Healthcare,1316,Pharmacy,Delhi,UPI
PS009-202608-032,PS009,2026-08-02,debit,Entertainment,710.6,Cinema / streaming,Delhi,UPI
PS009-202608-033,PS009,2026-08-17,debit,Entertainment,757.91,Cinema / streaming,Delhi,UPI
PS009-202608-034,PS009,2026-08-31,debit,Entertainment,900.49,Cinema / streaming,Delhi,UPI
PS009-202608-035,PS009,2026-08-03,debit,Investment,3158,Recurring investment,Delhi,UPI
PS009-202608-036,PS009,2026-08-02,debit,UPI Transfer,1415.03,Household transfer,Delhi,UPI
PS009-202608-037,PS009,2026-08-31,debit,UPI Transfer,953.97,Household transfer,Delhi,UPI
PS009-202608-038,PS009,2026-08-02,debit,Other,504.21,Everyday purchase,Delhi,UPI
PS009-202608-039,PS009,2026-08-31,debit,Other,548.79,Everyday purchase,Delhi,UPI
PS009-202608-040,PS009,2026-08-05,debit,EMI,15000,Scheduled loan EMI,Delhi,Auto debit
PS010-202512-001,PS010,2025-12-01,credit,Salary,58000,Monthly salary,Surat,NEFT
PS010-202512-002,PS010,2025-12-03,debit,Food,492.21,Swiggy / local groceries,Surat,UPI
PS010-202512-003,PS010,2025-12-04,debit,Food,294.36,Swiggy / local groceries,Surat,UPI
PS010-202512-004,PS010,2025-12-08,debit,Food,418.36,Swiggy / local groceries,Surat,UPI
PS010-202512-005,PS010,2025-12-09,debit,Food,487.58,Swiggy / local groceries,Surat,UPI
PS010-202512-006,PS010,2025-12-12,debit,Food,284.26,Swiggy / local groceries,Surat,UPI
PS010-202512-007,PS010,2025-12-14,debit,Food,413.32,Swiggy / local groceries,Surat,UPI
PS010-202512-008,PS010,2025-12-17,debit,Food,376.03,Swiggy / local groceries,Surat,UPI
PS010-202512-009,PS010,2025-12-19,debit,Food,504.99,Swiggy / local groceries,Surat,UPI
PS010-202512-010,PS010,2025-12-22,debit,Food,422.26,Swiggy / local groceries,Surat,UPI
PS010-202512-011,PS010,2025-12-25,debit,Food,507.16,Swiggy / local groceries,Surat,UPI
PS010-202512-012,PS010,2025-12-28,debit,Food,384.37,Swiggy / local groceries,Surat,UPI
PS010-202512-013,PS010,2025-12-30,debit,Food,444.1,Swiggy / local groceries,Surat,UPI
PS010-202512-014,PS010,2025-12-02,debit,Shopping,749.8,Amazon / local retail,Surat,UPI
PS010-202512-015,PS010,2025-12-12,debit,Shopping,971.59,Amazon / local retail,Surat,UPI
PS010-202512-016,PS010,2025-12-20,debit,Shopping,993.25,Amazon / local retail,Surat,UPI
PS010-202512-017,PS010,2025-12-30,debit,Shopping,835.36,Amazon / local retail,Surat,UPI
PS010-202512-018,PS010,2025-12-03,debit,Transport,307.8,Metro / fuel,Surat,UPI
PS010-202512-019,PS010,2025-12-07,debit,Transport,288.69,Metro / fuel,Surat,UPI
PS010-202512-020,PS010,2025-12-11,debit,Transport,279.17,Metro / fuel,Surat,UPI
PS010-202512-021,PS010,2025-12-15,debit,Transport,286.7,Metro / fuel,Surat,UPI
PS010-202512-022,PS010,2025-12-18,debit,Transport,207.85,Metro / fuel,Surat,UPI
PS010-202512-023,PS010,2025-12-23,debit,Transport,342.08,Metro / fuel,Surat,UPI
PS010-202512-024,PS010,2025-12-27,debit,Transport,336.02,Metro / fuel,Surat,UPI
PS010-202512-025,PS010,2025-12-31,debit,Transport,317.69,Metro / fuel,Surat,UPI
PS010-202512-026,PS010,2025-12-02,debit,Bills,830.21,Electricity / mobile,Surat,UPI
PS010-202512-027,PS010,2025-12-17,debit,Bills,887.01,Electricity / mobile,Surat,UPI
PS010-202512-028,PS010,2025-12-31,debit,Bills,1240.78,Electricity / mobile,Surat,UPI
PS010-202512-029,PS010,2025-12-02,debit,Rent,9170,Monthly rent,Surat,NEFT
PS010-202512-030,PS010,2025-12-03,debit,Education,740,Learning centre,Surat,UPI
PS010-202512-031,PS010,2025-12-02,debit,Healthcare,740,Pharmacy,Surat,UPI
PS010-202512-032,PS010,2025-12-03,debit,Entertainment,309.55,Cinema / streaming,Surat,UPI
PS010-202512-033,PS010,2025-12-17,debit,Entertainment,498.71,Cinema / streaming,Surat,UPI
PS010-202512-034,PS010,2025-12-30,debit,Entertainment,522.74,Cinema / streaming,Surat,UPI
PS010-202512-035,PS010,2025-12-02,debit,Investment,1775,Recurring investment,Surat,UPI
PS010-202512-036,PS010,2025-12-03,debit,UPI Transfer,645.76,Household transfer,Surat,UPI
PS010-202512-037,PS010,2025-12-30,debit,UPI Transfer,685.24,Household transfer,Surat,UPI
PS010-202512-038,PS010,2025-12-02,debit,Other,297.42,Everyday purchase,Surat,UPI
PS010-202512-039,PS010,2025-12-30,debit,Other,294.58,Everyday purchase,Surat,UPI
PS010-202512-040,PS010,2025-12-05,debit,EMI,4500,Scheduled loan EMI,Surat,Auto debit
PS010-202601-001,PS010,2026-01-01,credit,Salary,58000,Monthly salary,Surat,NEFT
PS010-202601-002,PS010,2026-01-02,debit,Food,421.94,Swiggy / local groceries,Surat,UPI
PS010-202601-003,PS010,2026-01-05,debit,Food,437.69,Swiggy / local groceries,Surat,UPI
PS010-202601-004,PS010,2026-01-07,debit,Food,321.99,Swiggy / local groceries,Surat,UPI
PS010-202601-005,PS010,2026-01-10,debit,Food,390.05,Swiggy / local groceries,Surat,UPI
PS010-202601-006,PS010,2026-01-12,debit,Food,431.21,Swiggy / local groceries,Surat,UPI
PS010-202601-007,PS010,2026-01-15,debit,Food,405.13,Swiggy / local groceries,Surat,UPI
PS010-202601-008,PS010,2026-01-18,debit,Food,409.74,Swiggy / local groceries,Surat,UPI
PS010-202601-009,PS010,2026-01-20,debit,Food,446.14,Swiggy / local groceries,Surat,UPI
PS010-202601-010,PS010,2026-01-23,debit,Food,319.05,Swiggy / local groceries,Surat,UPI
PS010-202601-011,PS010,2026-01-24,debit,Food,439.04,Swiggy / local groceries,Surat,UPI
PS010-202601-012,PS010,2026-01-27,debit,Food,430.16,Swiggy / local groceries,Surat,UPI
PS010-202601-013,PS010,2026-01-31,debit,Food,447.86,Swiggy / local groceries,Surat,UPI
PS010-202601-014,PS010,2026-01-02,debit,Shopping,995.78,Amazon / local retail,Surat,UPI
PS010-202601-015,PS010,2026-01-11,debit,Shopping,1086.29,Amazon / local retail,Surat,UPI
PS010-202601-016,PS010,2026-01-20,debit,Shopping,763.71,Amazon / local retail,Surat,UPI
PS010-202601-017,PS010,2026-01-31,debit,Shopping,613.22,Amazon / local retail,Surat,UPI
PS010-202601-018,PS010,2026-01-02,debit,Transport,326.71,Metro / fuel,Surat,UPI
PS010-202601-019,PS010,2026-01-07,debit,Transport,377.68,Metro / fuel,Surat,UPI
PS010-202601-020,PS010,2026-01-11,debit,Transport,327.06,Metro / fuel,Surat,UPI
PS010-202601-021,PS010,2026-01-14,debit,Transport,346.79,Metro / fuel,Surat,UPI
PS010-202601-022,PS010,2026-01-18,debit,Transport,213.43,Metro / fuel,Surat,UPI
PS010-202601-023,PS010,2026-01-22,debit,Transport,246.73,Metro / fuel,Surat,UPI
PS010-202601-024,PS010,2026-01-27,debit,Transport,221.77,Metro / fuel,Surat,UPI
PS010-202601-025,PS010,2026-01-30,debit,Transport,245.83,Metro / fuel,Surat,UPI
PS010-202601-026,PS010,2026-01-03,debit,Bills,970.95,Electricity / mobile,Surat,UPI
PS010-202601-027,PS010,2026-01-17,debit,Bills,1006.79,Electricity / mobile,Surat,UPI
PS010-202601-028,PS010,2026-01-30,debit,Bills,905.26,Electricity / mobile,Surat,UPI
PS010-202601-029,PS010,2026-01-02,debit,Rent,8936,Monthly rent,Surat,NEFT
PS010-202601-030,PS010,2026-01-03,debit,Education,721,Learning centre,Surat,UPI
PS010-202601-031,PS010,2026-01-02,debit,Healthcare,721,Pharmacy,Surat,UPI
PS010-202601-032,PS010,2026-01-03,debit,Entertainment,482.94,Cinema / streaming,Surat,UPI
PS010-202601-033,PS010,2026-01-16,debit,Entertainment,392.27,Cinema / streaming,Surat,UPI
PS010-202601-034,PS010,2026-01-30,debit,Entertainment,421.79,Cinema / streaming,Surat,UPI
PS010-202601-035,PS010,2026-01-03,debit,Investment,1730,Recurring investment,Surat,UPI
PS010-202601-036,PS010,2026-01-02,debit,UPI Transfer,719.69,Household transfer,Surat,UPI
PS010-202601-037,PS010,2026-01-30,debit,UPI Transfer,577.31,Household transfer,Surat,UPI
PS010-202601-038,PS010,2026-01-03,debit,Other,289.45,Everyday purchase,Surat,UPI
PS010-202601-039,PS010,2026-01-30,debit,Other,287.55,Everyday purchase,Surat,UPI
PS010-202601-040,PS010,2026-01-05,debit,EMI,4500,Scheduled loan EMI,Surat,Auto debit
PS010-202602-001,PS010,2026-02-01,credit,Salary,58000,Monthly salary,Surat,NEFT
PS010-202602-002,PS010,2026-02-03,debit,Food,454.69,Swiggy / local groceries,Surat,UPI
PS010-202602-003,PS010,2026-02-05,debit,Food,291.25,Swiggy / local groceries,Surat,UPI
PS010-202602-004,PS010,2026-02-06,debit,Food,330.13,Swiggy / local groceries,Surat,UPI
PS010-202602-005,PS010,2026-02-09,debit,Food,444.5,Swiggy / local groceries,Surat,UPI
PS010-202602-006,PS010,2026-02-11,debit,Food,311.84,Swiggy / local groceries,Surat,UPI
PS010-202602-007,PS010,2026-02-14,debit,Food,468.91,Swiggy / local groceries,Surat,UPI
PS010-202602-008,PS010,2026-02-16,debit,Food,372.64,Swiggy / local groceries,Surat,UPI
PS010-202602-009,PS010,2026-02-18,debit,Food,403.0,Swiggy / local groceries,Surat,UPI
PS010-202602-010,PS010,2026-02-21,debit,Food,422.24,Swiggy / local groceries,Surat,UPI
PS010-202602-011,PS010,2026-02-23,debit,Food,492.21,Swiggy / local groceries,Surat,UPI
PS010-202602-012,PS010,2026-02-25,debit,Food,494.78,Swiggy / local groceries,Surat,UPI
PS010-202602-013,PS010,2026-02-28,debit,Food,285.81,Swiggy / local groceries,Surat,UPI
PS010-202602-014,PS010,2026-02-03,debit,Shopping,774.2,Amazon / local retail,Surat,UPI
PS010-202602-015,PS010,2026-02-10,debit,Shopping,804.04,Amazon / local retail,Surat,UPI
PS010-202602-016,PS010,2026-02-18,debit,Shopping,680.65,Amazon / local retail,Surat,UPI
PS010-202602-017,PS010,2026-02-28,debit,Shopping,1110.11,Amazon / local retail,Surat,UPI
PS010-202602-018,PS010,2026-02-03,debit,Transport,256.04,Metro / fuel,Surat,UPI
PS010-202602-019,PS010,2026-02-05,debit,Transport,204.9,Metro / fuel,Surat,UPI
PS010-202602-020,PS010,2026-02-10,debit,Transport,245.81,Metro / fuel,Surat,UPI
PS010-202602-021,PS010,2026-02-12,debit,Transport,357.85,Metro / fuel,Surat,UPI
PS010-202602-022,PS010,2026-02-16,debit,Transport,353.95,Metro / fuel,Surat,UPI
PS010-202602-023,PS010,2026-02-19,debit,Transport,366.17,Metro / fuel,Surat,UPI
PS010-202602-024,PS010,2026-02-23,debit,Transport,227.13,Metro / fuel,Surat,UPI
PS010-202602-025,PS010,2026-02-28,debit,Transport,234.15,Metro / fuel,Surat,UPI
PS010-202602-026,PS010,2026-02-02,debit,Bills,985.26,Electricity / mobile,Surat,UPI
PS010-202602-027,PS010,2026-02-15,debit,Bills,1061.55,Electricity / mobile,Surat,UPI
PS010-202602-028,PS010,2026-02-27,debit,Bills,760.19,Electricity / mobile,Surat,UPI
PS010-202602-029,PS010,2026-02-03,debit,Rent,8702,Monthly rent,Surat,NEFT
PS010-202602-030,PS010,2026-02-03,debit,Education,702,Learning centre,Surat,UPI
PS010-202602-031,PS010,2026-02-03,debit,Healthcare,702,Pharmacy,Surat,UPI
PS010-202602-032,PS010,2026-02-02,debit,Entertainment,413.28,Cinema / streaming,Surat,UPI
PS010-202602-033,PS010,2026-02-14,debit,Entertainment,398.38,Cinema / streaming,Surat,UPI
PS010-202602-034,PS010,2026-02-28,debit,Entertainment,451.34,Cinema / streaming,Surat,UPI
PS010-202602-035,PS010,2026-02-02,debit,Investment,1684,Recurring investment,Surat,UPI
PS010-202602-036,PS010,2026-02-03,debit,UPI Transfer,588.22,Household transfer,Surat,UPI
PS010-202602-037,PS010,2026-02-27,debit,UPI Transfer,674.78,Household transfer,Surat,UPI
PS010-202602-038,PS010,2026-02-02,debit,Other,282.24,Everyday purchase,Surat,UPI
PS010-202602-039,PS010,2026-02-27,debit,Other,278.76,Everyday purchase,Surat,UPI
PS010-202602-040,PS010,2026-02-05,debit,EMI,4500,Scheduled loan EMI,Surat,Auto debit
PS010-202603-001,PS010,2026-03-01,credit,Salary,58000,Monthly salary,Surat,NEFT
PS010-202603-002,PS010,2026-03-03,debit,Food,382.75,Swiggy / local groceries,Surat,UPI
PS010-202603-003,PS010,2026-03-04,debit,Food,533.13,Swiggy / local groceries,Surat,UPI
PS010-202603-004,PS010,2026-03-07,debit,Food,369.89,Swiggy / local groceries,Surat,UPI
PS010-202603-005,PS010,2026-03-10,debit,Food,453.84,Swiggy / local groceries,Surat,UPI
PS010-202603-006,PS010,2026-03-12,debit,Food,302.09,Swiggy / local groceries,Surat,UPI
PS010-202603-007,PS010,2026-03-15,debit,Food,362.54,Swiggy / local groceries,Surat,UPI
PS010-202603-008,PS010,2026-03-18,debit,Food,325.17,Swiggy / local groceries,Surat,UPI
PS010-202603-009,PS010,2026-03-20,debit,Food,360.79,Swiggy / local groceries,Surat,UPI
PS010-202603-010,PS010,2026-03-22,debit,Food,324.35,Swiggy / local groceries,Surat,UPI
PS010-202603-011,PS010,2026-03-24,debit,Food,396.47,Swiggy / local groceries,Surat,UPI
PS010-202603-012,PS010,2026-03-28,debit,Food,417.27,Swiggy / local groceries,Surat,UPI
PS010-202603-013,PS010,2026-03-30,debit,Food,415.71,Swiggy / local groceries,Surat,UPI
PS010-202603-014,PS010,2026-03-03,debit,Shopping,862.94,Amazon / local retail,Surat,UPI
PS010-202603-015,PS010,2026-03-12,debit,Shopping,778.19,Amazon / local retail,Surat,UPI
PS010-202603-016,PS010,2026-03-21,debit,Shopping,761.83,Amazon / local retail,Surat,UPI
PS010-202603-017,PS010,2026-03-30,debit,Shopping,875.04,Amazon / local retail,Surat,UPI
PS010-202603-018,PS010,2026-03-02,debit,Transport,225.82,Metro / fuel,Surat,UPI
PS010-202603-019,PS010,2026-03-07,debit,Transport,287.56,Metro / fuel,Surat,UPI
PS010-202603-020,PS010,2026-03-11,debit,Transport,223.65,Metro / fuel,Surat,UPI
PS010-202603-021,PS010,2026-03-15,debit,Transport,317.89,Metro / fuel,Surat,UPI
PS010-202603-022,PS010,2026-03-19,debit,Transport,213.43,Metro / fuel,Surat,UPI
PS010-202603-023,PS010,2026-03-22,debit,Transport,318.26,Metro / fuel,Surat,UPI
PS010-202603-024,PS010,2026-03-26,debit,Transport,310.67,Metro / fuel,Surat,UPI
PS010-202603-025,PS010,2026-03-30,debit,Transport,287.72,Metro / fuel,Surat,UPI
PS010-202603-026,PS010,2026-03-02,debit,Bills,864.1,Electricity / mobile,Surat,UPI
PS010-202603-027,PS010,2026-03-17,debit,Bills,925.47,Electricity / mobile,Surat,UPI
PS010-202603-028,PS010,2026-03-30,debit,Bills,942.43,Electricity / mobile,Surat,UPI
PS010-202603-029,PS010,2026-03-02,debit,Rent,8469,Monthly rent,Surat,NEFT
PS010-202603-030,PS010,2026-03-02,debit,Education,683,Learning centre,Surat,UPI
PS010-202603-031,PS010,2026-03-03,debit,Healthcare,683,Pharmacy,Surat,UPI
PS010-202603-032,PS010,2026-03-02,debit,Entertainment,354.78,Cinema / streaming,Surat,UPI
PS010-202603-033,PS010,2026-03-16,debit,Entertainment,377.6,Cinema / streaming,Surat,UPI
PS010-202603-034,PS010,2026-03-30,debit,Entertainment,496.62,Cinema / streaming,Surat,UPI
PS010-202603-035,PS010,2026-03-03,debit,Investment,1639,Recurring investment,Surat,UPI
PS010-202603-036,PS010,2026-03-03,debit,UPI Transfer,623.97,Household transfer,Surat,UPI
PS010-202603-037,PS010,2026-03-31,debit,UPI Transfer,605.03,Household transfer,Surat,UPI
PS010-202603-038,PS010,2026-03-02,debit,Other,312.47,Everyday purchase,Surat,UPI
PS010-202603-039,PS010,2026-03-30,debit,Other,233.53,Everyday purchase,Surat,UPI
PS010-202603-040,PS010,2026-03-05,debit,EMI,4500,Scheduled loan EMI,Surat,Auto debit
PS010-202604-001,PS010,2026-04-01,credit,Salary,58000,Monthly salary,Surat,NEFT
PS010-202604-002,PS010,2026-04-03,debit,Food,284.81,Swiggy / local groceries,Surat,UPI
PS010-202604-003,PS010,2026-04-05,debit,Food,471.0,Swiggy / local groceries,Surat,UPI
PS010-202604-004,PS010,2026-04-07,debit,Food,376.43,Swiggy / local groceries,Surat,UPI
PS010-202604-005,PS010,2026-04-10,debit,Food,422.39,Swiggy / local groceries,Surat,UPI
PS010-202604-006,PS010,2026-04-12,debit,Food,476.47,Swiggy / local groceries,Surat,UPI
PS010-202604-007,PS010,2026-04-14,debit,Food,276.43,Swiggy / local groceries,Surat,UPI
PS010-202604-008,PS010,2026-04-17,debit,Food,306.18,Swiggy / local groceries,Surat,UPI
PS010-202604-009,PS010,2026-04-19,debit,Food,440.25,Swiggy / local groceries,Surat,UPI
PS010-202604-010,PS010,2026-04-22,debit,Food,299.31,Swiggy / local groceries,Surat,UPI
PS010-202604-011,PS010,2026-04-25,debit,Food,382.16,Swiggy / local groceries,Surat,UPI
PS010-202604-012,PS010,2026-04-27,debit,Food,324.58,Swiggy / local groceries,Surat,UPI
PS010-202604-013,PS010,2026-04-30,debit,Food,455.99,Swiggy / local groceries,Surat,UPI
PS010-202604-014,PS010,2026-04-02,debit,Shopping,625.49,Amazon / local retail,Surat,UPI
PS010-202604-015,PS010,2026-04-12,debit,Shopping,988.78,Amazon / local retail,Surat,UPI
PS010-202604-016,PS010,2026-04-21,debit,Shopping,722.18,Amazon / local retail,Surat,UPI
PS010-202604-017,PS010,2026-04-29,debit,Shopping,851.55,Amazon / local retail,Surat,UPI
PS010-202604-018,PS010,2026-04-03,debit,Transport,303.61,Metro / fuel,Surat,UPI
PS010-202604-019,PS010,2026-04-06,debit,Transport,233.63,Metro / fuel,Surat,UPI
PS010-202604-020,PS010,2026-04-09,debit,Transport,235.08,Metro / fuel,Surat,UPI
PS010-202604-021,PS010,2026-04-13,debit,Transport,307.75,Metro / fuel,Surat,UPI
PS010-202604-022,PS010,2026-04-18,debit,Transport,230.72,Metro / fuel,Surat,UPI
PS010-202604-023,PS010,2026-04-22,debit,Transport,208.74,Metro / fuel,Surat,UPI
PS010-202604-024,PS010,2026-04-26,debit,Transport,296.39,Metro / fuel,Surat,UPI
PS010-202604-025,PS010,2026-04-30,debit,Transport,309.08,Metro / fuel,Surat,UPI
PS010-202604-026,PS010,2026-04-03,debit,Bills,891.9,Electricity / mobile,Surat,UPI
PS010-202604-027,PS010,2026-04-15,debit,Bills,903.48,Electricity / mobile,Surat,UPI
PS010-202604-028,PS010,2026-04-29,debit,Bills,860.62,Electricity / mobile,Surat,UPI
PS010-202604-029,PS010,2026-04-02,debit,Rent,8235,Monthly rent,Surat,NEFT
PS010-202604-030,PS010,2026-04-02,debit,Education,664,Learning centre,Surat,UPI
PS010-202604-031,PS010,2026-04-02,debit,Healthcare,664,Pharmacy,Surat,UPI
PS010-202604-032,PS010,2026-04-03,debit,Entertainment,355.58,Cinema / streaming,Surat,UPI
PS010-202604-033,PS010,2026-04-16,debit,Entertainment,440.55,Cinema / streaming,Surat,UPI
PS010-202604-034,PS010,2026-04-29,debit,Entertainment,398.87,Cinema / streaming,Surat,UPI
PS010-202604-035,PS010,2026-04-02,debit,Investment,1594,Recurring investment,Surat,UPI
PS010-202604-036,PS010,2026-04-03,debit,UPI Transfer,628.09,Household transfer,Surat,UPI
PS010-202604-037,PS010,2026-04-29,debit,UPI Transfer,566.91,Household transfer,Surat,UPI
PS010-202604-038,PS010,2026-04-02,debit,Other,268.49,Everyday purchase,Surat,UPI
PS010-202604-039,PS010,2026-04-30,debit,Other,262.51,Everyday purchase,Surat,UPI
PS010-202604-040,PS010,2026-04-05,debit,EMI,4500,Scheduled loan EMI,Surat,Auto debit
PS010-202605-001,PS010,2026-05-01,credit,Salary,58000,Monthly salary,Surat,NEFT
PS010-202605-002,PS010,2026-05-02,debit,Food,384.73,Swiggy / local groceries,Surat,UPI
PS010-202605-003,PS010,2026-05-05,debit,Food,445.42,Swiggy / local groceries,Surat,UPI
PS010-202605-004,PS010,2026-05-08,debit,Food,378.44,Swiggy / local groceries,Surat,UPI
PS010-202605-005,PS010,2026-05-10,debit,Food,398.18,Swiggy / local groceries,Surat,UPI
PS010-202605-006,PS010,2026-05-12,debit,Food,336.26,Swiggy / local groceries,Surat,UPI
PS010-202605-007,PS010,2026-05-15,debit,Food,273.36,Swiggy / local groceries,Surat,UPI
PS010-202605-008,PS010,2026-05-18,debit,Food,429.61,Swiggy / local groceries,Surat,UPI
PS010-202605-009,PS010,2026-05-20,debit,Food,278.28,Swiggy / local groceries,Surat,UPI
PS010-202605-010,PS010,2026-05-22,debit,Food,415.08,Swiggy / local groceries,Surat,UPI
PS010-202605-011,PS010,2026-05-24,debit,Food,400.38,Swiggy / local groceries,Surat,UPI
PS010-202605-012,PS010,2026-05-28,debit,Food,289.17,Swiggy / local groceries,Surat,UPI
PS010-202605-013,PS010,2026-05-30,debit,Food,359.09,Swiggy / local groceries,Surat,UPI
PS010-202605-014,PS010,2026-05-02,debit,Shopping,667.5,Amazon / local retail,Surat,UPI
PS010-202605-015,PS010,2026-05-12,debit,Shopping,884.82,Amazon / local retail,Surat,UPI
PS010-202605-016,PS010,2026-05-21,debit,Shopping,677.91,Amazon / local retail,Surat,UPI
PS010-202605-017,PS010,2026-05-31,debit,Shopping,866.77,Amazon / local retail,Surat,UPI
PS010-202605-018,PS010,2026-05-03,debit,Transport,216.52,Metro / fuel,Surat,UPI
PS010-202605-019,PS010,2026-05-06,debit,Transport,280.64,Metro / fuel,Surat,UPI
PS010-202605-020,PS010,2026-05-10,debit,Transport,284.57,Metro / fuel,Surat,UPI
PS010-202605-021,PS010,2026-05-14,debit,Transport,264.94,Metro / fuel,Surat,UPI
PS010-202605-022,PS010,2026-05-18,debit,Transport,280.31,Metro / fuel,Surat,UPI
PS010-202605-023,PS010,2026-05-22,debit,Transport,225.67,Metro / fuel,Surat,UPI
PS010-202605-024,PS010,2026-05-26,debit,Transport,214.77,Metro / fuel,Surat,UPI
PS010-202605-025,PS010,2026-05-30,debit,Transport,297.58,Metro / fuel,Surat,UPI
PS010-202605-026,PS010,2026-05-02,debit,Bills,796.28,Electricity / mobile,Surat,UPI
PS010-202605-027,PS010,2026-05-16,debit,Bills,936.22,Electricity / mobile,Surat,UPI
PS010-202605-028,PS010,2026-05-30,debit,Bills,848.5,Electricity / mobile,Surat,UPI
PS010-202605-029,PS010,2026-05-03,debit,Rent,8001,Monthly rent,Surat,NEFT
PS010-202605-030,PS010,2026-05-03,debit,Education,645,Learning centre,Surat,UPI
PS010-202605-031,PS010,2026-05-03,debit,Healthcare,645,Pharmacy,Surat,UPI
PS010-202605-032,PS010,2026-05-02,debit,Entertainment,398.14,Cinema / streaming,Surat,UPI
PS010-202605-033,PS010,2026-05-16,debit,Entertainment,406.4,Cinema / streaming,Surat,UPI
PS010-202605-034,PS010,2026-05-30,debit,Entertainment,356.46,Cinema / streaming,Surat,UPI
PS010-202605-035,PS010,2026-05-02,debit,Investment,1549,Recurring investment,Surat,UPI
PS010-202605-036,PS010,2026-05-03,debit,UPI Transfer,554.14,Household transfer,Surat,UPI
PS010-202605-037,PS010,2026-05-30,debit,UPI Transfer,606.86,Household transfer,Surat,UPI
PS010-202605-038,PS010,2026-05-03,debit,Other,268.57,Everyday purchase,Surat,UPI
PS010-202605-039,PS010,2026-05-31,debit,Other,247.43,Everyday purchase,Surat,UPI
PS010-202605-040,PS010,2026-05-05,debit,EMI,4500,Scheduled loan EMI,Surat,Auto debit
PS010-202606-001,PS010,2026-06-01,credit,Salary,58000,Monthly salary,Surat,NEFT
PS010-202606-002,PS010,2026-06-03,debit,Food,286.07,Swiggy / local groceries,Surat,UPI
PS010-202606-003,PS010,2026-06-05,debit,Food,445.8,Swiggy / local groceries,Surat,UPI
PS010-202606-004,PS010,2026-06-07,debit,Food,256.45,Swiggy / local groceries,Surat,UPI
PS010-202606-005,PS010,2026-06-10,debit,Food,256.3,Swiggy / local groceries,Surat,UPI
PS010-202606-006,PS010,2026-06-12,debit,Food,402.68,Swiggy / local groceries,Surat,UPI
PS010-202606-007,PS010,2026-06-14,debit,Food,280.63,Swiggy / local groceries,Surat,UPI
PS010-202606-008,PS010,2026-06-16,debit,Food,422.23,Swiggy / local groceries,Surat,UPI
PS010-202606-009,PS010,2026-06-19,debit,Food,440.56,Swiggy / local groceries,Surat,UPI
PS010-202606-010,PS010,2026-06-22,debit,Food,432.48,Swiggy / local groceries,Surat,UPI
PS010-202606-011,PS010,2026-06-25,debit,Food,335.79,Swiggy / local groceries,Surat,UPI
PS010-202606-012,PS010,2026-06-26,debit,Food,443.8,Swiggy / local groceries,Surat,UPI
PS010-202606-013,PS010,2026-06-30,debit,Food,257.21,Swiggy / local groceries,Surat,UPI
PS010-202606-014,PS010,2026-06-03,debit,Shopping,732.81,Amazon / local retail,Surat,UPI
PS010-202606-015,PS010,2026-06-12,debit,Shopping,544.38,Amazon / local retail,Surat,UPI
PS010-202606-016,PS010,2026-06-21,debit,Shopping,881.68,Amazon / local retail,Surat,UPI
PS010-202606-017,PS010,2026-06-29,debit,Shopping,848.13,Amazon / local retail,Surat,UPI
PS010-202606-018,PS010,2026-06-02,debit,Transport,277.08,Metro / fuel,Surat,UPI
PS010-202606-019,PS010,2026-06-06,debit,Transport,259.44,Metro / fuel,Surat,UPI
PS010-202606-020,PS010,2026-06-09,debit,Transport,173.81,Metro / fuel,Surat,UPI
PS010-202606-021,PS010,2026-06-13,debit,Transport,318.72,Metro / fuel,Surat,UPI
PS010-202606-022,PS010,2026-06-18,debit,Transport,277.69,Metro / fuel,Surat,UPI
PS010-202606-023,PS010,2026-06-21,debit,Transport,246.32,Metro / fuel,Surat,UPI
PS010-202606-024,PS010,2026-06-26,debit,Transport,250.0,Metro / fuel,Surat,UPI
PS010-202606-025,PS010,2026-06-30,debit,Transport,200.94,Metro / fuel,Surat,UPI
PS010-202606-026,PS010,2026-06-02,debit,Bills,1078.93,Electricity / mobile,Surat,UPI
PS010-202606-027,PS010,2026-06-15,debit,Bills,706.71,Electricity / mobile,Surat,UPI
PS010-202606-028,PS010,2026-06-29,debit,Bills,720.36,Electricity / mobile,Surat,UPI
PS010-202606-029,PS010,2026-06-03,debit,Rent,7767,Monthly rent,Surat,NEFT
PS010-202606-030,PS010,2026-06-02,debit,Education,626,Learning centre,Surat,UPI
PS010-202606-031,PS010,2026-06-02,debit,Healthcare,626,Pharmacy,Surat,UPI
PS010-202606-032,PS010,2026-06-03,debit,Entertainment,351.27,Cinema / streaming,Surat,UPI
PS010-202606-033,PS010,2026-06-16,debit,Entertainment,339.16,Cinema / streaming,Surat,UPI
PS010-202606-034,PS010,2026-06-29,debit,Entertainment,437.57,Cinema / streaming,Surat,UPI
PS010-202606-035,PS010,2026-06-03,debit,Investment,1503,Recurring investment,Surat,UPI
PS010-202606-036,PS010,2026-06-03,debit,UPI Transfer,415.54,Household transfer,Surat,UPI
PS010-202606-037,PS010,2026-06-30,debit,UPI Transfer,712.46,Household transfer,Surat,UPI
PS010-202606-038,PS010,2026-06-02,debit,Other,214.67,Everyday purchase,Surat,UPI
PS010-202606-039,PS010,2026-06-29,debit,Other,286.33,Everyday purchase,Surat,UPI
PS010-202606-040,PS010,2026-06-05,debit,EMI,4500,Scheduled loan EMI,Surat,Auto debit
PS010-202607-001,PS010,2026-07-01,credit,Salary,58000,Monthly salary,Surat,NEFT
PS010-202607-002,PS010,2026-07-03,debit,Food,250.78,Swiggy / local groceries,Surat,UPI
PS010-202607-003,PS010,2026-07-05,debit,Food,333.41,Swiggy / local groceries,Surat,UPI
PS010-202607-004,PS010,2026-07-08,debit,Food,263.89,Swiggy / local groceries,Surat,UPI
PS010-202607-005,PS010,2026-07-10,debit,Food,432.2,Swiggy / local groceries,Surat,UPI
PS010-202607-006,PS010,2026-07-13,debit,Food,405.52,Swiggy / local groceries,Surat,UPI
PS010-202607-007,PS010,2026-07-15,debit,Food,324.98,Swiggy / local groceries,Surat,UPI
PS010-202607-008,PS010,2026-07-17,debit,Food,268.71,Swiggy / local groceries,Surat,UPI
PS010-202607-009,PS010,2026-07-19,debit,Food,408.96,Swiggy / local groceries,Surat,UPI
PS010-202607-010,PS010,2026-07-22,debit,Food,400.37,Swiggy / local groceries,Surat,UPI
PS010-202607-011,PS010,2026-07-25,debit,Food,328.39,Swiggy / local groceries,Surat,UPI
PS010-202607-012,PS010,2026-07-27,debit,Food,278.96,Swiggy / local groceries,Surat,UPI
PS010-202607-013,PS010,2026-07-30,debit,Food,434.83,Swiggy / local groceries,Surat,UPI
PS010-202607-014,PS010,2026-07-03,debit,Shopping,701.88,Amazon / local retail,Surat,UPI
PS010-202607-015,PS010,2026-07-11,debit,Shopping,863.7,Amazon / local retail,Surat,UPI
PS010-202607-016,PS010,2026-07-21,debit,Shopping,578.3,Amazon / local retail,Surat,UPI
PS010-202607-017,PS010,2026-07-30,debit,Shopping,772.12,Amazon / local retail,Surat,UPI
PS010-202607-018,PS010,2026-07-03,debit,Transport,176.33,Metro / fuel,Surat,UPI
PS010-202607-019,PS010,2026-07-07,debit,Transport,261.18,Metro / fuel,Surat,UPI
PS010-202607-020,PS010,2026-07-11,debit,Transport,264.17,Metro / fuel,Surat,UPI
PS010-202607-021,PS010,2026-07-14,debit,Transport,273.62,Metro / fuel,Surat,UPI
PS010-202607-022,PS010,2026-07-19,debit,Transport,244.22,Metro / fuel,Surat,UPI
PS010-202607-023,PS010,2026-07-23,debit,Transport,230.17,Metro / fuel,Surat,UPI
PS010-202607-024,PS010,2026-07-26,debit,Transport,189.28,Metro / fuel,Surat,UPI
PS010-202607-025,PS010,2026-07-31,debit,Transport,305.03,Metro / fuel,Surat,UPI
PS010-202607-026,PS010,2026-07-02,debit,Bills,883.03,Electricity / mobile,Surat,UPI
PS010-202607-027,PS010,2026-07-16,debit,Bills,683.46,Electricity / mobile,Surat,UPI
PS010-202607-028,PS010,2026-07-30,debit,Bills,863.51,Electricity / mobile,Surat,UPI
PS010-202607-029,PS010,2026-07-02,debit,Rent,7534,Monthly rent,Surat,NEFT
PS010-202607-030,PS010,2026-07-02,debit,Education,608,Learning centre,Surat,UPI
PS010-202607-031,PS010,2026-07-03,debit,Healthcare,608,Pharmacy,Surat,UPI
PS010-202607-032,PS010,2026-07-02,debit,Entertainment,450.46,Cinema / streaming,Surat,UPI
PS010-202607-033,PS010,2026-07-17,debit,Entertainment,308.77,Cinema / streaming,Surat,UPI
PS010-202607-034,PS010,2026-07-30,debit,Entertainment,334.77,Cinema / streaming,Surat,UPI
PS010-202607-035,PS010,2026-07-03,debit,Investment,1458,Recurring investment,Surat,UPI
PS010-202607-036,PS010,2026-07-02,debit,UPI Transfer,410.21,Household transfer,Surat,UPI
PS010-202607-037,PS010,2026-07-31,debit,UPI Transfer,683.79,Household transfer,Surat,UPI
PS010-202607-038,PS010,2026-07-03,debit,Other,252.96,Everyday purchase,Surat,UPI
PS010-202607-039,PS010,2026-07-30,debit,Other,233.04,Everyday purchase,Surat,UPI
PS010-202607-040,PS010,2026-07-05,debit,EMI,4500,Scheduled loan EMI,Surat,Auto debit
PS010-202608-001,PS010,2026-08-01,credit,Salary,58000,Monthly salary,Surat,NEFT
PS010-202608-002,PS010,2026-08-03,debit,Food,248.28,Swiggy / local groceries,Surat,UPI
PS010-202608-003,PS010,2026-08-04,debit,Food,429.27,Swiggy / local groceries,Surat,UPI
PS010-202608-004,PS010,2026-08-08,debit,Food,254.9,Swiggy / local groceries,Surat,UPI
PS010-202608-005,PS010,2026-08-10,debit,Food,428.82,Swiggy / local groceries,Surat,UPI
PS010-202608-006,PS010,2026-08-13,debit,Food,452.94,Swiggy / local groceries,Surat,UPI
PS010-202608-007,PS010,2026-08-14,debit,Food,299.79,Swiggy / local groceries,Surat,UPI
PS010-202608-008,PS010,2026-08-18,debit,Food,250.34,Swiggy / local groceries,Surat,UPI
PS010-202608-009,PS010,2026-08-20,debit,Food,347.9,Swiggy / local groceries,Surat,UPI
PS010-202608-010,PS010,2026-08-23,debit,Food,317.98,Swiggy / local groceries,Surat,UPI
PS010-202608-011,PS010,2026-08-24,debit,Food,337.24,Swiggy / local groceries,Surat,UPI
PS010-202608-012,PS010,2026-08-27,debit,Food,361.27,Swiggy / local groceries,Surat,UPI
PS010-202608-013,PS010,2026-08-30,debit,Food,274.27,Swiggy / local groceries,Surat,UPI
PS010-202608-014,PS010,2026-08-02,debit,Shopping,486.52,Amazon / local retail,Surat,UPI
PS010-202608-015,PS010,2026-08-11,debit,Shopping,847.85,Amazon / local retail,Surat,UPI
PS010-202608-016,PS010,2026-08-21,debit,Shopping,754.48,Amazon / local retail,Surat,UPI
PS010-202608-017,PS010,2026-08-31,debit,Shopping,737.15,Amazon / local retail,Surat,UPI
PS010-202608-018,PS010,2026-08-02,debit,Transport,182.53,Metro / fuel,Surat,UPI
PS010-202608-019,PS010,2026-08-06,debit,Transport,263.38,Metro / fuel,Surat,UPI
PS010-202608-020,PS010,2026-08-10,debit,Transport,204.0,Metro / fuel,Surat,UPI
PS010-202608-021,PS010,2026-08-14,debit,Transport,255.11,Metro / fuel,Surat,UPI
PS010-202608-022,PS010,2026-08-18,debit,Transport,219.89,Metro / fuel,Surat,UPI
PS010-202608-023,PS010,2026-08-23,debit,Transport,271.09,Metro / fuel,Surat,UPI
PS010-202608-024,PS010,2026-08-26,debit,Transport,222.01,Metro / fuel,Surat,UPI
PS010-202608-025,PS010,2026-08-30,debit,Transport,265.99,Metro / fuel,Surat,UPI
PS010-202608-026,PS010,2026-08-02,debit,Bills,851.23,Electricity / mobile,Surat,UPI
PS010-202608-027,PS010,2026-08-16,debit,Bills,599.62,Electricity / mobile,Surat,UPI
PS010-202608-028,PS010,2026-08-30,debit,Bills,904.15,Electricity / mobile,Surat,UPI
PS010-202608-029,PS010,2026-08-03,debit,Rent,7300,Monthly rent,Surat,NEFT
PS010-202608-030,PS010,2026-08-02,debit,Education,589,Learning centre,Surat,UPI
PS010-202608-031,PS010,2026-08-02,debit,Healthcare,589,Pharmacy,Surat,UPI
PS010-202608-032,PS010,2026-08-02,debit,Entertainment,321.02,Cinema / streaming,Surat,UPI
PS010-202608-033,PS010,2026-08-17,debit,Entertainment,449.81,Cinema / streaming,Surat,UPI
PS010-202608-034,PS010,2026-08-31,debit,Entertainment,289.17,Cinema / streaming,Surat,UPI
PS010-202608-035,PS010,2026-08-03,debit,Investment,1413,Recurring investment,Surat,UPI
PS010-202608-036,PS010,2026-08-03,debit,UPI Transfer,438.53,Household transfer,Surat,UPI
PS010-202608-037,PS010,2026-08-30,debit,UPI Transfer,621.47,Household transfer,Surat,UPI
PS010-202608-038,PS010,2026-08-03,debit,Other,261.28,Everyday purchase,Surat,UPI
PS010-202608-039,PS010,2026-08-31,debit,Other,209.72,Everyday purchase,Surat,UPI
PS010-202608-040,PS010,2026-08-05,debit,EMI,4500,Scheduled loan EMI,Surat,Auto debit
PS011-202512-001,PS011,2025-12-01,credit,Salary,47000,Monthly salary,Rajkot,NEFT
PS011-202512-002,PS011,2025-12-02,debit,Food,310.31,Swiggy / local groceries,Rajkot,UPI
PS011-202512-003,PS011,2025-12-05,debit,Food,375.94,Swiggy / local groceries,Rajkot,UPI
PS011-202512-004,PS011,2025-12-08,debit,Food,441.89,Swiggy / local groceries,Rajkot,UPI
PS011-202512-005,PS011,2025-12-10,debit,Food,322.28,Swiggy / local groceries,Rajkot,UPI
PS011-202512-006,PS011,2025-12-12,debit,Food,459.67,Swiggy / local groceries,Rajkot,UPI
PS011-202512-007,PS011,2025-12-15,debit,Food,264.22,Swiggy / local groceries,Rajkot,UPI
PS011-202512-008,PS011,2025-12-17,debit,Food,337.27,Swiggy / local groceries,Rajkot,UPI
PS011-202512-009,PS011,2025-12-20,debit,Food,450.61,Swiggy / local groceries,Rajkot,UPI
PS011-202512-010,PS011,2025-12-23,debit,Food,427.47,Swiggy / local groceries,Rajkot,UPI
PS011-202512-011,PS011,2025-12-25,debit,Food,348.0,Swiggy / local groceries,Rajkot,UPI
PS011-202512-012,PS011,2025-12-28,debit,Food,423.79,Swiggy / local groceries,Rajkot,UPI
PS011-202512-013,PS011,2025-12-30,debit,Food,312.55,Swiggy / local groceries,Rajkot,UPI
PS011-202512-014,PS011,2025-12-03,debit,Shopping,975.1,Amazon / local retail,Rajkot,UPI
PS011-202512-015,PS011,2025-12-11,debit,Shopping,764.81,Amazon / local retail,Rajkot,UPI
PS011-202512-016,PS011,2025-12-20,debit,Shopping,686.17,Amazon / local retail,Rajkot,UPI
PS011-202512-017,PS011,2025-12-31,debit,Shopping,731.92,Amazon / local retail,Rajkot,UPI
PS011-202512-018,PS011,2025-12-02,debit,Transport,306.27,Metro / fuel,Rajkot,UPI
PS011-202512-019,PS011,2025-12-07,debit,Transport,236.22,Metro / fuel,Rajkot,UPI
PS011-202512-020,PS011,2025-12-11,debit,Transport,314.49,Metro / fuel,Rajkot,UPI
PS011-202512-021,PS011,2025-12-14,debit,Transport,281.72,Metro / fuel,Rajkot,UPI
PS011-202512-022,PS011,2025-12-19,debit,Transport,280.4,Metro / fuel,Rajkot,UPI
PS011-202512-023,PS011,2025-12-23,debit,Transport,199.07,Metro / fuel,Rajkot,UPI
PS011-202512-024,PS011,2025-12-26,debit,Transport,265.67,Metro / fuel,Rajkot,UPI
PS011-202512-025,PS011,2025-12-30,debit,Transport,222.16,Metro / fuel,Rajkot,UPI
PS011-202512-026,PS011,2025-12-02,debit,Bills,932.21,Electricity / mobile,Rajkot,UPI
PS011-202512-027,PS011,2025-12-16,debit,Bills,1053.57,Electricity / mobile,Rajkot,UPI
PS011-202512-028,PS011,2025-12-30,debit,Bills,646.22,Electricity / mobile,Rajkot,UPI
PS011-202512-029,PS011,2025-12-02,debit,Rent,8159,Monthly rent,Rajkot,NEFT
PS011-202512-030,PS011,2025-12-02,debit,Education,658,Learning centre,Rajkot,UPI
PS011-202512-031,PS011,2025-12-02,debit,Healthcare,658,Pharmacy,Rajkot,UPI
PS011-202512-032,PS011,2025-12-02,debit,Entertainment,337.98,Cinema / streaming,Rajkot,UPI
PS011-202512-033,PS011,2025-12-17,debit,Entertainment,404.44,Cinema / streaming,Rajkot,UPI
PS011-202512-034,PS011,2025-12-31,debit,Entertainment,441.58,Cinema / streaming,Rajkot,UPI
PS011-202512-035,PS011,2025-12-03,debit,Investment,1579,Recurring investment,Rajkot,UPI
PS011-202512-036,PS011,2025-12-03,debit,UPI Transfer,633.5,Household transfer,Rajkot,UPI
PS011-202512-037,PS011,2025-12-31,debit,UPI Transfer,550.5,Household transfer,Rajkot,UPI
PS011-202512-038,PS011,2025-12-03,debit,Other,265.99,Everyday purchase,Rajkot,UPI
PS011-202512-039,PS011,2025-12-31,debit,Other,260.01,Everyday purchase,Rajkot,UPI
PS011-202512-040,PS011,2025-12-05,debit,EMI,12000,Scheduled loan EMI,Rajkot,Auto debit
PS011-202601-001,PS011,2026-01-01,credit,Salary,47000,Monthly salary,Rajkot,NEFT
PS011-202601-002,PS011,2026-01-03,debit,Food,334.72,Swiggy / local groceries,Rajkot,UPI
PS011-202601-003,PS011,2026-01-04,debit,Food,391.61,Swiggy / local groceries,Rajkot,UPI
PS011-202601-004,PS011,2026-01-07,debit,Food,388.46,Swiggy / local groceries,Rajkot,UPI
PS011-202601-005,PS011,2026-01-10,debit,Food,272.86,Swiggy / local groceries,Rajkot,UPI
PS011-202601-006,PS011,2026-01-12,debit,Food,450.99,Swiggy / local groceries,Rajkot,UPI
PS011-202601-007,PS011,2026-01-14,debit,Food,336.18,Swiggy / local groceries,Rajkot,UPI
PS011-202601-008,PS011,2026-01-17,debit,Food,372.03,Swiggy / local groceries,Rajkot,UPI
PS011-202601-009,PS011,2026-01-19,debit,Food,370.2,Swiggy / local groceries,Rajkot,UPI
PS011-202601-010,PS011,2026-01-22,debit,Food,262.78,Swiggy / local groceries,Rajkot,UPI
PS011-202601-011,PS011,2026-01-24,debit,Food,460.91,Swiggy / local groceries,Rajkot,UPI
PS011-202601-012,PS011,2026-01-28,debit,Food,451.54,Swiggy / local groceries,Rajkot,UPI
PS011-202601-013,PS011,2026-01-30,debit,Food,381.72,Swiggy / local groceries,Rajkot,UPI
PS011-202601-014,PS011,2026-01-02,debit,Shopping,741.99,Amazon / local retail,Rajkot,UPI
PS011-202601-015,PS011,2026-01-11,debit,Shopping,926.77,Amazon / local retail,Rajkot,UPI
PS011-202601-016,PS011,2026-01-20,debit,Shopping,898.7,Amazon / local retail,Rajkot,UPI
PS011-202601-017,PS011,2026-01-30,debit,Shopping,590.54,Amazon / local retail,Rajkot,UPI
PS011-202601-018,PS011,2026-01-02,debit,Transport,274.79,Metro / fuel,Rajkot,UPI
PS011-202601-019,PS011,2026-01-06,debit,Transport,258.37,Metro / fuel,Rajkot,UPI
PS011-202601-020,PS011,2026-01-10,debit,Transport,224.64,Metro / fuel,Rajkot,UPI
PS011-202601-021,PS011,2026-01-14,debit,Transport,182.32,Metro / fuel,Rajkot,UPI
PS011-202601-022,PS011,2026-01-19,debit,Transport,280.52,Metro / fuel,Rajkot,UPI
PS011-202601-023,PS011,2026-01-22,debit,Transport,238.36,Metro / fuel,Rajkot,UPI
PS011-202601-024,PS011,2026-01-26,debit,Transport,327.71,Metro / fuel,Rajkot,UPI
PS011-202601-025,PS011,2026-01-30,debit,Transport,319.29,Metro / fuel,Rajkot,UPI
PS011-202601-026,PS011,2026-01-02,debit,Bills,843.27,Electricity / mobile,Rajkot,UPI
PS011-202601-027,PS011,2026-01-17,debit,Bills,835.41,Electricity / mobile,Rajkot,UPI
PS011-202601-028,PS011,2026-01-31,debit,Bills,953.32,Electricity / mobile,Rajkot,UPI
PS011-202601-029,PS011,2026-01-03,debit,Rent,8159,Monthly rent,Rajkot,NEFT
PS011-202601-030,PS011,2026-01-02,debit,Education,658,Learning centre,Rajkot,UPI
PS011-202601-031,PS011,2026-01-02,debit,Healthcare,658,Pharmacy,Rajkot,UPI
PS011-202601-032,PS011,2026-01-02,debit,Entertainment,388.5,Cinema / streaming,Rajkot,UPI
PS011-202601-033,PS011,2026-01-16,debit,Entertainment,347.38,Cinema / streaming,Rajkot,UPI
PS011-202601-034,PS011,2026-01-30,debit,Entertainment,448.12,Cinema / streaming,Rajkot,UPI
PS011-202601-035,PS011,2026-01-02,debit,Investment,1579,Recurring investment,Rajkot,UPI
PS011-202601-036,PS011,2026-01-03,debit,UPI Transfer,543.06,Household transfer,Rajkot,UPI
PS011-202601-037,PS011,2026-01-31,debit,UPI Transfer,640.94,Household transfer,Rajkot,UPI
PS011-202601-038,PS011,2026-01-02,debit,Other,236.88,Everyday purchase,Rajkot,UPI
PS011-202601-039,PS011,2026-01-31,debit,Other,289.12,Everyday purchase,Rajkot,UPI
PS011-202601-040,PS011,2026-01-05,debit,EMI,12000,Scheduled loan EMI,Rajkot,Auto debit
PS011-202602-001,PS011,2026-02-01,credit,Salary,47000,Monthly salary,Rajkot,NEFT
PS011-202602-002,PS011,2026-02-03,debit,Food,285.78,Swiggy / local groceries,Rajkot,UPI
PS011-202602-003,PS011,2026-02-05,debit,Food,465.01,Swiggy / local groceries,Rajkot,UPI
PS011-202602-004,PS011,2026-02-06,debit,Food,324.24,Swiggy / local groceries,Rajkot,UPI
PS011-202602-005,PS011,2026-02-09,debit,Food,472.39,Swiggy / local groceries,Rajkot,UPI
PS011-202602-006,PS011,2026-02-12,debit,Food,319.75,Swiggy / local groceries,Rajkot,UPI
PS011-202602-007,PS011,2026-02-14,debit,Food,271.56,Swiggy / local groceries,Rajkot,UPI
PS011-202602-008,PS011,2026-02-15,debit,Food,442.45,Swiggy / local groceries,Rajkot,UPI
PS011-202602-009,PS011,2026-02-18,debit,Food,457.65,Swiggy / local groceries,Rajkot,UPI
PS011-202602-010,PS011,2026-02-20,debit,Food,318.82,Swiggy / local groceries,Rajkot,UPI
PS011-202602-011,PS011,2026-02-22,debit,Food,344.16,Swiggy / local groceries,Rajkot,UPI
PS011-202602-012,PS011,2026-02-25,debit,Food,421.17,Swiggy / local groceries,Rajkot,UPI
PS011-202602-013,PS011,2026-02-28,debit,Food,351.02,Swiggy / local groceries,Rajkot,UPI
PS011-202602-014,PS011,2026-02-03,debit,Shopping,694.46,Amazon / local retail,Rajkot,UPI
PS011-202602-015,PS011,2026-02-10,debit,Shopping,912.8,Amazon / local retail,Rajkot,UPI
PS011-202602-016,PS011,2026-02-18,debit,Shopping,828.75,Amazon / local retail,Rajkot,UPI
PS011-202602-017,PS011,2026-02-27,debit,Shopping,721.99,Amazon / local retail,Rajkot,UPI
PS011-202602-018,PS011,2026-02-03,debit,Transport,301.3,Metro / fuel,Rajkot,UPI
PS011-202602-019,PS011,2026-02-05,debit,Transport,299.97,Metro / fuel,Rajkot,UPI
PS011-202602-020,PS011,2026-02-09,debit,Transport,183.98,Metro / fuel,Rajkot,UPI
PS011-202602-021,PS011,2026-02-13,debit,Transport,281.03,Metro / fuel,Rajkot,UPI
PS011-202602-022,PS011,2026-02-16,debit,Transport,278.78,Metro / fuel,Rajkot,UPI
PS011-202602-023,PS011,2026-02-19,debit,Transport,243.1,Metro / fuel,Rajkot,UPI
PS011-202602-024,PS011,2026-02-24,debit,Transport,240.26,Metro / fuel,Rajkot,UPI
PS011-202602-025,PS011,2026-02-28,debit,Transport,277.58,Metro / fuel,Rajkot,UPI
PS011-202602-026,PS011,2026-02-02,debit,Bills,913.78,Electricity / mobile,Rajkot,UPI
PS011-202602-027,PS011,2026-02-15,debit,Bills,814.76,Electricity / mobile,Rajkot,UPI
PS011-202602-028,PS011,2026-02-27,debit,Bills,903.46,Electricity / mobile,Rajkot,UPI
PS011-202602-029,PS011,2026-02-03,debit,Rent,8159,Monthly rent,Rajkot,NEFT
PS011-202602-030,PS011,2026-02-03,debit,Education,658,Learning centre,Rajkot,UPI
PS011-202602-031,PS011,2026-02-02,debit,Healthcare,658,Pharmacy,Rajkot,UPI
PS011-202602-032,PS011,2026-02-02,debit,Entertainment,433.95,Cinema / streaming,Rajkot,UPI
PS011-202602-033,PS011,2026-02-15,debit,Entertainment,400.19,Cinema / streaming,Rajkot,UPI
PS011-202602-034,PS011,2026-02-27,debit,Entertainment,349.86,Cinema / streaming,Rajkot,UPI
PS011-202602-035,PS011,2026-02-03,debit,Investment,1579,Recurring investment,Rajkot,UPI
PS011-202602-036,PS011,2026-02-03,debit,UPI Transfer,600.77,Household transfer,Rajkot,UPI
PS011-202602-037,PS011,2026-02-28,debit,UPI Transfer,583.23,Household transfer,Rajkot,UPI
PS011-202602-038,PS011,2026-02-03,debit,Other,217.93,Everyday purchase,Rajkot,UPI
PS011-202602-039,PS011,2026-02-27,debit,Other,308.07,Everyday purchase,Rajkot,UPI
PS011-202602-040,PS011,2026-02-05,debit,EMI,12000,Scheduled loan EMI,Rajkot,Auto debit
PS011-202603-001,PS011,2026-03-01,credit,Salary,47000,Monthly salary,Rajkot,NEFT
PS011-202603-002,PS011,2026-03-02,debit,Food,298.22,Swiggy / local groceries,Rajkot,UPI
PS011-202603-003,PS011,2026-03-04,debit,Food,314.94,Swiggy / local groceries,Rajkot,UPI
PS011-202603-004,PS011,2026-03-07,debit,Food,328.19,Swiggy / local groceries,Rajkot,UPI
PS011-202603-005,PS011,2026-03-09,debit,Food,387.12,Swiggy / local groceries,Rajkot,UPI
PS011-202603-006,PS011,2026-03-12,debit,Food,385.26,Swiggy / local groceries,Rajkot,UPI
PS011-202603-007,PS011,2026-03-14,debit,Food,289.23,Swiggy / local groceries,Rajkot,UPI
PS011-202603-008,PS011,2026-03-18,debit,Food,479.95,Swiggy / local groceries,Rajkot,UPI
PS011-202603-009,PS011,2026-03-19,debit,Food,410.71,Swiggy / local groceries,Rajkot,UPI
PS011-202603-010,PS011,2026-03-22,debit,Food,358.65,Swiggy / local groceries,Rajkot,UPI
PS011-202603-011,PS011,2026-03-25,debit,Food,352.02,Swiggy / local groceries,Rajkot,UPI
PS011-202603-012,PS011,2026-03-27,debit,Food,420.92,Swiggy / local groceries,Rajkot,UPI
PS011-202603-013,PS011,2026-03-31,debit,Food,448.79,Swiggy / local groceries,Rajkot,UPI
PS011-202603-014,PS011,2026-03-03,debit,Shopping,759.1,Amazon / local retail,Rajkot,UPI
PS011-202603-015,PS011,2026-03-12,debit,Shopping,776.89,Amazon / local retail,Rajkot,UPI
PS011-202603-016,PS011,2026-03-21,debit,Shopping,933.39,Amazon / local retail,Rajkot,UPI
PS011-202603-017,PS011,2026-03-30,debit,Shopping,688.62,Amazon / local retail,Rajkot,UPI
PS011-202603-018,PS011,2026-03-02,debit,Transport,277.77,Metro / fuel,Rajkot,UPI
PS011-202603-019,PS011,2026-03-06,debit,Transport,281.14,Metro / fuel,Rajkot,UPI
PS011-202603-020,PS011,2026-03-11,debit,Transport,310.44,Metro / fuel,Rajkot,UPI
PS011-202603-021,PS011,2026-03-14,debit,Transport,298.49,Metro / fuel,Rajkot,UPI
PS011-202603-022,PS011,2026-03-19,debit,Transport,310.76,Metro / fuel,Rajkot,UPI
PS011-202603-023,PS011,2026-03-22,debit,Transport,175.62,Metro / fuel,Rajkot,UPI
PS011-202603-024,PS011,2026-03-26,debit,Transport,228.52,Metro / fuel,Rajkot,UPI
PS011-202603-025,PS011,2026-03-30,debit,Transport,223.26,Metro / fuel,Rajkot,UPI
PS011-202603-026,PS011,2026-03-03,debit,Bills,1119.18,Electricity / mobile,Rajkot,UPI
PS011-202603-027,PS011,2026-03-17,debit,Bills,771.78,Electricity / mobile,Rajkot,UPI
PS011-202603-028,PS011,2026-03-30,debit,Bills,741.04,Electricity / mobile,Rajkot,UPI
PS011-202603-029,PS011,2026-03-03,debit,Rent,8159,Monthly rent,Rajkot,NEFT
PS011-202603-030,PS011,2026-03-03,debit,Education,658,Learning centre,Rajkot,UPI
PS011-202603-031,PS011,2026-03-02,debit,Healthcare,658,Pharmacy,Rajkot,UPI
PS011-202603-032,PS011,2026-03-02,debit,Entertainment,479.35,Cinema / streaming,Rajkot,UPI
PS011-202603-033,PS011,2026-03-17,debit,Entertainment,338.14,Cinema / streaming,Rajkot,UPI
PS011-202603-034,PS011,2026-03-30,debit,Entertainment,366.51,Cinema / streaming,Rajkot,UPI
PS011-202603-035,PS011,2026-03-02,debit,Investment,1579,Recurring investment,Rajkot,UPI
PS011-202603-036,PS011,2026-03-02,debit,UPI Transfer,741.69,Household transfer,Rajkot,UPI
PS011-202603-037,PS011,2026-03-31,debit,UPI Transfer,442.31,Household transfer,Rajkot,UPI
PS011-202603-038,PS011,2026-03-03,debit,Other,258.33,Everyday purchase,Rajkot,UPI
PS011-202603-039,PS011,2026-03-31,debit,Other,267.67,Everyday purchase,Rajkot,UPI
PS011-202603-040,PS011,2026-03-05,debit,EMI,12000,Scheduled loan EMI,Rajkot,Auto debit
PS011-202604-001,PS011,2026-04-01,credit,Salary,47000,Monthly salary,Rajkot,NEFT
PS011-202604-002,PS011,2026-04-02,debit,Food,333.42,Swiggy / local groceries,Rajkot,UPI
PS011-202604-003,PS011,2026-04-04,debit,Food,426.06,Swiggy / local groceries,Rajkot,UPI
PS011-202604-004,PS011,2026-04-06,debit,Food,298.16,Swiggy / local groceries,Rajkot,UPI
PS011-202604-005,PS011,2026-04-10,debit,Food,265.53,Swiggy / local groceries,Rajkot,UPI
PS011-202604-006,PS011,2026-04-12,debit,Food,479.29,Swiggy / local groceries,Rajkot,UPI
PS011-202604-007,PS011,2026-04-14,debit,Food,432.57,Swiggy / local groceries,Rajkot,UPI
PS011-202604-008,PS011,2026-04-17,debit,Food,445.28,Swiggy / local groceries,Rajkot,UPI
PS011-202604-009,PS011,2026-04-19,debit,Food,464.7,Swiggy / local groceries,Rajkot,UPI
PS011-202604-010,PS011,2026-04-21,debit,Food,307.03,Swiggy / local groceries,Rajkot,UPI
PS011-202604-011,PS011,2026-04-24,debit,Food,275.32,Swiggy / local groceries,Rajkot,UPI
PS011-202604-012,PS011,2026-04-26,debit,Food,309.38,Swiggy / local groceries,Rajkot,UPI
PS011-202604-013,PS011,2026-04-30,debit,Food,437.26,Swiggy / local groceries,Rajkot,UPI
PS011-202604-014,PS011,2026-04-03,debit,Shopping,904.58,Amazon / local retail,Rajkot,UPI
PS011-202604-015,PS011,2026-04-11,debit,Shopping,699.69,Amazon / local retail,Rajkot,UPI
PS011-202604-016,PS011,2026-04-21,debit,Shopping,624.94,Amazon / local retail,Rajkot,UPI
PS011-202604-017,PS011,2026-04-29,debit,Shopping,928.79,Amazon / local retail,Rajkot,UPI
PS011-202604-018,PS011,2026-04-03,debit,Transport,209.45,Metro / fuel,Rajkot,UPI
PS011-202604-019,PS011,2026-04-06,debit,Transport,288.71,Metro / fuel,Rajkot,UPI
PS011-202604-020,PS011,2026-04-10,debit,Transport,243.53,Metro / fuel,Rajkot,UPI
PS011-202604-021,PS011,2026-04-14,debit,Transport,290.42,Metro / fuel,Rajkot,UPI
PS011-202604-022,PS011,2026-04-17,debit,Transport,251.21,Metro / fuel,Rajkot,UPI
PS011-202604-023,PS011,2026-04-22,debit,Transport,205.89,Metro / fuel,Rajkot,UPI
PS011-202604-024,PS011,2026-04-25,debit,Transport,258.03,Metro / fuel,Rajkot,UPI
PS011-202604-025,PS011,2026-04-29,debit,Transport,358.76,Metro / fuel,Rajkot,UPI
PS011-202604-026,PS011,2026-04-03,debit,Bills,961.79,Electricity / mobile,Rajkot,UPI
PS011-202604-027,PS011,2026-04-16,debit,Bills,768.7,Electricity / mobile,Rajkot,UPI
PS011-202604-028,PS011,2026-04-29,debit,Bills,901.51,Electricity / mobile,Rajkot,UPI
PS011-202604-029,PS011,2026-04-03,debit,Rent,8159,Monthly rent,Rajkot,NEFT
PS011-202604-030,PS011,2026-04-03,debit,Education,658,Learning centre,Rajkot,UPI
PS011-202604-031,PS011,2026-04-03,debit,Healthcare,658,Pharmacy,Rajkot,UPI
PS011-202604-032,PS011,2026-04-02,debit,Entertainment,479.33,Cinema / streaming,Rajkot,UPI
PS011-202604-033,PS011,2026-04-16,debit,Entertainment,405.35,Cinema / streaming,Rajkot,UPI
PS011-202604-034,PS011,2026-04-29,debit,Entertainment,299.32,Cinema / streaming,Rajkot,UPI
PS011-202604-035,PS011,2026-04-03,debit,Investment,1579,Recurring investment,Rajkot,UPI
PS011-202604-036,PS011,2026-04-03,debit,UPI Transfer,536.48,Household transfer,Rajkot,UPI
PS011-202604-037,PS011,2026-04-29,debit,UPI Transfer,647.52,Household transfer,Rajkot,UPI
PS011-202604-038,PS011,2026-04-02,debit,Other,301.25,Everyday purchase,Rajkot,UPI
PS011-202604-039,PS011,2026-04-30,debit,Other,224.75,Everyday purchase,Rajkot,UPI
PS011-202604-040,PS011,2026-04-05,debit,EMI,12000,Scheduled loan EMI,Rajkot,Auto debit
PS011-202605-001,PS011,2026-05-01,credit,Salary,47000,Monthly salary,Rajkot,NEFT
PS011-202605-002,PS011,2026-05-03,debit,Food,312.16,Swiggy / local groceries,Rajkot,UPI
PS011-202605-003,PS011,2026-05-05,debit,Food,476.07,Swiggy / local groceries,Rajkot,UPI
PS011-202605-004,PS011,2026-05-08,debit,Food,338.16,Swiggy / local groceries,Rajkot,UPI
PS011-202605-005,PS011,2026-05-10,debit,Food,371.09,Swiggy / local groceries,Rajkot,UPI
PS011-202605-006,PS011,2026-05-13,debit,Food,326.03,Swiggy / local groceries,Rajkot,UPI
PS011-202605-007,PS011,2026-05-15,debit,Food,289.51,Swiggy / local groceries,Rajkot,UPI
PS011-202605-008,PS011,2026-05-18,debit,Food,299.67,Swiggy / local groceries,Rajkot,UPI
PS011-202605-009,PS011,2026-05-20,debit,Food,435.14,Swiggy / local groceries,Rajkot,UPI
PS011-202605-010,PS011,2026-05-23,debit,Food,375.57,Swiggy / local groceries,Rajkot,UPI
PS011-202605-011,PS011,2026-05-24,debit,Food,422.08,Swiggy / local groceries,Rajkot,UPI
PS011-202605-012,PS011,2026-05-27,debit,Food,358.99,Swiggy / local groceries,Rajkot,UPI
PS011-202605-013,PS011,2026-05-31,debit,Food,469.53,Swiggy / local groceries,Rajkot,UPI
PS011-202605-014,PS011,2026-05-03,debit,Shopping,690.8,Amazon / local retail,Rajkot,UPI
PS011-202605-015,PS011,2026-05-12,debit,Shopping,894.92,Amazon / local retail,Rajkot,UPI
PS011-202605-016,PS011,2026-05-21,debit,Shopping,692.1,Amazon / local retail,Rajkot,UPI
PS011-202605-017,PS011,2026-05-30,debit,Shopping,880.18,Amazon / local retail,Rajkot,UPI
PS011-202605-018,PS011,2026-05-02,debit,Transport,230.94,Metro / fuel,Rajkot,UPI
PS011-202605-019,PS011,2026-05-07,debit,Transport,291.76,Metro / fuel,Rajkot,UPI
PS011-202605-020,PS011,2026-05-11,debit,Transport,261.42,Metro / fuel,Rajkot,UPI
PS011-202605-021,PS011,2026-05-15,debit,Transport,243.56,Metro / fuel,Rajkot,UPI
PS011-202605-022,PS011,2026-05-18,debit,Transport,286.95,Metro / fuel,Rajkot,UPI
PS011-202605-023,PS011,2026-05-22,debit,Transport,356.58,Metro / fuel,Rajkot,UPI
PS011-202605-024,PS011,2026-05-26,debit,Transport,216.79,Metro / fuel,Rajkot,UPI
PS011-202605-025,PS011,2026-05-31,debit,Transport,218.0,Metro / fuel,Rajkot,UPI
PS011-202605-026,PS011,2026-05-03,debit,Bills,737.78,Electricity / mobile,Rajkot,UPI
PS011-202605-027,PS011,2026-05-17,debit,Bills,1019.81,Electricity / mobile,Rajkot,UPI
PS011-202605-028,PS011,2026-05-30,debit,Bills,874.41,Electricity / mobile,Rajkot,UPI
PS011-202605-029,PS011,2026-05-03,debit,Rent,8159,Monthly rent,Rajkot,NEFT
PS011-202605-030,PS011,2026-05-02,debit,Education,658,Learning centre,Rajkot,UPI
PS011-202605-031,PS011,2026-05-03,debit,Healthcare,658,Pharmacy,Rajkot,UPI
PS011-202605-032,PS011,2026-05-03,debit,Entertainment,432.32,Cinema / streaming,Rajkot,UPI
PS011-202605-033,PS011,2026-05-17,debit,Entertainment,473.01,Cinema / streaming,Rajkot,UPI
PS011-202605-034,PS011,2026-05-30,debit,Entertainment,278.67,Cinema / streaming,Rajkot,UPI
PS011-202605-035,PS011,2026-05-03,debit,Investment,1579,Recurring investment,Rajkot,UPI
PS011-202605-036,PS011,2026-05-03,debit,UPI Transfer,717.2,Household transfer,Rajkot,UPI
PS011-202605-037,PS011,2026-05-30,debit,UPI Transfer,466.8,Household transfer,Rajkot,UPI
PS011-202605-038,PS011,2026-05-02,debit,Other,278.05,Everyday purchase,Rajkot,UPI
PS011-202605-039,PS011,2026-05-30,debit,Other,247.95,Everyday purchase,Rajkot,UPI
PS011-202605-040,PS011,2026-05-05,debit,EMI,12000,Scheduled loan EMI,Rajkot,Auto debit
PS011-202606-001,PS011,2026-06-01,credit,Salary,47000,Monthly salary,Rajkot,NEFT
PS011-202606-002,PS011,2026-06-02,debit,Food,402.41,Swiggy / local groceries,Rajkot,UPI
PS011-202606-003,PS011,2026-06-04,debit,Food,463.7,Swiggy / local groceries,Rajkot,UPI
PS011-202606-004,PS011,2026-06-07,debit,Food,256.52,Swiggy / local groceries,Rajkot,UPI
PS011-202606-005,PS011,2026-06-09,debit,Food,446.15,Swiggy / local groceries,Rajkot,UPI
PS011-202606-006,PS011,2026-06-11,debit,Food,278.62,Swiggy / local groceries,Rajkot,UPI
PS011-202606-007,PS011,2026-06-14,debit,Food,436.75,Swiggy / local groceries,Rajkot,UPI
PS011-202606-008,PS011,2026-06-17,debit,Food,253.57,Swiggy / local groceries,Rajkot,UPI
PS011-202606-009,PS011,2026-06-19,debit,Food,402.08,Swiggy / local groceries,Rajkot,UPI
PS011-202606-010,PS011,2026-06-22,debit,Food,438.55,Swiggy / local groceries,Rajkot,UPI
PS011-202606-011,PS011,2026-06-24,debit,Food,390.53,Swiggy / local groceries,Rajkot,UPI
PS011-202606-012,PS011,2026-06-26,debit,Food,340.26,Swiggy / local groceries,Rajkot,UPI
PS011-202606-013,PS011,2026-06-30,debit,Food,364.86,Swiggy / local groceries,Rajkot,UPI
PS011-202606-014,PS011,2026-06-03,debit,Shopping,944.74,Amazon / local retail,Rajkot,UPI
PS011-202606-015,PS011,2026-06-11,debit,Shopping,584.45,Amazon / local retail,Rajkot,UPI
PS011-202606-016,PS011,2026-06-21,debit,Shopping,892.9,Amazon / local retail,Rajkot,UPI
PS011-202606-017,PS011,2026-06-29,debit,Shopping,735.91,Amazon / local retail,Rajkot,UPI
PS011-202606-018,PS011,2026-06-03,debit,Transport,242.19,Metro / fuel,Rajkot,UPI
PS011-202606-019,PS011,2026-06-06,debit,Transport,185.03,Metro / fuel,Rajkot,UPI
PS011-202606-020,PS011,2026-06-10,debit,Transport,336.38,Metro / fuel,Rajkot,UPI
PS011-202606-021,PS011,2026-06-14,debit,Transport,305.97,Metro / fuel,Rajkot,UPI
PS011-202606-022,PS011,2026-06-17,debit,Transport,244.62,Metro / fuel,Rajkot,UPI
PS011-202606-023,PS011,2026-06-22,debit,Transport,257.16,Metro / fuel,Rajkot,UPI
PS011-202606-024,PS011,2026-06-25,debit,Transport,332.74,Metro / fuel,Rajkot,UPI
PS011-202606-025,PS011,2026-06-29,debit,Transport,201.91,Metro / fuel,Rajkot,UPI
PS011-202606-026,PS011,2026-06-03,debit,Bills,834.64,Electricity / mobile,Rajkot,UPI
PS011-202606-027,PS011,2026-06-16,debit,Bills,684.88,Electricity / mobile,Rajkot,UPI
PS011-202606-028,PS011,2026-06-29,debit,Bills,1112.48,Electricity / mobile,Rajkot,UPI
PS011-202606-029,PS011,2026-06-03,debit,Rent,8159,Monthly rent,Rajkot,NEFT
PS011-202606-030,PS011,2026-06-03,debit,Education,658,Learning centre,Rajkot,UPI
PS011-202606-031,PS011,2026-06-03,debit,Healthcare,658,Pharmacy,Rajkot,UPI
PS011-202606-032,PS011,2026-06-02,debit,Entertainment,382.46,Cinema / streaming,Rajkot,UPI
PS011-202606-033,PS011,2026-06-15,debit,Entertainment,462.2,Cinema / streaming,Rajkot,UPI
PS011-202606-034,PS011,2026-06-29,debit,Entertainment,339.34,Cinema / streaming,Rajkot,UPI
PS011-202606-035,PS011,2026-06-03,debit,Investment,1579,Recurring investment,Rajkot,UPI
PS011-202606-036,PS011,2026-06-02,debit,UPI Transfer,654.05,Household transfer,Rajkot,UPI
PS011-202606-037,PS011,2026-06-29,debit,UPI Transfer,529.95,Household transfer,Rajkot,UPI
PS011-202606-038,PS011,2026-06-03,debit,Other,279.02,Everyday purchase,Rajkot,UPI
PS011-202606-039,PS011,2026-06-30,debit,Other,246.98,Everyday purchase,Rajkot,UPI
PS011-202606-040,PS011,2026-06-05,debit,EMI,12000,Scheduled loan EMI,Rajkot,Auto debit
PS011-202607-001,PS011,2026-07-01,credit,Salary,47000,Monthly salary,Rajkot,NEFT
PS011-202607-002,PS011,2026-07-02,debit,Food,367.4,Swiggy / local groceries,Rajkot,UPI
PS011-202607-003,PS011,2026-07-04,debit,Food,412.21,Swiggy / local groceries,Rajkot,UPI
PS011-202607-004,PS011,2026-07-08,debit,Food,428.74,Swiggy / local groceries,Rajkot,UPI
PS011-202607-005,PS011,2026-07-10,debit,Food,343.52,Swiggy / local groceries,Rajkot,UPI
PS011-202607-006,PS011,2026-07-13,debit,Food,362.26,Swiggy / local groceries,Rajkot,UPI
PS011-202607-007,PS011,2026-07-15,debit,Food,453.68,Swiggy / local groceries,Rajkot,UPI
PS011-202607-008,PS011,2026-07-17,debit,Food,337.26,Swiggy / local groceries,Rajkot,UPI
PS011-202607-009,PS011,2026-07-20,debit,Food,365.55,Swiggy / local groceries,Rajkot,UPI
PS011-202607-010,PS011,2026-07-22,debit,Food,318.32,Swiggy / local groceries,Rajkot,UPI
PS011-202607-011,PS011,2026-07-25,debit,Food,423.99,Swiggy / local groceries,Rajkot,UPI
PS011-202607-012,PS011,2026-07-27,debit,Food,352.58,Swiggy / local groceries,Rajkot,UPI
PS011-202607-013,PS011,2026-07-31,debit,Food,308.49,Swiggy / local groceries,Rajkot,UPI
PS011-202607-014,PS011,2026-07-02,debit,Shopping,696.59,Amazon / local retail,Rajkot,UPI
PS011-202607-015,PS011,2026-07-12,debit,Shopping,939.69,Amazon / local retail,Rajkot,UPI
PS011-202607-016,PS011,2026-07-21,debit,Shopping,665.76,Amazon / local retail,Rajkot,UPI
PS011-202607-017,PS011,2026-07-31,debit,Shopping,855.96,Amazon / local retail,Rajkot,UPI
PS011-202607-018,PS011,2026-07-02,debit,Transport,266.38,Metro / fuel,Rajkot,UPI
PS011-202607-019,PS011,2026-07-07,debit,Transport,286.21,Metro / fuel,Rajkot,UPI
PS011-202607-020,PS011,2026-07-10,debit,Transport,302.89,Metro / fuel,Rajkot,UPI
PS011-202607-021,PS011,2026-07-15,debit,Transport,273.51,Metro / fuel,Rajkot,UPI
PS011-202607-022,PS011,2026-07-19,debit,Transport,271.69,Metro / fuel,Rajkot,UPI
PS011-202607-023,PS011,2026-07-23,debit,Transport,204.4,Metro / fuel,Rajkot,UPI
PS011-202607-024,PS011,2026-07-27,debit,Transport,193.74,Metro / fuel,Rajkot,UPI
PS011-202607-025,PS011,2026-07-31,debit,Transport,307.18,Metro / fuel,Rajkot,UPI
PS011-202607-026,PS011,2026-07-02,debit,Bills,577.75,Electricity / mobile,Rajkot,UPI
PS011-202607-027,PS011,2026-07-16,debit,Bills,1033.83,Electricity / mobile,Rajkot,UPI
PS011-202607-028,PS011,2026-07-31,debit,Bills,1020.42,Electricity / mobile,Rajkot,UPI
PS011-202607-029,PS011,2026-07-02,debit,Rent,8159,Monthly rent,Rajkot,NEFT
PS011-202607-030,PS011,2026-07-02,debit,Education,658,Learning centre,Rajkot,UPI
PS011-202607-031,PS011,2026-07-02,debit,Healthcare,658,Pharmacy,Rajkot,UPI
PS011-202607-032,PS011,2026-07-03,debit,Entertainment,400.84,Cinema / streaming,Rajkot,UPI
PS011-202607-033,PS011,2026-07-16,debit,Entertainment,396.34,Cinema / streaming,Rajkot,UPI
PS011-202607-034,PS011,2026-07-31,debit,Entertainment,386.82,Cinema / streaming,Rajkot,UPI
PS011-202607-035,PS011,2026-07-03,debit,Investment,1579,Recurring investment,Rajkot,UPI
PS011-202607-036,PS011,2026-07-03,debit,UPI Transfer,474.39,Household transfer,Rajkot,UPI
PS011-202607-037,PS011,2026-07-30,debit,UPI Transfer,709.61,Household transfer,Rajkot,UPI
PS011-202607-038,PS011,2026-07-03,debit,Other,258.18,Everyday purchase,Rajkot,UPI
PS011-202607-039,PS011,2026-07-31,debit,Other,267.82,Everyday purchase,Rajkot,UPI
PS011-202607-040,PS011,2026-07-05,debit,EMI,12000,Scheduled loan EMI,Rajkot,Auto debit
PS011-202608-001,PS011,2026-08-01,credit,Salary,47000,Monthly salary,Rajkot,NEFT
PS011-202608-002,PS011,2026-08-02,debit,Food,318.32,Swiggy / local groceries,Rajkot,UPI
PS011-202608-003,PS011,2026-08-04,debit,Food,454.48,Swiggy / local groceries,Rajkot,UPI
PS011-202608-004,PS011,2026-08-08,debit,Food,444.22,Swiggy / local groceries,Rajkot,UPI
PS011-202608-005,PS011,2026-08-09,debit,Food,381.6,Swiggy / local groceries,Rajkot,UPI
PS011-202608-006,PS011,2026-08-13,debit,Food,280.81,Swiggy / local groceries,Rajkot,UPI
PS011-202608-007,PS011,2026-08-14,debit,Food,479.81,Swiggy / local groceries,Rajkot,UPI
PS011-202608-008,PS011,2026-08-18,debit,Food,353.67,Swiggy / local groceries,Rajkot,UPI
PS011-202608-009,PS011,2026-08-19,debit,Food,463.88,Swiggy / local groceries,Rajkot,UPI
PS011-202608-010,PS011,2026-08-22,debit,Food,463.28,Swiggy / local groceries,Rajkot,UPI
PS011-202608-011,PS011,2026-08-25,debit,Food,268.16,Swiggy / local groceries,Rajkot,UPI
PS011-202608-012,PS011,2026-08-28,debit,Food,274.51,Swiggy / local groceries,Rajkot,UPI
PS011-202608-013,PS011,2026-08-31,debit,Food,291.26,Swiggy / local groceries,Rajkot,UPI
PS011-202608-014,PS011,2026-08-03,debit,Shopping,868.7,Amazon / local retail,Rajkot,UPI
PS011-202608-015,PS011,2026-08-12,debit,Shopping,637.66,Amazon / local retail,Rajkot,UPI
PS011-202608-016,PS011,2026-08-20,debit,Shopping,1000.73,Amazon / local retail,Rajkot,UPI
PS011-202608-017,PS011,2026-08-31,debit,Shopping,650.91,Amazon / local retail,Rajkot,UPI
PS011-202608-018,PS011,2026-08-02,debit,Transport,236.22,Metro / fuel,Rajkot,UPI
PS011-202608-019,PS011,2026-08-07,debit,Transport,214.49,Metro / fuel,Rajkot,UPI
PS011-202608-020,PS011,2026-08-11,debit,Transport,285.79,Metro / fuel,Rajkot,UPI
PS011-202608-021,PS011,2026-08-15,debit,Transport,283.17,Metro / fuel,Rajkot,UPI
PS011-202608-022,PS011,2026-08-19,debit,Transport,284.39,Metro / fuel,Rajkot,UPI
PS011-202608-023,PS011,2026-08-22,debit,Transport,204.08,Metro / fuel,Rajkot,UPI
PS011-202608-024,PS011,2026-08-27,debit,Transport,317.8,Metro / fuel,Rajkot,UPI
PS011-202608-025,PS011,2026-08-30,debit,Transport,280.06,Metro / fuel,Rajkot,UPI
PS011-202608-026,PS011,2026-08-03,debit,Bills,1004.57,Electricity / mobile,Rajkot,UPI
PS011-202608-027,PS011,2026-08-16,debit,Bills,815.14,Electricity / mobile,Rajkot,UPI
PS011-202608-028,PS011,2026-08-30,debit,Bills,812.29,Electricity / mobile,Rajkot,UPI
PS011-202608-029,PS011,2026-08-03,debit,Rent,8159,Monthly rent,Rajkot,NEFT
PS011-202608-030,PS011,2026-08-03,debit,Education,658,Learning centre,Rajkot,UPI
PS011-202608-031,PS011,2026-08-02,debit,Healthcare,658,Pharmacy,Rajkot,UPI
PS011-202608-032,PS011,2026-08-02,debit,Entertainment,449.41,Cinema / streaming,Rajkot,UPI
PS011-202608-033,PS011,2026-08-17,debit,Entertainment,381.41,Cinema / streaming,Rajkot,UPI
PS011-202608-034,PS011,2026-08-30,debit,Entertainment,353.18,Cinema / streaming,Rajkot,UPI
PS011-202608-035,PS011,2026-08-02,debit,Investment,1579,Recurring investment,Rajkot,UPI
PS011-202608-036,PS011,2026-08-02,debit,UPI Transfer,484.26,Household transfer,Rajkot,UPI
PS011-202608-037,PS011,2026-08-30,debit,UPI Transfer,699.74,Household transfer,Rajkot,UPI
PS011-202608-038,PS011,2026-08-03,debit,Other,321.31,Everyday purchase,Rajkot,UPI
PS011-202608-039,PS011,2026-08-31,debit,Other,204.69,Everyday purchase,Rajkot,UPI
PS011-202608-040,PS011,2026-08-05,debit,EMI,12000,Scheduled loan EMI,Rajkot,Auto debit
PS012-202512-001,PS012,2025-12-01,credit,Salary,72000,Monthly salary,Mumbai,NEFT
PS012-202512-002,PS012,2025-12-03,debit,Food,384.46,Swiggy / local groceries,Mumbai,UPI
PS012-202512-003,PS012,2025-12-05,debit,Food,502.58,Swiggy / local groceries,Mumbai,UPI
PS012-202512-004,PS012,2025-12-08,debit,Food,390.43,Swiggy / local groceries,Mumbai,UPI
PS012-202512-005,PS012,2025-12-10,debit,Food,647.27,Swiggy / local groceries,Mumbai,UPI
PS012-202512-006,PS012,2025-12-13,debit,Food,526.9,Swiggy / local groceries,Mumbai,UPI
PS012-202512-007,PS012,2025-12-14,debit,Food,361.26,Swiggy / local groceries,Mumbai,UPI
PS012-202512-008,PS012,2025-12-18,debit,Food,424.6,Swiggy / local groceries,Mumbai,UPI
PS012-202512-009,PS012,2025-12-19,debit,Food,462.33,Swiggy / local groceries,Mumbai,UPI
PS012-202512-010,PS012,2025-12-23,debit,Food,449.7,Swiggy / local groceries,Mumbai,UPI
PS012-202512-011,PS012,2025-12-25,debit,Food,386.92,Swiggy / local groceries,Mumbai,UPI
PS012-202512-012,PS012,2025-12-27,debit,Food,489.72,Swiggy / local groceries,Mumbai,UPI
PS012-202512-013,PS012,2025-12-31,debit,Food,359.83,Swiggy / local groceries,Mumbai,UPI
PS012-202512-014,PS012,2025-12-03,debit,Shopping,993.77,Amazon / local retail,Mumbai,UPI
PS012-202512-015,PS012,2025-12-12,debit,Shopping,782.71,Amazon / local retail,Mumbai,UPI
PS012-202512-016,PS012,2025-12-20,debit,Shopping,920.24,Amazon / local retail,Mumbai,UPI
PS012-202512-017,PS012,2025-12-30,debit,Shopping,1105.28,Amazon / local retail,Mumbai,UPI
PS012-202512-018,PS012,2025-12-03,debit,Transport,363.51,Metro / fuel,Mumbai,UPI
PS012-202512-019,PS012,2025-12-07,debit,Transport,230.03,Metro / fuel,Mumbai,UPI
PS012-202512-020,PS012,2025-12-11,debit,Transport,349.22,Metro / fuel,Mumbai,UPI
PS012-202512-021,PS012,2025-12-14,debit,Transport,359.86,Metro / fuel,Mumbai,UPI
PS012-202512-022,PS012,2025-12-19,debit,Transport,358.77,Metro / fuel,Mumbai,UPI
PS012-202512-023,PS012,2025-12-23,debit,Transport,294.99,Metro / fuel,Mumbai,UPI
PS012-202512-024,PS012,2025-12-27,debit,Transport,352.18,Metro / fuel,Mumbai,UPI
PS012-202512-025,PS012,2025-12-31,debit,Transport,225.44,Metro / fuel,Mumbai,UPI
PS012-202512-026,PS012,2025-12-02,debit,Bills,927.77,Electricity / mobile,Mumbai,UPI
PS012-202512-027,PS012,2025-12-16,debit,Bills,1214.93,Electricity / mobile,Mumbai,UPI
PS012-202512-028,PS012,2025-12-31,debit,Bills,1025.3,Electricity / mobile,Mumbai,UPI
PS012-202512-029,PS012,2025-12-02,debit,Rent,9821,Monthly rent,Mumbai,NEFT
PS012-202512-030,PS012,2025-12-02,debit,Education,792,Learning centre,Mumbai,UPI
PS012-202512-031,PS012,2025-12-02,debit,Healthcare,792,Pharmacy,Mumbai,UPI
PS012-202512-032,PS012,2025-12-03,debit,Entertainment,483.94,Cinema / streaming,Mumbai,UPI
PS012-202512-033,PS012,2025-12-17,debit,Entertainment,437.43,Cinema / streaming,Mumbai,UPI
PS012-202512-034,PS012,2025-12-30,debit,Entertainment,504.63,Cinema / streaming,Mumbai,UPI
PS012-202512-035,PS012,2025-12-03,debit,Investment,1901,Recurring investment,Mumbai,UPI
PS012-202512-036,PS012,2025-12-03,debit,UPI Transfer,670.56,Household transfer,Mumbai,UPI
PS012-202512-037,PS012,2025-12-30,debit,UPI Transfer,755.44,Household transfer,Mumbai,UPI
PS012-202512-038,PS012,2025-12-02,debit,Other,291.19,Everyday purchase,Mumbai,UPI
PS012-202512-039,PS012,2025-12-31,debit,Other,342.81,Everyday purchase,Mumbai,UPI
PS012-202512-040,PS012,2025-12-05,debit,EMI,26000,Scheduled loan EMI,Mumbai,Auto debit
PS012-202601-001,PS012,2026-01-01,credit,Salary,72000,Monthly salary,Mumbai,NEFT
PS012-202601-002,PS012,2026-01-02,debit,Food,439.66,Swiggy / local groceries,Mumbai,UPI
PS012-202601-003,PS012,2026-01-04,debit,Food,462.74,Swiggy / local groceries,Mumbai,UPI
PS012-202601-004,PS012,2026-01-08,debit,Food,423.32,Swiggy / local groceries,Mumbai,UPI
PS012-202601-005,PS012,2026-01-10,debit,Food,567.23,Swiggy / local groceries,Mumbai,UPI
PS012-202601-006,PS012,2026-01-12,debit,Food,638.01,Swiggy / local groceries,Mumbai,UPI
PS012-202601-007,PS012,2026-01-15,debit,Food,418.53,Swiggy / local groceries,Mumbai,UPI
PS012-202601-008,PS012,2026-01-18,debit,Food,548.09,Swiggy / local groceries,Mumbai,UPI
PS012-202601-009,PS012,2026-01-19,debit,Food,381.82,Swiggy / local groceries,Mumbai,UPI
PS012-202601-010,PS012,2026-01-23,debit,Food,427.82,Swiggy / local groceries,Mumbai,UPI
PS012-202601-011,PS012,2026-01-25,debit,Food,428.86,Swiggy / local groceries,Mumbai,UPI
PS012-202601-012,PS012,2026-01-28,debit,Food,412.44,Swiggy / local groceries,Mumbai,UPI
PS012-202601-013,PS012,2026-01-31,debit,Food,457.48,Swiggy / local groceries,Mumbai,UPI
PS012-202601-014,PS012,2026-01-03,debit,Shopping,925.79,Amazon / local retail,Mumbai,UPI
PS012-202601-015,PS012,2026-01-12,debit,Shopping,1098.37,Amazon / local retail,Mumbai,UPI
PS012-202601-016,PS012,2026-01-20,debit,Shopping,1084.86,Amazon / local retail,Mumbai,UPI
PS012-202601-017,PS012,2026-01-30,debit,Shopping,847.98,Amazon / local retail,Mumbai,UPI
PS012-202601-018,PS012,2026-01-02,debit,Transport,274.73,Metro / fuel,Mumbai,UPI
PS012-202601-019,PS012,2026-01-07,debit,Transport,441.85,Metro / fuel,Mumbai,UPI
PS012-202601-020,PS012,2026-01-11,debit,Transport,295.0,Metro / fuel,Mumbai,UPI
PS012-202601-021,PS012,2026-01-14,debit,Transport,300.43,Metro / fuel,Mumbai,UPI
PS012-202601-022,PS012,2026-01-18,debit,Transport,375.96,Metro / fuel,Mumbai,UPI
PS012-202601-023,PS012,2026-01-22,debit,Transport,293.22,Metro / fuel,Mumbai,UPI
PS012-202601-024,PS012,2026-01-27,debit,Transport,389.89,Metro / fuel,Mumbai,UPI
PS012-202601-025,PS012,2026-01-30,debit,Transport,266.92,Metro / fuel,Mumbai,UPI
PS012-202601-026,PS012,2026-01-02,debit,Bills,1146.25,Electricity / mobile,Mumbai,UPI
PS012-202601-027,PS012,2026-01-16,debit,Bills,1171.76,Electricity / mobile,Mumbai,UPI
PS012-202601-028,PS012,2026-01-30,debit,Bills,979.99,Electricity / mobile,Mumbai,UPI
PS012-202601-029,PS012,2026-01-03,debit,Rent,10223,Monthly rent,Mumbai,NEFT
PS012-202601-030,PS012,2026-01-02,debit,Education,824,Learning centre,Mumbai,UPI
PS012-202601-031,PS012,2026-01-02,debit,Healthcare,824,Pharmacy,Mumbai,UPI
PS012-202601-032,PS012,2026-01-02,debit,Entertainment,504.91,Cinema / streaming,Mumbai,UPI
PS012-202601-033,PS012,2026-01-16,debit,Entertainment,495.2,Cinema / streaming,Mumbai,UPI
PS012-202601-034,PS012,2026-01-30,debit,Entertainment,483.89,Cinema / streaming,Mumbai,UPI
PS012-202601-035,PS012,2026-01-02,debit,Investment,1979,Recurring investment,Mumbai,UPI
PS012-202601-036,PS012,2026-01-02,debit,UPI Transfer,754.71,Household transfer,Mumbai,UPI
PS012-202601-037,PS012,2026-01-30,debit,UPI Transfer,729.29,Household transfer,Mumbai,UPI
PS012-202601-038,PS012,2026-01-02,debit,Other,307.1,Everyday purchase,Mumbai,UPI
PS012-202601-039,PS012,2026-01-30,debit,Other,352.9,Everyday purchase,Mumbai,UPI
PS012-202601-040,PS012,2026-01-05,debit,EMI,26000,Scheduled loan EMI,Mumbai,Auto debit
PS012-202602-001,PS012,2026-02-01,credit,Salary,72000,Monthly salary,Mumbai,NEFT
PS012-202602-002,PS012,2026-02-02,debit,Food,559.06,Swiggy / local groceries,Mumbai,UPI
PS012-202602-003,PS012,2026-02-05,debit,Food,598.97,Swiggy / local groceries,Mumbai,UPI
PS012-202602-004,PS012,2026-02-07,debit,Food,511.65,Swiggy / local groceries,Mumbai,UPI
PS012-202602-005,PS012,2026-02-08,debit,Food,602.93,Swiggy / local groceries,Mumbai,UPI
PS012-202602-006,PS012,2026-02-11,debit,Food,386.6,Swiggy / local groceries,Mumbai,UPI
PS012-202602-007,PS012,2026-02-13,debit,Food,480.81,Swiggy / local groceries,Mumbai,UPI
PS012-202602-008,PS012,2026-02-16,debit,Food,483.72,Swiggy / local groceries,Mumbai,UPI
PS012-202602-009,PS012,2026-02-17,debit,Food,380.05,Swiggy / local groceries,Mumbai,UPI
PS012-202602-010,PS012,2026-02-20,debit,Food,491.58,Swiggy / local groceries,Mumbai,UPI
PS012-202602-011,PS012,2026-02-23,debit,Food,500.28,Swiggy / local groceries,Mumbai,UPI
PS012-202602-012,PS012,2026-02-25,debit,Food,412.74,Swiggy / local groceries,Mumbai,UPI
PS012-202602-013,PS012,2026-02-27,debit,Food,417.61,Swiggy / local groceries,Mumbai,UPI
PS012-202602-014,PS012,2026-02-03,debit,Shopping,873.58,Amazon / local retail,Mumbai,UPI
PS012-202602-015,PS012,2026-02-10,debit,Shopping,1037.12,Amazon / local retail,Mumbai,UPI
PS012-202602-016,PS012,2026-02-19,debit,Shopping,1220.91,Amazon / local retail,Mumbai,UPI
PS012-202602-017,PS012,2026-02-28,debit,Shopping,981.39,Amazon / local retail,Mumbai,UPI
PS012-202602-018,PS012,2026-02-02,debit,Transport,298.36,Metro / fuel,Mumbai,UPI
PS012-202602-019,PS012,2026-02-06,debit,Transport,333.9,Metro / fuel,Mumbai,UPI
PS012-202602-020,PS012,2026-02-09,debit,Transport,338.09,Metro / fuel,Mumbai,UPI
PS012-202602-021,PS012,2026-02-13,debit,Transport,408.86,Metro / fuel,Mumbai,UPI
PS012-202602-022,PS012,2026-02-17,debit,Transport,270.16,Metro / fuel,Mumbai,UPI
PS012-202602-023,PS012,2026-02-20,debit,Transport,438.27,Metro / fuel,Mumbai,UPI
PS012-202602-024,PS012,2026-02-24,debit,Transport,354.5,Metro / fuel,Mumbai,UPI
PS012-202602-025,PS012,2026-02-28,debit,Transport,299.86,Metro / fuel,Mumbai,UPI
PS012-202602-026,PS012,2026-02-02,debit,Bills,1221.29,Electricity / mobile,Mumbai,UPI
PS012-202602-027,PS012,2026-02-14,debit,Bills,885.42,Electricity / mobile,Mumbai,UPI
PS012-202602-028,PS012,2026-02-28,debit,Bills,1320.29,Electricity / mobile,Mumbai,UPI
PS012-202602-029,PS012,2026-02-02,debit,Rent,10624,Monthly rent,Mumbai,NEFT
PS012-202602-030,PS012,2026-02-03,debit,Education,857,Learning centre,Mumbai,UPI
PS012-202602-031,PS012,2026-02-02,debit,Healthcare,857,Pharmacy,Mumbai,UPI
PS012-202602-032,PS012,2026-02-03,debit,Entertainment,522.89,Cinema / streaming,Mumbai,UPI
PS012-202602-033,PS012,2026-02-14,debit,Entertainment,464.47,Cinema / streaming,Mumbai,UPI
PS012-202602-034,PS012,2026-02-27,debit,Entertainment,554.64,Cinema / streaming,Mumbai,UPI
PS012-202602-035,PS012,2026-02-03,debit,Investment,2056,Recurring investment,Mumbai,UPI
PS012-202602-036,PS012,2026-02-03,debit,UPI Transfer,612.97,Household transfer,Mumbai,UPI
PS012-202602-037,PS012,2026-02-27,debit,UPI Transfer,929.03,Household transfer,Mumbai,UPI
PS012-202602-038,PS012,2026-02-03,debit,Other,331.18,Everyday purchase,Mumbai,UPI
PS012-202602-039,PS012,2026-02-27,debit,Other,353.82,Everyday purchase,Mumbai,UPI
PS012-202602-040,PS012,2026-02-05,debit,EMI,26000,Scheduled loan EMI,Mumbai,Auto debit
PS012-202603-001,PS012,2026-03-01,credit,Salary,72000,Monthly salary,Mumbai,NEFT
PS012-202603-002,PS012,2026-03-02,debit,Food,583.11,Swiggy / local groceries,Mumbai,UPI
PS012-202603-003,PS012,2026-03-05,debit,Food,425.13,Swiggy / local groceries,Mumbai,UPI
PS012-202603-004,PS012,2026-03-07,debit,Food,368.41,Swiggy / local groceries,Mumbai,UPI
PS012-202603-005,PS012,2026-03-09,debit,Food,376.87,Swiggy / local groceries,Mumbai,UPI
PS012-202603-006,PS012,2026-03-13,debit,Food,567.92,Swiggy / local groceries,Mumbai,UPI
PS012-202603-007,PS012,2026-03-14,debit,Food,649.26,Swiggy / local groceries,Mumbai,UPI
PS012-202603-008,PS012,2026-03-17,debit,Food,584.37,Swiggy / local groceries,Mumbai,UPI
PS012-202603-009,PS012,2026-03-19,debit,Food,498.06,Swiggy / local groceries,Mumbai,UPI
PS012-202603-010,PS012,2026-03-23,debit,Food,564.5,Swiggy / local groceries,Mumbai,UPI
PS012-202603-011,PS012,2026-03-25,debit,Food,423.82,Swiggy / local groceries,Mumbai,UPI
PS012-202603-012,PS012,2026-03-28,debit,Food,353.72,Swiggy / local groceries,Mumbai,UPI
PS012-202603-013,PS012,2026-03-30,debit,Food,651.83,Swiggy / local groceries,Mumbai,UPI
PS012-202603-014,PS012,2026-03-02,debit,Shopping,985.95,Amazon / local retail,Mumbai,UPI
PS012-202603-015,PS012,2026-03-11,debit,Shopping,1150.83,Amazon / local retail,Mumbai,UPI
PS012-202603-016,PS012,2026-03-20,debit,Shopping,968.39,Amazon / local retail,Mumbai,UPI
PS012-202603-017,PS012,2026-03-31,debit,Shopping,1162.83,Amazon / local retail,Mumbai,UPI
PS012-202603-018,PS012,2026-03-02,debit,Transport,365.34,Metro / fuel,Mumbai,UPI
PS012-202603-019,PS012,2026-03-06,debit,Transport,433.86,Metro / fuel,Mumbai,UPI
PS012-202603-020,PS012,2026-03-10,debit,Transport,384.45,Metro / fuel,Mumbai,UPI
PS012-202603-021,PS012,2026-03-14,debit,Transport,263.36,Metro / fuel,Mumbai,UPI
PS012-202603-022,PS012,2026-03-19,debit,Transport,353.3,Metro / fuel,Mumbai,UPI
PS012-202603-023,PS012,2026-03-22,debit,Transport,325.43,Metro / fuel,Mumbai,UPI
PS012-202603-024,PS012,2026-03-26,debit,Transport,306.3,Metro / fuel,Mumbai,UPI
PS012-202603-025,PS012,2026-03-31,debit,Transport,412.96,Metro / fuel,Mumbai,UPI
PS012-202603-026,PS012,2026-03-02,debit,Bills,1270.38,Electricity / mobile,Mumbai,UPI
PS012-202603-027,PS012,2026-03-17,debit,Bills,1262.07,Electricity / mobile,Mumbai,UPI
PS012-202603-028,PS012,2026-03-30,debit,Bills,1024.55,Electricity / mobile,Mumbai,UPI
PS012-202603-029,PS012,2026-03-03,debit,Rent,11026,Monthly rent,Mumbai,NEFT
PS012-202603-030,PS012,2026-03-02,debit,Education,889,Learning centre,Mumbai,UPI
PS012-202603-031,PS012,2026-03-02,debit,Healthcare,889,Pharmacy,Mumbai,UPI
PS012-202603-032,PS012,2026-03-02,debit,Entertainment,611.28,Cinema / streaming,Mumbai,UPI
PS012-202603-033,PS012,2026-03-16,debit,Entertainment,525.83,Cinema / streaming,Mumbai,UPI
PS012-202603-034,PS012,2026-03-31,debit,Entertainment,463.89,Cinema / streaming,Mumbai,UPI
PS012-202603-035,PS012,2026-03-03,debit,Investment,2134,Recurring investment,Mumbai,UPI
PS012-202603-036,PS012,2026-03-03,debit,UPI Transfer,762.15,Household transfer,Mumbai,UPI
PS012-202603-037,PS012,2026-03-30,debit,UPI Transfer,838.85,Household transfer,Mumbai,UPI
PS012-202603-038,PS012,2026-03-02,debit,Other,327.59,Everyday purchase,Mumbai,UPI
PS012-202603-039,PS012,2026-03-30,debit,Other,383.41,Everyday purchase,Mumbai,UPI
PS012-202603-040,PS012,2026-03-05,debit,EMI,26000,Scheduled loan EMI,Mumbai,Auto debit
PS012-202604-001,PS012,2026-04-01,credit,Salary,72000,Monthly salary,Mumbai,NEFT
PS012-202604-002,PS012,2026-04-02,debit,Food,450.47,Swiggy / local groceries,Mumbai,UPI
PS012-202604-003,PS012,2026-04-05,debit,Food,394.65,Swiggy / local groceries,Mumbai,UPI
PS012-202604-004,PS012,2026-04-07,debit,Food,586.45,Swiggy / local groceries,Mumbai,UPI
PS012-202604-005,PS012,2026-04-09,debit,Food,638.44,Swiggy / local groceries,Mumbai,UPI
PS012-202604-006,PS012,2026-04-12,debit,Food,387.8,Swiggy / local groceries,Mumbai,UPI
PS012-202604-007,PS012,2026-04-15,debit,Food,627.27,Swiggy / local groceries,Mumbai,UPI
PS012-202604-008,PS012,2026-04-16,debit,Food,609.81,Swiggy / local groceries,Mumbai,UPI
PS012-202604-009,PS012,2026-04-20,debit,Food,431.0,Swiggy / local groceries,Mumbai,UPI
PS012-202604-010,PS012,2026-04-22,debit,Food,635.09,Swiggy / local groceries,Mumbai,UPI
PS012-202604-011,PS012,2026-04-25,debit,Food,477.13,Swiggy / local groceries,Mumbai,UPI
PS012-202604-012,PS012,2026-04-26,debit,Food,639.8,Swiggy / local groceries,Mumbai,UPI
PS012-202604-013,PS012,2026-04-30,debit,Food,389.09,Swiggy / local groceries,Mumbai,UPI
PS012-202604-014,PS012,2026-04-03,debit,Shopping,769.59,Amazon / local retail,Mumbai,UPI
PS012-202604-015,PS012,2026-04-12,debit,Shopping,1292.87,Amazon / local retail,Mumbai,UPI
PS012-202604-016,PS012,2026-04-20,debit,Shopping,1217.77,Amazon / local retail,Mumbai,UPI
PS012-202604-017,PS012,2026-04-30,debit,Shopping,1143.77,Amazon / local retail,Mumbai,UPI
PS012-202604-018,PS012,2026-04-02,debit,Transport,417.2,Metro / fuel,Mumbai,UPI
PS012-202604-019,PS012,2026-04-06,debit,Transport,348.0,Metro / fuel,Mumbai,UPI
PS012-202604-020,PS012,2026-04-09,debit,Transport,373.37,Metro / fuel,Mumbai,UPI
PS012-202604-021,PS012,2026-04-14,debit,Transport,330.12,Metro / fuel,Mumbai,UPI
PS012-202604-022,PS012,2026-04-18,debit,Transport,481.57,Metro / fuel,Mumbai,UPI
PS012-202604-023,PS012,2026-04-22,debit,Transport,268.54,Metro / fuel,Mumbai,UPI
PS012-202604-024,PS012,2026-04-26,debit,Transport,293.65,Metro / fuel,Mumbai,UPI
PS012-202604-025,PS012,2026-04-30,debit,Transport,436.55,Metro / fuel,Mumbai,UPI
PS012-202604-026,PS012,2026-04-02,debit,Bills,1223.49,Electricity / mobile,Mumbai,UPI
PS012-202604-027,PS012,2026-04-16,debit,Bills,1331.95,Electricity / mobile,Mumbai,UPI
PS012-202604-028,PS012,2026-04-29,debit,Bills,1130.56,Electricity / mobile,Mumbai,UPI
PS012-202604-029,PS012,2026-04-03,debit,Rent,11428,Monthly rent,Mumbai,NEFT
PS012-202604-030,PS012,2026-04-02,debit,Education,922,Learning centre,Mumbai,UPI
PS012-202604-031,PS012,2026-04-02,debit,Healthcare,922,Pharmacy,Mumbai,UPI
PS012-202604-032,PS012,2026-04-03,debit,Entertainment,559.33,Cinema / streaming,Mumbai,UPI
PS012-202604-033,PS012,2026-04-16,debit,Entertainment,642.3,Cinema / streaming,Mumbai,UPI
PS012-202604-034,PS012,2026-04-29,debit,Entertainment,457.37,Cinema / streaming,Mumbai,UPI
PS012-202604-035,PS012,2026-04-03,debit,Investment,2212,Recurring investment,Mumbai,UPI
PS012-202604-036,PS012,2026-04-03,debit,UPI Transfer,903.97,Household transfer,Mumbai,UPI
PS012-202604-037,PS012,2026-04-29,debit,UPI Transfer,755.03,Household transfer,Mumbai,UPI
PS012-202604-038,PS012,2026-04-03,debit,Other,386.24,Everyday purchase,Mumbai,UPI
PS012-202604-039,PS012,2026-04-30,debit,Other,350.76,Everyday purchase,Mumbai,UPI
PS012-202604-040,PS012,2026-04-05,debit,EMI,26000,Scheduled loan EMI,Mumbai,Auto debit
PS012-202605-001,PS012,2026-05-01,credit,Salary,72000,Monthly salary,Mumbai,NEFT
PS012-202605-002,PS012,2026-05-03,debit,Food,689.18,Swiggy / local groceries,Mumbai,UPI
PS012-202605-003,PS012,2026-05-05,debit,Food,416.05,Swiggy / local groceries,Mumbai,UPI
PS012-202605-004,PS012,2026-05-07,debit,Food,612.23,Swiggy / local groceries,Mumbai,UPI
PS012-202605-005,PS012,2026-05-09,debit,Food,686.69,Swiggy / local groceries,Mumbai,UPI
PS012-202605-006,PS012,2026-05-12,debit,Food,626.27,Swiggy / local groceries,Mumbai,UPI
PS012-202605-007,PS012,2026-05-15,debit,Food,462.26,Swiggy / local groceries,Mumbai,UPI
PS012-202605-008,PS012,2026-05-17,debit,Food,386.0,Swiggy / local groceries,Mumbai,UPI
PS012-202605-009,PS012,2026-05-19,debit,Food,550.55,Swiggy / local groceries,Mumbai,UPI
PS012-202605-010,PS012,2026-05-23,debit,Food,465.15,Swiggy / local groceries,Mumbai,UPI
PS012-202605-011,PS012,2026-05-24,debit,Food,545.2,Swiggy / local groceries,Mumbai,UPI
PS012-202605-012,PS012,2026-05-28,debit,Food,461.98,Swiggy / local groceries,Mumbai,UPI
PS012-202605-013,PS012,2026-05-31,debit,Food,585.44,Swiggy / local groceries,Mumbai,UPI
PS012-202605-014,PS012,2026-05-02,debit,Shopping,1436.85,Amazon / local retail,Mumbai,UPI
PS012-202605-015,PS012,2026-05-12,debit,Shopping,1087.1,Amazon / local retail,Mumbai,UPI
PS012-202605-016,PS012,2026-05-21,debit,Shopping,1094.21,Amazon / local retail,Mumbai,UPI
PS012-202605-017,PS012,2026-05-31,debit,Shopping,960.84,Amazon / local retail,Mumbai,UPI
PS012-202605-018,PS012,2026-05-02,debit,Transport,375.71,Metro / fuel,Mumbai,UPI
PS012-202605-019,PS012,2026-05-06,debit,Transport,390.79,Metro / fuel,Mumbai,UPI
PS012-202605-020,PS012,2026-05-11,debit,Transport,420.45,Metro / fuel,Mumbai,UPI
PS012-202605-021,PS012,2026-05-14,debit,Transport,394.53,Metro / fuel,Mumbai,UPI
PS012-202605-022,PS012,2026-05-18,debit,Transport,327.09,Metro / fuel,Mumbai,UPI
PS012-202605-023,PS012,2026-05-22,debit,Transport,438.34,Metro / fuel,Mumbai,UPI
PS012-202605-024,PS012,2026-05-27,debit,Transport,411.23,Metro / fuel,Mumbai,UPI
PS012-202605-025,PS012,2026-05-30,debit,Transport,294.86,Metro / fuel,Mumbai,UPI
PS012-202605-026,PS012,2026-05-03,debit,Bills,1097.82,Electricity / mobile,Mumbai,UPI
PS012-202605-027,PS012,2026-05-16,debit,Bills,1107.25,Electricity / mobile,Mumbai,UPI
PS012-202605-028,PS012,2026-05-30,debit,Bills,1610.93,Electricity / mobile,Mumbai,UPI
PS012-202605-029,PS012,2026-05-03,debit,Rent,11830,Monthly rent,Mumbai,NEFT
PS012-202605-030,PS012,2026-05-02,debit,Education,954,Learning centre,Mumbai,UPI
PS012-202605-031,PS012,2026-05-03,debit,Healthcare,954,Pharmacy,Mumbai,UPI
PS012-202605-032,PS012,2026-05-03,debit,Entertainment,515.25,Cinema / streaming,Mumbai,UPI
PS012-202605-033,PS012,2026-05-17,debit,Entertainment,619.09,Cinema / streaming,Mumbai,UPI
PS012-202605-034,PS012,2026-05-31,debit,Entertainment,582.66,Cinema / streaming,Mumbai,UPI
PS012-202605-035,PS012,2026-05-02,debit,Investment,2290,Recurring investment,Mumbai,UPI
PS012-202605-036,PS012,2026-05-03,debit,UPI Transfer,866.55,Household transfer,Mumbai,UPI
PS012-202605-037,PS012,2026-05-30,debit,UPI Transfer,850.45,Household transfer,Mumbai,UPI
PS012-202605-038,PS012,2026-05-03,debit,Other,305.47,Everyday purchase,Mumbai,UPI
PS012-202605-039,PS012,2026-05-31,debit,Other,457.53,Everyday purchase,Mumbai,UPI
PS012-202605-040,PS012,2026-05-05,debit,EMI,26000,Scheduled loan EMI,Mumbai,Auto debit
PS012-202606-001,PS012,2026-06-01,credit,Salary,72000,Monthly salary,Mumbai,NEFT
PS012-202606-002,PS012,2026-06-02,debit,Food,631.48,Swiggy / local groceries,Mumbai,UPI
PS012-202606-003,PS012,2026-06-05,debit,Food,427.31,Swiggy / local groceries,Mumbai,UPI
PS012-202606-004,PS012,2026-06-07,debit,Food,600.45,Swiggy / local groceries,Mumbai,UPI
PS012-202606-005,PS012,2026-06-09,debit,Food,580.85,Swiggy / local groceries,Mumbai,UPI
PS012-202606-006,PS012,2026-06-11,debit,Food,458.35,Swiggy / local groceries,Mumbai,UPI
PS012-202606-007,PS012,2026-06-14,debit,Food,654.01,Swiggy / local groceries,Mumbai,UPI
PS012-202606-008,PS012,2026-06-17,debit,Food,574.94,Swiggy / local groceries,Mumbai,UPI
PS012-202606-009,PS012,2026-06-20,debit,Food,689.52,Swiggy / local groceries,Mumbai,UPI
PS012-202606-010,PS012,2026-06-22,debit,Food,542.52,Swiggy / local groceries,Mumbai,UPI
PS012-202606-011,PS012,2026-06-25,debit,Food,436.71,Swiggy / local groceries,Mumbai,UPI
PS012-202606-012,PS012,2026-06-27,debit,Food,644.26,Swiggy / local groceries,Mumbai,UPI
PS012-202606-013,PS012,2026-06-29,debit,Food,467.6,Swiggy / local groceries,Mumbai,UPI
PS012-202606-014,PS012,2026-06-02,debit,Shopping,1525.59,Amazon / local retail,Mumbai,UPI
PS012-202606-015,PS012,2026-06-12,debit,Shopping,904.79,Amazon / local retail,Mumbai,UPI
PS012-202606-016,PS012,2026-06-21,debit,Shopping,1354.78,Amazon / local retail,Mumbai,UPI
PS012-202606-017,PS012,2026-06-29,debit,Shopping,949.84,Amazon / local retail,Mumbai,UPI
PS012-202606-018,PS012,2026-06-03,debit,Transport,362.28,Metro / fuel,Mumbai,UPI
PS012-202606-019,PS012,2026-06-05,debit,Transport,272.1,Metro / fuel,Mumbai,UPI
PS012-202606-020,PS012,2026-06-10,debit,Transport,452.62,Metro / fuel,Mumbai,UPI
PS012-202606-021,PS012,2026-06-13,debit,Transport,429.34,Metro / fuel,Mumbai,UPI
PS012-202606-022,PS012,2026-06-17,debit,Transport,429.49,Metro / fuel,Mumbai,UPI
PS012-202606-023,PS012,2026-06-21,debit,Transport,312.34,Metro / fuel,Mumbai,UPI
PS012-202606-024,PS012,2026-06-25,debit,Transport,430.89,Metro / fuel,Mumbai,UPI
PS012-202606-025,PS012,2026-06-30,debit,Transport,466.94,Metro / fuel,Mumbai,UPI
PS012-202606-026,PS012,2026-06-03,debit,Bills,1734.91,Electricity / mobile,Mumbai,UPI
PS012-202606-027,PS012,2026-06-15,debit,Bills,1068.2,Electricity / mobile,Mumbai,UPI
PS012-202606-028,PS012,2026-06-29,debit,Bills,1142.89,Electricity / mobile,Mumbai,UPI
PS012-202606-029,PS012,2026-06-03,debit,Rent,12231,Monthly rent,Mumbai,NEFT
PS012-202606-030,PS012,2026-06-02,debit,Education,986,Learning centre,Mumbai,UPI
PS012-202606-031,PS012,2026-06-02,debit,Healthcare,986,Pharmacy,Mumbai,UPI
PS012-202606-032,PS012,2026-06-03,debit,Entertainment,669.64,Cinema / streaming,Mumbai,UPI
PS012-202606-033,PS012,2026-06-15,debit,Entertainment,595.75,Cinema / streaming,Mumbai,UPI
PS012-202606-034,PS012,2026-06-29,debit,Entertainment,510.61,Cinema / streaming,Mumbai,UPI
PS012-202606-035,PS012,2026-06-02,debit,Investment,2367,Recurring investment,Mumbai,UPI
PS012-202606-036,PS012,2026-06-02,debit,UPI Transfer,1079.67,Household transfer,Mumbai,UPI
PS012-202606-037,PS012,2026-06-29,debit,UPI Transfer,696.33,Household transfer,Mumbai,UPI
PS012-202606-038,PS012,2026-06-03,debit,Other,396.25,Everyday purchase,Mumbai,UPI
PS012-202606-039,PS012,2026-06-30,debit,Other,392.75,Everyday purchase,Mumbai,UPI
PS012-202606-040,PS012,2026-06-05,debit,EMI,26000,Scheduled loan EMI,Mumbai,Auto debit
PS012-202607-001,PS012,2026-07-01,credit,Salary,72000,Monthly salary,Mumbai,NEFT
PS012-202607-002,PS012,2026-07-02,debit,Food,518.32,Swiggy / local groceries,Mumbai,UPI
PS012-202607-003,PS012,2026-07-05,debit,Food,480.88,Swiggy / local groceries,Mumbai,UPI
PS012-202607-004,PS012,2026-07-07,debit,Food,497.88,Swiggy / local groceries,Mumbai,UPI
PS012-202607-005,PS012,2026-07-10,debit,Food,478.02,Swiggy / local groceries,Mumbai,UPI
PS012-202607-006,PS012,2026-07-12,debit,Food,549.97,Swiggy / local groceries,Mumbai,UPI
PS012-202607-007,PS012,2026-07-15,debit,Food,514.78,Swiggy / local groceries,Mumbai,UPI
PS012-202607-008,PS012,2026-07-17,debit,Food,702.1,Swiggy / local groceries,Mumbai,UPI
PS012-202607-009,PS012,2026-07-20,debit,Food,753.08,Swiggy / local groceries,Mumbai,UPI
PS012-202607-010,PS012,2026-07-22,debit,Food,634.15,Swiggy / local groceries,Mumbai,UPI
PS012-202607-011,PS012,2026-07-24,debit,Food,698.26,Swiggy / local groceries,Mumbai,UPI
PS012-202607-012,PS012,2026-07-27,debit,Food,558.06,Swiggy / local groceries,Mumbai,UPI
PS012-202607-013,PS012,2026-07-31,debit,Food,542.5,Swiggy / local groceries,Mumbai,UPI
PS012-202607-014,PS012,2026-07-03,debit,Shopping,1046.27,Amazon / local retail,Mumbai,UPI
PS012-202607-015,PS012,2026-07-11,debit,Shopping,1252.36,Amazon / local retail,Mumbai,UPI
PS012-202607-016,PS012,2026-07-21,debit,Shopping,966.14,Amazon / local retail,Mumbai,UPI
PS012-202607-017,PS012,2026-07-31,debit,Shopping,1625.23,Amazon / local retail,Mumbai,UPI
PS012-202607-018,PS012,2026-07-02,debit,Transport,413.94,Metro / fuel,Mumbai,UPI
PS012-202607-019,PS012,2026-07-06,debit,Transport,453.73,Metro / fuel,Mumbai,UPI
PS012-202607-020,PS012,2026-07-10,debit,Transport,389.83,Metro / fuel,Mumbai,UPI
PS012-202607-021,PS012,2026-07-15,debit,Transport,500.13,Metro / fuel,Mumbai,UPI
PS012-202607-022,PS012,2026-07-19,debit,Transport,491.69,Metro / fuel,Mumbai,UPI
PS012-202607-023,PS012,2026-07-22,debit,Transport,335.01,Metro / fuel,Mumbai,UPI
PS012-202607-024,PS012,2026-07-27,debit,Transport,301.77,Metro / fuel,Mumbai,UPI
PS012-202607-025,PS012,2026-07-31,debit,Transport,373.9,Metro / fuel,Mumbai,UPI
PS012-202607-026,PS012,2026-07-03,debit,Bills,1411.01,Electricity / mobile,Mumbai,UPI
PS012-202607-027,PS012,2026-07-16,debit,Bills,1360.92,Electricity / mobile,Mumbai,UPI
PS012-202607-028,PS012,2026-07-31,debit,Bills,1303.07,Electricity / mobile,Mumbai,UPI
PS012-202607-029,PS012,2026-07-03,debit,Rent,12633,Monthly rent,Mumbai,NEFT
PS012-202607-030,PS012,2026-07-03,debit,Education,1019,Learning centre,Mumbai,UPI
PS012-202607-031,PS012,2026-07-03,debit,Healthcare,1019,Pharmacy,Mumbai,UPI
PS012-202607-032,PS012,2026-07-02,debit,Entertainment,708.26,Cinema / streaming,Mumbai,UPI
PS012-202607-033,PS012,2026-07-17,debit,Entertainment,531.66,Cinema / streaming,Mumbai,UPI
PS012-202607-034,PS012,2026-07-30,debit,Entertainment,594.08,Cinema / streaming,Mumbai,UPI
PS012-202607-035,PS012,2026-07-02,debit,Investment,2445,Recurring investment,Mumbai,UPI
PS012-202607-036,PS012,2026-07-03,debit,UPI Transfer,920.49,Household transfer,Mumbai,UPI
PS012-202607-037,PS012,2026-07-30,debit,UPI Transfer,913.51,Household transfer,Mumbai,UPI
PS012-202607-038,PS012,2026-07-02,debit,Other,429.87,Everyday purchase,Mumbai,UPI
PS012-202607-039,PS012,2026-07-31,debit,Other,385.13,Everyday purchase,Mumbai,UPI
PS012-202607-040,PS012,2026-07-05,debit,EMI,26000,Scheduled loan EMI,Mumbai,Auto debit
PS012-202608-001,PS012,2026-08-01,credit,Salary,72000,Monthly salary,Mumbai,NEFT
PS012-202608-002,PS012,2026-08-02,debit,Food,539.92,Swiggy / local groceries,Mumbai,UPI
PS012-202608-003,PS012,2026-08-05,debit,Food,656.86,Swiggy / local groceries,Mumbai,UPI
PS012-202608-004,PS012,2026-08-08,debit,Food,926.25,Swiggy / local groceries,Mumbai,UPI
PS012-202608-005,PS012,2026-08-10,debit,Food,565.71,Swiggy / local groceries,Mumbai,UPI
PS012-202608-006,PS012,2026-08-13,debit,Food,666.67,Swiggy / local groceries,Mumbai,UPI
PS012-202608-007,PS012,2026-08-15,debit,Food,714.58,Swiggy / local groceries,Mumbai,UPI
PS012-202608-008,PS012,2026-08-17,debit,Food,761.87,Swiggy / local groceries,Mumbai,UPI
PS012-202608-009,PS012,2026-08-19,debit,Food,783.83,Swiggy / local groceries,Mumbai,UPI
PS012-202608-010,PS012,2026-08-22,debit,Food,778.43,Swiggy / local groceries,Mumbai,UPI
PS012-202608-011,PS012,2026-08-25,debit,Food,572.86,Swiggy / local groceries,Mumbai,UPI
PS012-202608-012,PS012,2026-08-27,debit,Food,612.31,Swiggy / local groceries,Mumbai,UPI
PS012-202608-013,PS012,2026-08-31,debit,Food,569.71,Swiggy / local groceries,Mumbai,UPI
PS012-202608-014,PS012,2026-08-02,debit,Shopping,1599.11,Amazon / local retail,Mumbai,UPI
PS012-202608-015,PS012,2026-08-12,debit,Shopping,1574.01,Amazon / local retail,Mumbai,UPI
PS012-202608-016,PS012,2026-08-20,debit,Shopping,1174.59,Amazon / local retail,Mumbai,UPI
PS012-202608-017,PS012,2026-08-31,debit,Shopping,1404.29,Amazon / local retail,Mumbai,UPI
PS012-202608-018,PS012,2026-08-02,debit,Transport,555.88,Metro / fuel,Mumbai,UPI
PS012-202608-019,PS012,2026-08-06,debit,Transport,403.81,Metro / fuel,Mumbai,UPI
PS012-202608-020,PS012,2026-08-10,debit,Transport,454.75,Metro / fuel,Mumbai,UPI
PS012-202608-021,PS012,2026-08-15,debit,Transport,413.02,Metro / fuel,Mumbai,UPI
PS012-202608-022,PS012,2026-08-18,debit,Transport,414.98,Metro / fuel,Mumbai,UPI
PS012-202608-023,PS012,2026-08-22,debit,Transport,433.68,Metro / fuel,Mumbai,UPI
PS012-202608-024,PS012,2026-08-27,debit,Transport,590.75,Metro / fuel,Mumbai,UPI
PS012-202608-025,PS012,2026-08-30,debit,Transport,568.13,Metro / fuel,Mumbai,UPI
PS012-202608-026,PS012,2026-08-03,debit,Bills,1633.96,Electricity / mobile,Mumbai,UPI
PS012-202608-027,PS012,2026-08-16,debit,Bills,1622.58,Electricity / mobile,Mumbai,UPI
PS012-202608-028,PS012,2026-08-30,debit,Bills,1537.46,Electricity / mobile,Mumbai,UPI
PS012-202608-029,PS012,2026-08-03,debit,Rent,14860,Monthly rent,Mumbai,NEFT
PS012-202608-030,PS012,2026-08-03,debit,Education,1198,Learning centre,Mumbai,UPI
PS012-202608-031,PS012,2026-08-03,debit,Healthcare,1198,Pharmacy,Mumbai,UPI
PS012-202608-032,PS012,2026-08-02,debit,Entertainment,662.82,Cinema / streaming,Mumbai,UPI
PS012-202608-033,PS012,2026-08-16,debit,Entertainment,892.6,Cinema / streaming,Mumbai,UPI
PS012-202608-034,PS012,2026-08-31,debit,Entertainment,601.58,Cinema / streaming,Mumbai,UPI
PS012-202608-035,PS012,2026-08-02,debit,Investment,2876,Recurring investment,Mumbai,UPI
PS012-202608-036,PS012,2026-08-02,debit,UPI Transfer,1325.24,Household transfer,Mumbai,UPI
PS012-202608-037,PS012,2026-08-30,debit,UPI Transfer,831.76,Household transfer,Mumbai,UPI
PS012-202608-038,PS012,2026-08-03,debit,Other,534.41,Everyday purchase,Mumbai,UPI
PS012-202608-039,PS012,2026-08-30,debit,Other,424.59,Everyday purchase,Mumbai,UPI
PS012-202608-040,PS012,2026-08-05,debit,EMI,26000,Scheduled loan EMI,Mumbai,Auto debit
PS013-202512-001,PS013,2025-12-01,credit,Salary,89000,Monthly salary,Pune,NEFT
PS013-202512-002,PS013,2025-12-03,debit,Food,746.32,Swiggy / local groceries,Pune,UPI
PS013-202512-003,PS013,2025-12-04,debit,Food,651.18,Swiggy / local groceries,Pune,UPI
PS013-202512-004,PS013,2025-12-08,debit,Food,599.3,Swiggy / local groceries,Pune,UPI
PS013-202512-005,PS013,2025-12-09,debit,Food,741.5,Swiggy / local groceries,Pune,UPI
PS013-202512-006,PS013,2025-12-12,debit,Food,655.18,Swiggy / local groceries,Pune,UPI
PS013-202512-007,PS013,2025-12-15,debit,Food,663.1,Swiggy / local groceries,Pune,UPI
PS013-202512-008,PS013,2025-12-17,debit,Food,608.03,Swiggy / local groceries,Pune,UPI
PS013-202512-009,PS013,2025-12-20,debit,Food,501.19,Swiggy / local groceries,Pune,UPI
PS013-202512-010,PS013,2025-12-23,debit,Food,621.03,Swiggy / local groceries,Pune,UPI
PS013-202512-011,PS013,2025-12-24,debit,Food,636.58,Swiggy / local groceries,Pune,UPI
PS013-202512-012,PS013,2025-12-27,debit,Food,616.18,Swiggy / local groceries,Pune,UPI
PS013-202512-013,PS013,2025-12-31,debit,Food,676.41,Swiggy / local groceries,Pune,UPI
PS013-202512-014,PS013,2025-12-03,debit,Shopping,1266.51,Amazon / local retail,Pune,UPI
PS013-202512-015,PS013,2025-12-11,debit,Shopping,1605.23,Amazon / local retail,Pune,UPI
PS013-202512-016,PS013,2025-12-21,debit,Shopping,1242.11,Amazon / local retail,Pune,UPI
PS013-202512-017,PS013,2025-12-31,debit,Shopping,1333.15,Amazon / local retail,Pune,UPI
PS013-202512-018,PS013,2025-12-03,debit,Transport,333.14,Metro / fuel,Pune,UPI
PS013-202512-019,PS013,2025-12-06,debit,Transport,505.01,Metro / fuel,Pune,UPI
PS013-202512-020,PS013,2025-12-10,debit,Transport,489.2,Metro / fuel,Pune,UPI
PS013-202512-021,PS013,2025-12-14,debit,Transport,398.11,Metro / fuel,Pune,UPI
PS013-202512-022,PS013,2025-12-19,debit,Transport,561.13,Metro / fuel,Pune,UPI
PS013-202512-023,PS013,2025-12-23,debit,Transport,402.01,Metro / fuel,Pune,UPI
PS013-202512-024,PS013,2025-12-26,debit,Transport,481.86,Metro / fuel,Pune,UPI
PS013-202512-025,PS013,2025-12-30,debit,Transport,460.54,Metro / fuel,Pune,UPI
PS013-202512-026,PS013,2025-12-03,debit,Bills,1323.59,Electricity / mobile,Pune,UPI
PS013-202512-027,PS013,2025-12-16,debit,Bills,1724.53,Electricity / mobile,Pune,UPI
PS013-202512-028,PS013,2025-12-31,debit,Bills,1490.88,Electricity / mobile,Pune,UPI
PS013-202512-029,PS013,2025-12-03,debit,Rent,14071,Monthly rent,Pune,NEFT
PS013-202512-030,PS013,2025-12-02,debit,Education,1135,Learning centre,Pune,UPI
PS013-202512-031,PS013,2025-12-02,debit,Healthcare,1135,Pharmacy,Pune,UPI
PS013-202512-032,PS013,2025-12-02,debit,Entertainment,532.84,Cinema / streaming,Pune,UPI
PS013-202512-033,PS013,2025-12-17,debit,Entertainment,841.6,Cinema / streaming,Pune,UPI
PS013-202512-034,PS013,2025-12-30,debit,Entertainment,668.56,Cinema / streaming,Pune,UPI
PS013-202512-035,PS013,2025-12-02,debit,Investment,2723,Recurring investment,Pune,UPI
PS013-202512-036,PS013,2025-12-03,debit,UPI Transfer,947.24,Household transfer,Pune,UPI
PS013-202512-037,PS013,2025-12-31,debit,UPI Transfer,1095.76,Household transfer,Pune,UPI
PS013-202512-038,PS013,2025-12-02,debit,Other,542.87,Everyday purchase,Pune,UPI
PS013-202512-039,PS013,2025-12-30,debit,Other,365.13,Everyday purchase,Pune,UPI
PS013-202512-040,PS013,2025-12-05,debit,EMI,12000,Scheduled loan EMI,Pune,Auto debit
PS013-202601-001,PS013,2026-01-01,credit,Salary,89000,Monthly salary,Pune,NEFT
PS013-202601-002,PS013,2026-01-02,debit,Food,595.5,Swiggy / local groceries,Pune,UPI
PS013-202601-003,PS013,2026-01-05,debit,Food,649.69,Swiggy / local groceries,Pune,UPI
PS013-202601-004,PS013,2026-01-08,debit,Food,655.55,Swiggy / local groceries,Pune,UPI
PS013-202601-005,PS013,2026-01-10,debit,Food,757.84,Swiggy / local groceries,Pune,UPI
PS013-202601-006,PS013,2026-01-13,debit,Food,536.36,Swiggy / local groceries,Pune,UPI
PS013-202601-007,PS013,2026-01-15,debit,Food,797.9,Swiggy / local groceries,Pune,UPI
PS013-202601-008,PS013,2026-01-17,debit,Food,570.84,Swiggy / local groceries,Pune,UPI
PS013-202601-009,PS013,2026-01-20,debit,Food,657.44,Swiggy / local groceries,Pune,UPI
PS013-202601-010,PS013,2026-01-22,debit,Food,588.69,Swiggy / local groceries,Pune,UPI
PS013-202601-011,PS013,2026-01-25,debit,Food,542.95,Swiggy / local groceries,Pune,UPI
PS013-202601-012,PS013,2026-01-27,debit,Food,644.3,Swiggy / local groceries,Pune,UPI
PS013-202601-013,PS013,2026-01-31,debit,Food,522.94,Swiggy / local groceries,Pune,UPI
PS013-202601-014,PS013,2026-01-03,debit,Shopping,1513.52,Amazon / local retail,Pune,UPI
PS013-202601-015,PS013,2026-01-12,debit,Shopping,1428.77,Amazon / local retail,Pune,UPI
PS013-202601-016,PS013,2026-01-20,debit,Shopping,877.61,Amazon / local retail,Pune,UPI
PS013-202601-017,PS013,2026-01-30,debit,Shopping,1488.1,Amazon / local retail,Pune,UPI
PS013-202601-018,PS013,2026-01-02,debit,Transport,509.12,Metro / fuel,Pune,UPI
PS013-202601-019,PS013,2026-01-07,debit,Transport,348.31,Metro / fuel,Pune,UPI
PS013-202601-020,PS013,2026-01-10,debit,Transport,377.22,Metro / fuel,Pune,UPI
PS013-202601-021,PS013,2026-01-14,debit,Transport,568.01,Metro / fuel,Pune,UPI
PS013-202601-022,PS013,2026-01-18,debit,Transport,402.49,Metro / fuel,Pune,UPI
PS013-202601-023,PS013,2026-01-23,debit,Transport,363.93,Metro / fuel,Pune,UPI
PS013-202601-024,PS013,2026-01-27,debit,Transport,569.78,Metro / fuel,Pune,UPI
PS013-202601-025,PS013,2026-01-31,debit,Transport,400.14,Metro / fuel,Pune,UPI
PS013-202601-026,PS013,2026-01-02,debit,Bills,1289.45,Electricity / mobile,Pune,UPI
PS013-202601-027,PS013,2026-01-16,debit,Bills,1187.11,Electricity / mobile,Pune,UPI
PS013-202601-028,PS013,2026-01-30,debit,Bills,1946.44,Electricity / mobile,Pune,UPI
PS013-202601-029,PS013,2026-01-03,debit,Rent,13712,Monthly rent,Pune,NEFT
PS013-202601-030,PS013,2026-01-03,debit,Education,1106,Learning centre,Pune,UPI
PS013-202601-031,PS013,2026-01-02,debit,Healthcare,1106,Pharmacy,Pune,UPI
PS013-202601-032,PS013,2026-01-02,debit,Entertainment,461.48,Cinema / streaming,Pune,UPI
PS013-202601-033,PS013,2026-01-16,debit,Entertainment,748.45,Cinema / streaming,Pune,UPI
PS013-202601-034,PS013,2026-01-30,debit,Entertainment,780.07,Cinema / streaming,Pune,UPI
PS013-202601-035,PS013,2026-01-02,debit,Investment,2654,Recurring investment,Pune,UPI
PS013-202601-036,PS013,2026-01-03,debit,UPI Transfer,905.19,Household transfer,Pune,UPI
PS013-202601-037,PS013,2026-01-30,debit,UPI Transfer,1084.81,Household transfer,Pune,UPI
PS013-202601-038,PS013,2026-01-02,debit,Other,507.58,Everyday purchase,Pune,UPI
PS013-202601-039,PS013,2026-01-30,debit,Other,377.42,Everyday purchase,Pune,UPI
PS013-202601-040,PS013,2026-01-05,debit,EMI,12000,Scheduled loan EMI,Pune,Auto debit
PS013-202602-001,PS013,2026-02-01,credit,Salary,89000,Monthly salary,Pune,NEFT
PS013-202602-002,PS013,2026-02-03,debit,Food,668.4,Swiggy / local groceries,Pune,UPI
PS013-202602-003,PS013,2026-02-05,debit,Food,635.0,Swiggy / local groceries,Pune,UPI
PS013-202602-004,PS013,2026-02-06,debit,Food,541.01,Swiggy / local groceries,Pune,UPI
PS013-202602-005,PS013,2026-02-09,debit,Food,584.08,Swiggy / local groceries,Pune,UPI
PS013-202602-006,PS013,2026-02-11,debit,Food,432.83,Swiggy / local groceries,Pune,UPI
PS013-202602-007,PS013,2026-02-14,debit,Food,627.65,Swiggy / local groceries,Pune,UPI
PS013-202602-008,PS013,2026-02-15,debit,Food,664.32,Swiggy / local groceries,Pune,UPI
PS013-202602-009,PS013,2026-02-17,debit,Food,474.39,Swiggy / local groceries,Pune,UPI
PS013-202602-010,PS013,2026-02-21,debit,Food,743.74,Swiggy / local groceries,Pune,UPI
PS013-202602-011,PS013,2026-02-23,debit,Food,688.93,Swiggy / local groceries,Pune,UPI
PS013-202602-012,PS013,2026-02-24,debit,Food,654.86,Swiggy / local groceries,Pune,UPI
PS013-202602-013,PS013,2026-02-27,debit,Food,607.79,Swiggy / local groceries,Pune,UPI
PS013-202602-014,PS013,2026-02-03,debit,Shopping,1543.36,Amazon / local retail,Pune,UPI
PS013-202602-015,PS013,2026-02-11,debit,Shopping,1260.06,Amazon / local retail,Pune,UPI
PS013-202602-016,PS013,2026-02-18,debit,Shopping,1192.59,Amazon / local retail,Pune,UPI
PS013-202602-017,PS013,2026-02-27,debit,Shopping,1172.99,Amazon / local retail,Pune,UPI
PS013-202602-018,PS013,2026-02-02,debit,Transport,300.64,Metro / fuel,Pune,UPI
PS013-202602-019,PS013,2026-02-05,debit,Transport,446.88,Metro / fuel,Pune,UPI
PS013-202602-020,PS013,2026-02-09,debit,Transport,447.28,Metro / fuel,Pune,UPI
PS013-202602-021,PS013,2026-02-12,debit,Transport,438.41,Metro / fuel,Pune,UPI
PS013-202602-022,PS013,2026-02-17,debit,Transport,445.96,Metro / fuel,Pune,UPI
PS013-202602-023,PS013,2026-02-20,debit,Transport,380.86,Metro / fuel,Pune,UPI
PS013-202602-024,PS013,2026-02-23,debit,Transport,501.98,Metro / fuel,Pune,UPI
PS013-202602-025,PS013,2026-02-27,debit,Transport,483.99,Metro / fuel,Pune,UPI
PS013-202602-026,PS013,2026-02-03,debit,Bills,1350.96,Electricity / mobile,Pune,UPI
PS013-202602-027,PS013,2026-02-14,debit,Bills,1263.79,Electricity / mobile,Pune,UPI
PS013-202602-028,PS013,2026-02-28,debit,Bills,1693.25,Electricity / mobile,Pune,UPI
PS013-202602-029,PS013,2026-02-02,debit,Rent,13354,Monthly rent,Pune,NEFT
PS013-202602-030,PS013,2026-02-02,debit,Education,1077,Learning centre,Pune,UPI
PS013-202602-031,PS013,2026-02-02,debit,Healthcare,1077,Pharmacy,Pune,UPI
PS013-202602-032,PS013,2026-02-02,debit,Entertainment,677.45,Cinema / streaming,Pune,UPI
PS013-202602-033,PS013,2026-02-15,debit,Entertainment,646.07,Cinema / streaming,Pune,UPI
PS013-202602-034,PS013,2026-02-27,debit,Entertainment,614.48,Cinema / streaming,Pune,UPI
PS013-202602-035,PS013,2026-02-03,debit,Investment,2585,Recurring investment,Pune,UPI
PS013-202602-036,PS013,2026-02-03,debit,UPI Transfer,1119.65,Household transfer,Pune,UPI
PS013-202602-037,PS013,2026-02-28,debit,UPI Transfer,818.35,Household transfer,Pune,UPI
PS013-202602-038,PS013,2026-02-02,debit,Other,453.98,Everyday purchase,Pune,UPI
PS013-202602-039,PS013,2026-02-28,debit,Other,408.02,Everyday purchase,Pune,UPI
PS013-202602-040,PS013,2026-02-05,debit,EMI,12000,Scheduled loan EMI,Pune,Auto debit
PS013-202603-001,PS013,2026-03-01,credit,Salary,89000,Monthly salary,Pune,NEFT
PS013-202603-002,PS013,2026-03-02,debit,Food,620.96,Swiggy / local groceries,Pune,UPI
PS013-202603-003,PS013,2026-03-04,debit,Food,562.76,Swiggy / local groceries,Pune,UPI
PS013-202603-004,PS013,2026-03-07,debit,Food,584.74,Swiggy / local groceries,Pune,UPI
PS013-202603-005,PS013,2026-03-09,debit,Food,518.93,Swiggy / local groceries,Pune,UPI
PS013-202603-006,PS013,2026-03-13,debit,Food,544.65,Swiggy / local groceries,Pune,UPI
PS013-202603-007,PS013,2026-03-14,debit,Food,673.24,Swiggy / local groceries,Pune,UPI
PS013-202603-008,PS013,2026-03-17,debit,Food,419.24,Swiggy / local groceries,Pune,UPI
PS013-202603-009,PS013,2026-03-20,debit,Food,575.52,Swiggy / local groceries,Pune,UPI
PS013-202603-010,PS013,2026-03-22,debit,Food,708.9,Swiggy / local groceries,Pune,UPI
PS013-202603-011,PS013,2026-03-24,debit,Food,681.79,Swiggy / local groceries,Pune,UPI
PS013-202603-012,PS013,2026-03-27,debit,Food,644.88,Swiggy / local groceries,Pune,UPI
PS013-202603-013,PS013,2026-03-31,debit,Food,590.39,Swiggy / local groceries,Pune,UPI
PS013-202603-014,PS013,2026-03-03,debit,Shopping,1047.01,Amazon / local retail,Pune,UPI
PS013-202603-015,PS013,2026-03-11,debit,Shopping,1595.55,Amazon / local retail,Pune,UPI
PS013-202603-016,PS013,2026-03-21,debit,Shopping,897.25,Amazon / local retail,Pune,UPI
PS013-202603-017,PS013,2026-03-31,debit,Shopping,1490.19,Amazon / local retail,Pune,UPI
PS013-202603-018,PS013,2026-03-03,debit,Transport,358.79,Metro / fuel,Pune,UPI
PS013-202603-019,PS013,2026-03-07,debit,Transport,352.26,Metro / fuel,Pune,UPI
PS013-202603-020,PS013,2026-03-11,debit,Transport,491.08,Metro / fuel,Pune,UPI
PS013-202603-021,PS013,2026-03-15,debit,Transport,504.45,Metro / fuel,Pune,UPI
PS013-202603-022,PS013,2026-03-18,debit,Transport,285.43,Metro / fuel,Pune,UPI
PS013-202603-023,PS013,2026-03-22,debit,Transport,437.79,Metro / fuel,Pune,UPI
PS013-202603-024,PS013,2026-03-26,debit,Transport,447.35,Metro / fuel,Pune,UPI
PS013-202603-025,PS013,2026-03-30,debit,Transport,476.85,Metro / fuel,Pune,UPI
PS013-202603-026,PS013,2026-03-03,debit,Bills,1618.7,Electricity / mobile,Pune,UPI
PS013-202603-027,PS013,2026-03-16,debit,Bills,1124.89,Electricity / mobile,Pune,UPI
PS013-202603-028,PS013,2026-03-30,debit,Bills,1448.41,Electricity / mobile,Pune,UPI
PS013-202603-029,PS013,2026-03-02,debit,Rent,12995,Monthly rent,Pune,NEFT
PS013-202603-030,PS013,2026-03-03,debit,Education,1048,Learning centre,Pune,UPI
PS013-202603-031,PS013,2026-03-02,debit,Healthcare,1048,Pharmacy,Pune,UPI
PS013-202603-032,PS013,2026-03-03,debit,Entertainment,618.52,Cinema / streaming,Pune,UPI
PS013-202603-033,PS013,2026-03-17,debit,Entertainment,567.09,Cinema / streaming,Pune,UPI
PS013-202603-034,PS013,2026-03-31,debit,Entertainment,700.39,Cinema / streaming,Pune,UPI
PS013-202603-035,PS013,2026-03-03,debit,Investment,2515,Recurring investment,Pune,UPI
PS013-202603-036,PS013,2026-03-02,debit,UPI Transfer,1124.15,Household transfer,Pune,UPI
PS013-202603-037,PS013,2026-03-30,debit,UPI Transfer,761.85,Household transfer,Pune,UPI
PS013-202603-038,PS013,2026-03-03,debit,Other,415.69,Everyday purchase,Pune,UPI
PS013-202603-039,PS013,2026-03-30,debit,Other,422.31,Everyday purchase,Pune,UPI
PS013-202603-040,PS013,2026-03-05,debit,EMI,12000,Scheduled loan EMI,Pune,Auto debit
PS013-202604-001,PS013,2026-04-01,credit,Salary,89000,Monthly salary,Pune,NEFT
PS013-202604-002,PS013,2026-04-02,debit,Food,448.64,Swiggy / local groceries,Pune,UPI
PS013-202604-003,PS013,2026-04-04,debit,Food,752.5,Swiggy / local groceries,Pune,UPI
PS013-202604-004,PS013,2026-04-07,debit,Food,740.42,Swiggy / local groceries,Pune,UPI
PS013-202604-005,PS013,2026-04-10,debit,Food,425.14,Swiggy / local groceries,Pune,UPI
PS013-202604-006,PS013,2026-04-11,debit,Food,617.23,Swiggy / local groceries,Pune,UPI
PS013-202604-007,PS013,2026-04-15,debit,Food,653.33,Swiggy / local groceries,Pune,UPI
PS013-202604-008,PS013,2026-04-16,debit,Food,626.69,Swiggy / local groceries,Pune,UPI
PS013-202604-009,PS013,2026-04-20,debit,Food,679.9,Swiggy / local groceries,Pune,UPI
PS013-202604-010,PS013,2026-04-22,debit,Food,557.08,Swiggy / local groceries,Pune,UPI
PS013-202604-011,PS013,2026-04-25,debit,Food,495.11,Swiggy / local groceries,Pune,UPI
PS013-202604-012,PS013,2026-04-27,debit,Food,411.4,Swiggy / local groceries,Pune,UPI
PS013-202604-013,PS013,2026-04-30,debit,Food,522.56,Swiggy / local groceries,Pune,UPI
PS013-202604-014,PS013,2026-04-03,debit,Shopping,999.39,Amazon / local retail,Pune,UPI
PS013-202604-015,PS013,2026-04-12,debit,Shopping,1359.66,Amazon / local retail,Pune,UPI
PS013-202604-016,PS013,2026-04-20,debit,Shopping,1177.96,Amazon / local retail,Pune,UPI
PS013-202604-017,PS013,2026-04-30,debit,Shopping,1353.99,Amazon / local retail,Pune,UPI
PS013-202604-018,PS013,2026-04-02,debit,Transport,402.77,Metro / fuel,Pune,UPI
PS013-202604-019,PS013,2026-04-05,debit,Transport,471.11,Metro / fuel,Pune,UPI
PS013-202604-020,PS013,2026-04-10,debit,Transport,462.08,Metro / fuel,Pune,UPI
PS013-202604-021,PS013,2026-04-14,debit,Transport,356.37,Metro / fuel,Pune,UPI
PS013-202604-022,PS013,2026-04-18,debit,Transport,275.09,Metro / fuel,Pune,UPI
PS013-202604-023,PS013,2026-04-22,debit,Transport,479.25,Metro / fuel,Pune,UPI
PS013-202604-024,PS013,2026-04-25,debit,Transport,365.58,Metro / fuel,Pune,UPI
PS013-202604-025,PS013,2026-04-29,debit,Transport,448.75,Metro / fuel,Pune,UPI
PS013-202604-026,PS013,2026-04-02,debit,Bills,1309.48,Electricity / mobile,Pune,UPI
PS013-202604-027,PS013,2026-04-15,debit,Bills,1314.89,Electricity / mobile,Pune,UPI
PS013-202604-028,PS013,2026-04-29,debit,Bills,1451.63,Electricity / mobile,Pune,UPI
PS013-202604-029,PS013,2026-04-03,debit,Rent,12636,Monthly rent,Pune,NEFT
PS013-202604-030,PS013,2026-04-03,debit,Education,1019,Learning centre,Pune,UPI
PS013-202604-031,PS013,2026-04-02,debit,Healthcare,1019,Pharmacy,Pune,UPI
PS013-202604-032,PS013,2026-04-02,debit,Entertainment,519.89,Cinema / streaming,Pune,UPI
PS013-202604-033,PS013,2026-04-16,debit,Entertainment,630.6,Cinema / streaming,Pune,UPI
PS013-202604-034,PS013,2026-04-30,debit,Entertainment,683.51,Cinema / streaming,Pune,UPI
PS013-202604-035,PS013,2026-04-03,debit,Investment,2446,Recurring investment,Pune,UPI
PS013-202604-036,PS013,2026-04-03,debit,UPI Transfer,843.65,Household transfer,Pune,UPI
PS013-202604-037,PS013,2026-04-30,debit,UPI Transfer,990.35,Household transfer,Pune,UPI
PS013-202604-038,PS013,2026-04-03,debit,Other,405.1,Everyday purchase,Pune,UPI
PS013-202604-039,PS013,2026-04-29,debit,Other,409.9,Everyday purchase,Pune,UPI
PS013-202604-040,PS013,2026-04-05,debit,EMI,12000,Scheduled loan EMI,Pune,Auto debit
PS013-202605-001,PS013,2026-05-01,credit,Salary,89000,Monthly salary,Pune,NEFT
PS013-202605-002,PS013,2026-05-03,debit,Food,395.69,Swiggy / local groceries,Pune,UPI
PS013-202605-003,PS013,2026-05-05,debit,Food,436.08,Swiggy / local groceries,Pune,UPI
PS013-202605-004,PS013,2026-05-07,debit,Food,685.91,Swiggy / local groceries,Pune,UPI
PS013-202605-005,PS013,2026-05-09,debit,Food,658.09,Swiggy / local groceries,Pune,UPI
PS013-202605-006,PS013,2026-05-12,debit,Food,510.77,Swiggy / local groceries,Pune,UPI
PS013-202605-007,PS013,2026-05-14,debit,Food,434.61,Swiggy / local groceries,Pune,UPI
PS013-202605-008,PS013,2026-05-18,debit,Food,429.22,Swiggy / local groceries,Pune,UPI
PS013-202605-009,PS013,2026-05-20,debit,Food,662.17,Swiggy / local groceries,Pune,UPI
PS013-202605-010,PS013,2026-05-23,debit,Food,612.68,Swiggy / local groceries,Pune,UPI
PS013-202605-011,PS013,2026-05-25,debit,Food,698.51,Swiggy / local groceries,Pune,UPI
PS013-202605-012,PS013,2026-05-28,debit,Food,607.02,Swiggy / local groceries,Pune,UPI
PS013-202605-013,PS013,2026-05-30,debit,Food,602.25,Swiggy / local groceries,Pune,UPI
PS013-202605-014,PS013,2026-05-03,debit,Shopping,1428.7,Amazon / local retail,Pune,UPI
PS013-202605-015,PS013,2026-05-11,debit,Shopping,1093.42,Amazon / local retail,Pune,UPI
PS013-202605-016,PS013,2026-05-21,debit,Shopping,1168.16,Amazon / local retail,Pune,UPI
PS013-202605-017,PS013,2026-05-30,debit,Shopping,1062.72,Amazon / local retail,Pune,UPI
PS013-202605-018,PS013,2026-05-02,debit,Transport,425.44,Metro / fuel,Pune,UPI
PS013-202605-019,PS013,2026-05-07,debit,Transport,410.63,Metro / fuel,Pune,UPI
PS013-202605-020,PS013,2026-05-11,debit,Transport,396.68,Metro / fuel,Pune,UPI
PS013-202605-021,PS013,2026-05-15,debit,Transport,341.51,Metro / fuel,Pune,UPI
PS013-202605-022,PS013,2026-05-18,debit,Transport,430.16,Metro / fuel,Pune,UPI
PS013-202605-023,PS013,2026-05-22,debit,Transport,348.26,Metro / fuel,Pune,UPI
PS013-202605-024,PS013,2026-05-26,debit,Transport,410.61,Metro / fuel,Pune,UPI
PS013-202605-025,PS013,2026-05-30,debit,Transport,404.71,Metro / fuel,Pune,UPI
PS013-202605-026,PS013,2026-05-03,debit,Bills,1525.71,Electricity / mobile,Pune,UPI
PS013-202605-027,PS013,2026-05-17,debit,Bills,1140.84,Electricity / mobile,Pune,UPI
PS013-202605-028,PS013,2026-05-31,debit,Bills,1293.45,Electricity / mobile,Pune,UPI
PS013-202605-029,PS013,2026-05-02,debit,Rent,12278,Monthly rent,Pune,NEFT
PS013-202605-030,PS013,2026-05-03,debit,Education,990,Learning centre,Pune,UPI
PS013-202605-031,PS013,2026-05-03,debit,Healthcare,990,Pharmacy,Pune,UPI
PS013-202605-032,PS013,2026-05-03,debit,Entertainment,645.05,Cinema / streaming,Pune,UPI
PS013-202605-033,PS013,2026-05-17,debit,Entertainment,657.26,Cinema / streaming,Pune,UPI
PS013-202605-034,PS013,2026-05-31,debit,Entertainment,479.69,Cinema / streaming,Pune,UPI
PS013-202605-035,PS013,2026-05-03,debit,Investment,2376,Recurring investment,Pune,UPI
PS013-202605-036,PS013,2026-05-02,debit,UPI Transfer,845.49,Household transfer,Pune,UPI
PS013-202605-037,PS013,2026-05-30,debit,UPI Transfer,936.51,Household transfer,Pune,UPI
PS013-202605-038,PS013,2026-05-02,debit,Other,445.73,Everyday purchase,Pune,UPI
PS013-202605-039,PS013,2026-05-31,debit,Other,346.27,Everyday purchase,Pune,UPI
PS013-202605-040,PS013,2026-05-05,debit,EMI,12000,Scheduled loan EMI,Pune,Auto debit
PS013-202606-001,PS013,2026-06-01,credit,Salary,89000,Monthly salary,Pune,NEFT
PS013-202606-002,PS013,2026-06-03,debit,Food,576.84,Swiggy / local groceries,Pune,UPI
PS013-202606-003,PS013,2026-06-04,debit,Food,588.54,Swiggy / local groceries,Pune,UPI
PS013-202606-004,PS013,2026-06-07,debit,Food,591.76,Swiggy / local groceries,Pune,UPI
PS013-202606-005,PS013,2026-06-10,debit,Food,355.56,Swiggy / local groceries,Pune,UPI
PS013-202606-006,PS013,2026-06-12,debit,Food,547.52,Swiggy / local groceries,Pune,UPI
PS013-202606-007,PS013,2026-06-15,debit,Food,460.76,Swiggy / local groceries,Pune,UPI
PS013-202606-008,PS013,2026-06-16,debit,Food,545.71,Swiggy / local groceries,Pune,UPI
PS013-202606-009,PS013,2026-06-19,debit,Food,523.79,Swiggy / local groceries,Pune,UPI
PS013-202606-010,PS013,2026-06-22,debit,Food,603.08,Swiggy / local groceries,Pune,UPI
PS013-202606-011,PS013,2026-06-24,debit,Food,624.74,Swiggy / local groceries,Pune,UPI
PS013-202606-012,PS013,2026-06-26,debit,Food,533.67,Swiggy / local groceries,Pune,UPI
PS013-202606-013,PS013,2026-06-29,debit,Food,584.03,Swiggy / local groceries,Pune,UPI
PS013-202606-014,PS013,2026-06-03,debit,Shopping,896.79,Amazon / local retail,Pune,UPI
PS013-202606-015,PS013,2026-06-11,debit,Shopping,1093.05,Amazon / local retail,Pune,UPI
PS013-202606-016,PS013,2026-06-21,debit,Shopping,1517.26,Amazon / local retail,Pune,UPI
PS013-202606-017,PS013,2026-06-29,debit,Shopping,1106.9,Amazon / local retail,Pune,UPI
PS013-202606-018,PS013,2026-06-02,debit,Transport,476.28,Metro / fuel,Pune,UPI
PS013-202606-019,PS013,2026-06-05,debit,Transport,400.97,Metro / fuel,Pune,UPI
PS013-202606-020,PS013,2026-06-09,debit,Transport,491.36,Metro / fuel,Pune,UPI
PS013-202606-021,PS013,2026-06-13,debit,Transport,327.75,Metro / fuel,Pune,UPI
PS013-202606-022,PS013,2026-06-17,debit,Transport,281.82,Metro / fuel,Pune,UPI
PS013-202606-023,PS013,2026-06-22,debit,Transport,390.54,Metro / fuel,Pune,UPI
PS013-202606-024,PS013,2026-06-26,debit,Transport,384.38,Metro / fuel,Pune,UPI
PS013-202606-025,PS013,2026-06-30,debit,Transport,322.9,Metro / fuel,Pune,UPI
PS013-202606-026,PS013,2026-06-02,debit,Bills,889.34,Electricity / mobile,Pune,UPI
PS013-202606-027,PS013,2026-06-15,debit,Bills,1537.11,Electricity / mobile,Pune,UPI
PS013-202606-028,PS013,2026-06-30,debit,Bills,1418.55,Electricity / mobile,Pune,UPI
PS013-202606-029,PS013,2026-06-03,debit,Rent,11919,Monthly rent,Pune,NEFT
PS013-202606-030,PS013,2026-06-03,debit,Education,961,Learning centre,Pune,UPI
PS013-202606-031,PS013,2026-06-02,debit,Healthcare,961,Pharmacy,Pune,UPI
PS013-202606-032,PS013,2026-06-03,debit,Entertainment,624.78,Cinema / streaming,Pune,UPI
PS013-202606-033,PS013,2026-06-16,debit,Entertainment,676.07,Cinema / streaming,Pune,UPI
PS013-202606-034,PS013,2026-06-30,debit,Entertainment,429.15,Cinema / streaming,Pune,UPI
PS013-202606-035,PS013,2026-06-02,debit,Investment,2307,Recurring investment,Pune,UPI
PS013-202606-036,PS013,2026-06-02,debit,UPI Transfer,875.84,Household transfer,Pune,UPI
PS013-202606-037,PS013,2026-06-29,debit,UPI Transfer,854.16,Household transfer,Pune,UPI
PS013-202606-038,PS013,2026-06-02,debit,Other,426.04,Everyday purchase,Pune,UPI
PS013-202606-039,PS013,2026-06-29,debit,Other,342.96,Everyday purchase,Pune,UPI
PS013-202606-040,PS013,2026-06-05,debit,EMI,12000,Scheduled loan EMI,Pune,Auto debit
PS013-202607-001,PS013,2026-07-01,credit,Salary,89000,Monthly salary,Pune,NEFT
PS013-202607-002,PS013,2026-07-02,debit,Food,566.81,Swiggy / local groceries,Pune,UPI
PS013-202607-003,PS013,2026-07-04,debit,Food,560.94,Swiggy / local groceries,Pune,UPI
PS013-202607-004,PS013,2026-07-08,debit,Food,563.83,Swiggy / local groceries,Pune,UPI
PS013-202607-005,PS013,2026-07-10,debit,Food,471.17,Swiggy / local groceries,Pune,UPI
PS013-202607-006,PS013,2026-07-13,debit,Food,612.27,Swiggy / local groceries,Pune,UPI
PS013-202607-007,PS013,2026-07-15,debit,Food,618.77,Swiggy / local groceries,Pune,UPI
PS013-202607-008,PS013,2026-07-17,debit,Food,412.68,Swiggy / local groceries,Pune,UPI
PS013-202607-009,PS013,2026-07-19,debit,Food,509.76,Swiggy / local groceries,Pune,UPI
PS013-202607-010,PS013,2026-07-22,debit,Food,530.89,Swiggy / local groceries,Pune,UPI
PS013-202607-011,PS013,2026-07-25,debit,Food,576.5,Swiggy / local groceries,Pune,UPI
PS013-202607-012,PS013,2026-07-27,debit,Food,551.53,Swiggy / local groceries,Pune,UPI
PS013-202607-013,PS013,2026-07-31,debit,Food,363.85,Swiggy / local groceries,Pune,UPI
PS013-202607-014,PS013,2026-07-02,debit,Shopping,1084.19,Amazon / local retail,Pune,UPI
PS013-202607-015,PS013,2026-07-11,debit,Shopping,1223.89,Amazon / local retail,Pune,UPI
PS013-202607-016,PS013,2026-07-20,debit,Shopping,1279.1,Amazon / local retail,Pune,UPI
PS013-202607-017,PS013,2026-07-31,debit,Shopping,887.82,Amazon / local retail,Pune,UPI
PS013-202607-018,PS013,2026-07-02,debit,Transport,415.26,Metro / fuel,Pune,UPI
PS013-202607-019,PS013,2026-07-06,debit,Transport,459.99,Metro / fuel,Pune,UPI
PS013-202607-020,PS013,2026-07-11,debit,Transport,358.48,Metro / fuel,Pune,UPI
PS013-202607-021,PS013,2026-07-14,debit,Transport,263.7,Metro / fuel,Pune,UPI
PS013-202607-022,PS013,2026-07-19,debit,Transport,465.5,Metro / fuel,Pune,UPI
PS013-202607-023,PS013,2026-07-22,debit,Transport,354.38,Metro / fuel,Pune,UPI
PS013-202607-024,PS013,2026-07-27,debit,Transport,398.97,Metro / fuel,Pune,UPI
PS013-202607-025,PS013,2026-07-30,debit,Transport,266.72,Metro / fuel,Pune,UPI
PS013-202607-026,PS013,2026-07-03,debit,Bills,847.82,Electricity / mobile,Pune,UPI
PS013-202607-027,PS013,2026-07-16,debit,Bills,1376.95,Electricity / mobile,Pune,UPI
PS013-202607-028,PS013,2026-07-30,debit,Bills,1504.23,Electricity / mobile,Pune,UPI
PS013-202607-029,PS013,2026-07-03,debit,Rent,11560,Monthly rent,Pune,NEFT
PS013-202607-030,PS013,2026-07-03,debit,Education,932,Learning centre,Pune,UPI
PS013-202607-031,PS013,2026-07-03,debit,Healthcare,932,Pharmacy,Pune,UPI
PS013-202607-032,PS013,2026-07-03,debit,Entertainment,552.32,Cinema / streaming,Pune,UPI
PS013-202607-033,PS013,2026-07-17,debit,Entertainment,415.0,Cinema / streaming,Pune,UPI
PS013-202607-034,PS013,2026-07-30,debit,Entertainment,710.68,Cinema / streaming,Pune,UPI
PS013-202607-035,PS013,2026-07-02,debit,Investment,2237,Recurring investment,Pune,UPI
PS013-202607-036,PS013,2026-07-02,debit,UPI Transfer,862.4,Household transfer,Pune,UPI
PS013-202607-037,PS013,2026-07-31,debit,UPI Transfer,815.6,Household transfer,Pune,UPI
PS013-202607-038,PS013,2026-07-03,debit,Other,462.06,Everyday purchase,Pune,UPI
PS013-202607-039,PS013,2026-07-30,debit,Other,283.94,Everyday purchase,Pune,UPI
PS013-202607-040,PS013,2026-07-05,debit,EMI,12000,Scheduled loan EMI,Pune,Auto debit
PS013-202608-001,PS013,2026-08-01,credit,Salary,89000,Monthly salary,Pune,NEFT
PS013-202608-002,PS013,2026-08-02,debit,Food,415.57,Swiggy / local groceries,Pune,UPI
PS013-202608-003,PS013,2026-08-04,debit,Food,636.97,Swiggy / local groceries,Pune,UPI
PS013-202608-004,PS013,2026-08-07,debit,Food,634.27,Swiggy / local groceries,Pune,UPI
PS013-202608-005,PS013,2026-08-09,debit,Food,676.41,Swiggy / local groceries,Pune,UPI
PS013-202608-006,PS013,2026-08-12,debit,Food,461.58,Swiggy / local groceries,Pune,UPI
PS013-202608-007,PS013,2026-08-14,debit,Food,553.67,Swiggy / local groceries,Pune,UPI
PS013-202608-008,PS013,2026-08-18,debit,Food,453.68,Swiggy / local groceries,Pune,UPI
PS013-202608-009,PS013,2026-08-19,debit,Food,395.86,Swiggy / local groceries,Pune,UPI
PS013-202608-010,PS013,2026-08-23,debit,Food,381.56,Swiggy / local groceries,Pune,UPI
PS013-202608-011,PS013,2026-08-24,debit,Food,530.08,Swiggy / local groceries,Pune,UPI
PS013-202608-012,PS013,2026-08-28,debit,Food,444.71,Swiggy / local groceries,Pune,UPI
PS013-202608-013,PS013,2026-08-30,debit,Food,558.64,Swiggy / local groceries,Pune,UPI
PS013-202608-014,PS013,2026-08-03,debit,Shopping,1092.08,Amazon / local retail,Pune,UPI
PS013-202608-015,PS013,2026-08-11,debit,Shopping,1185.44,Amazon / local retail,Pune,UPI
PS013-202608-016,PS013,2026-08-20,debit,Shopping,1032.82,Amazon / local retail,Pune,UPI
PS013-202608-017,PS013,2026-08-30,debit,Shopping,1025.66,Amazon / local retail,Pune,UPI
PS013-202608-018,PS013,2026-08-03,debit,Transport,343.29,Metro / fuel,Pune,UPI
PS013-202608-019,PS013,2026-08-07,debit,Transport,296.3,Metro / fuel,Pune,UPI
PS013-202608-020,PS013,2026-08-11,debit,Transport,469.09,Metro / fuel,Pune,UPI
PS013-202608-021,PS013,2026-08-15,debit,Transport,428.29,Metro / fuel,Pune,UPI
PS013-202608-022,PS013,2026-08-19,debit,Transport,427.97,Metro / fuel,Pune,UPI
PS013-202608-023,PS013,2026-08-22,debit,Transport,301.3,Metro / fuel,Pune,UPI
PS013-202608-024,PS013,2026-08-27,debit,Transport,356.62,Metro / fuel,Pune,UPI
PS013-202608-025,PS013,2026-08-31,debit,Transport,268.14,Metro / fuel,Pune,UPI
PS013-202608-026,PS013,2026-08-02,debit,Bills,1060.86,Electricity / mobile,Pune,UPI
PS013-202608-027,PS013,2026-08-17,debit,Bills,1140.48,Electricity / mobile,Pune,UPI
PS013-202608-028,PS013,2026-08-30,debit,Bills,1411.66,Electricity / mobile,Pune,UPI
PS013-202608-029,PS013,2026-08-02,debit,Rent,11202,Monthly rent,Pune,NEFT
PS013-202608-030,PS013,2026-08-03,debit,Education,903,Learning centre,Pune,UPI
PS013-202608-031,PS013,2026-08-02,debit,Healthcare,903,Pharmacy,Pune,UPI
PS013-202608-032,PS013,2026-08-02,debit,Entertainment,513.47,Cinema / streaming,Pune,UPI
PS013-202608-033,PS013,2026-08-17,debit,Entertainment,626.01,Cinema / streaming,Pune,UPI
PS013-202608-034,PS013,2026-08-30,debit,Entertainment,486.52,Cinema / streaming,Pune,UPI
PS013-202608-035,PS013,2026-08-03,debit,Investment,2168,Recurring investment,Pune,UPI
PS013-202608-036,PS013,2026-08-03,debit,UPI Transfer,933.95,Household transfer,Pune,UPI
PS013-202608-037,PS013,2026-08-30,debit,UPI Transfer,692.05,Household transfer,Pune,UPI
PS013-202608-038,PS013,2026-08-03,debit,Other,281.25,Everyday purchase,Pune,UPI
PS013-202608-039,PS013,2026-08-30,debit,Other,441.75,Everyday purchase,Pune,UPI
PS013-202608-040,PS013,2026-08-05,debit,EMI,12000,Scheduled loan EMI,Pune,Auto debit
PS014-202512-001,PS014,2025-12-01,credit,Salary,105000,Monthly salary,Bengaluru,NEFT
PS014-202512-002,PS014,2025-12-02,debit,Food,757.16,Swiggy / local groceries,Bengaluru,UPI
PS014-202512-003,PS014,2025-12-05,debit,Food,843.43,Swiggy / local groceries,Bengaluru,UPI
PS014-202512-004,PS014,2025-12-08,debit,Food,849.3,Swiggy / local groceries,Bengaluru,UPI
PS014-202512-005,PS014,2025-12-10,debit,Food,813.06,Swiggy / local groceries,Bengaluru,UPI
PS014-202512-006,PS014,2025-12-12,debit,Food,1047.43,Swiggy / local groceries,Bengaluru,UPI
PS014-202512-007,PS014,2025-12-15,debit,Food,976.72,Swiggy / local groceries,Bengaluru,UPI
PS014-202512-008,PS014,2025-12-17,debit,Food,820.18,Swiggy / local groceries,Bengaluru,UPI
PS014-202512-009,PS014,2025-12-19,debit,Food,648.71,Swiggy / local groceries,Bengaluru,UPI
PS014-202512-010,PS014,2025-12-22,debit,Food,652.25,Swiggy / local groceries,Bengaluru,UPI
PS014-202512-011,PS014,2025-12-25,debit,Food,591.74,Swiggy / local groceries,Bengaluru,UPI
PS014-202512-012,PS014,2025-12-28,debit,Food,1053.67,Swiggy / local groceries,Bengaluru,UPI
PS014-202512-013,PS014,2025-12-31,debit,Food,942.35,Swiggy / local groceries,Bengaluru,UPI
PS014-202512-014,PS014,2025-12-02,debit,Shopping,1629.7,Amazon / local retail,Bengaluru,UPI
PS014-202512-015,PS014,2025-12-11,debit,Shopping,1491.35,Amazon / local retail,Bengaluru,UPI
PS014-202512-016,PS014,2025-12-21,debit,Shopping,2394.51,Amazon / local retail,Bengaluru,UPI
PS014-202512-017,PS014,2025-12-30,debit,Shopping,1540.44,Amazon / local retail,Bengaluru,UPI
PS014-202512-018,PS014,2025-12-02,debit,Transport,434.22,Metro / fuel,Bengaluru,UPI
PS014-202512-019,PS014,2025-12-07,debit,Transport,472.51,Metro / fuel,Bengaluru,UPI
PS014-202512-020,PS014,2025-12-10,debit,Transport,710.1,Metro / fuel,Bengaluru,UPI
PS014-202512-021,PS014,2025-12-14,debit,Transport,594.66,Metro / fuel,Bengaluru,UPI
PS014-202512-022,PS014,2025-12-19,debit,Transport,522.12,Metro / fuel,Bengaluru,UPI
PS014-202512-023,PS014,2025-12-23,debit,Transport,755.83,Metro / fuel,Bengaluru,UPI
PS014-202512-024,PS014,2025-12-27,debit,Transport,588.47,Metro / fuel,Bengaluru,UPI
PS014-202512-025,PS014,2025-12-30,debit,Transport,626.09,Metro / fuel,Bengaluru,UPI
PS014-202512-026,PS014,2025-12-02,debit,Bills,1403.42,Electricity / mobile,Bengaluru,UPI
PS014-202512-027,PS014,2025-12-16,debit,Bills,2075.05,Electricity / mobile,Bengaluru,UPI
PS014-202512-028,PS014,2025-12-30,debit,Bills,2401.53,Electricity / mobile,Bengaluru,UPI
PS014-202512-029,PS014,2025-12-03,debit,Rent,18228,Monthly rent,Bengaluru,NEFT
PS014-202512-030,PS014,2025-12-03,debit,Education,1470,Learning centre,Bengaluru,UPI
PS014-202512-031,PS014,2025-12-02,debit,Healthcare,1470,Pharmacy,Bengaluru,UPI
PS014-202512-032,PS014,2025-12-02,debit,Entertainment,1116.17,Cinema / streaming,Bengaluru,UPI
PS014-202512-033,PS014,2025-12-17,debit,Entertainment,687.96,Cinema / streaming,Bengaluru,UPI
PS014-202512-034,PS014,2025-12-30,debit,Entertainment,841.87,Cinema / streaming,Bengaluru,UPI
PS014-202512-035,PS014,2025-12-03,debit,Investment,3528,Recurring investment,Bengaluru,UPI
PS014-202512-036,PS014,2025-12-03,debit,UPI Transfer,1338.12,Household transfer,Bengaluru,UPI
PS014-202512-037,PS014,2025-12-31,debit,UPI Transfer,1307.88,Household transfer,Bengaluru,UPI
PS014-202512-038,PS014,2025-12-02,debit,Other,524.33,Everyday purchase,Bengaluru,UPI
PS014-202512-039,PS014,2025-12-31,debit,Other,651.67,Everyday purchase,Bengaluru,UPI
PS014-202512-040,PS014,2025-12-05,debit,EMI,22000,Scheduled loan EMI,Bengaluru,Auto debit
PS014-202601-001,PS014,2026-01-01,credit,Salary,105000,Monthly salary,Bengaluru,NEFT
PS014-202601-002,PS014,2026-01-03,debit,Food,596.24,Swiggy / local groceries,Bengaluru,UPI
PS014-202601-003,PS014,2026-01-04,debit,Food,1003.26,Swiggy / local groceries,Bengaluru,UPI
PS014-202601-004,PS014,2026-01-08,debit,Food,674.5,Swiggy / local groceries,Bengaluru,UPI
PS014-202601-005,PS014,2026-01-10,debit,Food,623.71,Swiggy / local groceries,Bengaluru,UPI
PS014-202601-006,PS014,2026-01-13,debit,Food,1006.41,Swiggy / local groceries,Bengaluru,UPI
PS014-202601-007,PS014,2026-01-15,debit,Food,636.07,Swiggy / local groceries,Bengaluru,UPI
PS014-202601-008,PS014,2026-01-18,debit,Food,927.54,Swiggy / local groceries,Bengaluru,UPI
PS014-202601-009,PS014,2026-01-19,debit,Food,578.55,Swiggy / local groceries,Bengaluru,UPI
PS014-202601-010,PS014,2026-01-22,debit,Food,940.43,Swiggy / local groceries,Bengaluru,UPI
PS014-202601-011,PS014,2026-01-24,debit,Food,980.48,Swiggy / local groceries,Bengaluru,UPI
PS014-202601-012,PS014,2026-01-28,debit,Food,1048.91,Swiggy / local groceries,Bengaluru,UPI
PS014-202601-013,PS014,2026-01-31,debit,Food,979.9,Swiggy / local groceries,Bengaluru,UPI
PS014-202601-014,PS014,2026-01-03,debit,Shopping,1480.5,Amazon / local retail,Bengaluru,UPI
PS014-202601-015,PS014,2026-01-11,debit,Shopping,1645.67,Amazon / local retail,Bengaluru,UPI
PS014-202601-016,PS014,2026-01-21,debit,Shopping,1927.08,Amazon / local retail,Bengaluru,UPI
PS014-202601-017,PS014,2026-01-30,debit,Shopping,2002.75,Amazon / local retail,Bengaluru,UPI
PS014-202601-018,PS014,2026-01-02,debit,Transport,479.96,Metro / fuel,Bengaluru,UPI
PS014-202601-019,PS014,2026-01-06,debit,Transport,582.84,Metro / fuel,Bengaluru,UPI
PS014-202601-020,PS014,2026-01-11,debit,Transport,677.87,Metro / fuel,Bengaluru,UPI
PS014-202601-021,PS014,2026-01-15,debit,Transport,430.83,Metro / fuel,Bengaluru,UPI
PS014-202601-022,PS014,2026-01-18,debit,Transport,554.76,Metro / fuel,Bengaluru,UPI
PS014-202601-023,PS014,2026-01-23,debit,Transport,686.93,Metro / fuel,Bengaluru,UPI
PS014-202601-024,PS014,2026-01-27,debit,Transport,698.45,Metro / fuel,Bengaluru,UPI
PS014-202601-025,PS014,2026-01-30,debit,Transport,592.36,Metro / fuel,Bengaluru,UPI
PS014-202601-026,PS014,2026-01-03,debit,Bills,2304.13,Electricity / mobile,Bengaluru,UPI
PS014-202601-027,PS014,2026-01-16,debit,Bills,1558.17,Electricity / mobile,Bengaluru,UPI
PS014-202601-028,PS014,2026-01-31,debit,Bills,2017.7,Electricity / mobile,Bengaluru,UPI
PS014-202601-029,PS014,2026-01-03,debit,Rent,18228,Monthly rent,Bengaluru,NEFT
PS014-202601-030,PS014,2026-01-03,debit,Education,1470,Learning centre,Bengaluru,UPI
PS014-202601-031,PS014,2026-01-02,debit,Healthcare,1470,Pharmacy,Bengaluru,UPI
PS014-202601-032,PS014,2026-01-02,debit,Entertainment,835.12,Cinema / streaming,Bengaluru,UPI
PS014-202601-033,PS014,2026-01-17,debit,Entertainment,945.36,Cinema / streaming,Bengaluru,UPI
PS014-202601-034,PS014,2026-01-30,debit,Entertainment,865.52,Cinema / streaming,Bengaluru,UPI
PS014-202601-035,PS014,2026-01-02,debit,Investment,3528,Recurring investment,Bengaluru,UPI
PS014-202601-036,PS014,2026-01-02,debit,UPI Transfer,1104.72,Household transfer,Bengaluru,UPI
PS014-202601-037,PS014,2026-01-31,debit,UPI Transfer,1541.28,Household transfer,Bengaluru,UPI
PS014-202601-038,PS014,2026-01-03,debit,Other,434.08,Everyday purchase,Bengaluru,UPI
PS014-202601-039,PS014,2026-01-31,debit,Other,741.92,Everyday purchase,Bengaluru,UPI
PS014-202601-040,PS014,2026-01-05,debit,EMI,22000,Scheduled loan EMI,Bengaluru,Auto debit
PS014-202602-001,PS014,2026-02-01,credit,Salary,105000,Monthly salary,Bengaluru,NEFT
PS014-202602-002,PS014,2026-02-02,debit,Food,705.57,Swiggy / local groceries,Bengaluru,UPI
PS014-202602-003,PS014,2026-02-05,debit,Food,741.07,Swiggy / local groceries,Bengaluru,UPI
PS014-202602-004,PS014,2026-02-07,debit,Food,857.75,Swiggy / local groceries,Bengaluru,UPI
PS014-202602-005,PS014,2026-02-09,debit,Food,655.87,Swiggy / local groceries,Bengaluru,UPI
PS014-202602-006,PS014,2026-02-11,debit,Food,809.51,Swiggy / local groceries,Bengaluru,UPI
PS014-202602-007,PS014,2026-02-13,debit,Food,814.87,Swiggy / local groceries,Bengaluru,UPI
PS014-202602-008,PS014,2026-02-15,debit,Food,923.87,Swiggy / local groceries,Bengaluru,UPI
PS014-202602-009,PS014,2026-02-17,debit,Food,817.17,Swiggy / local groceries,Bengaluru,UPI
PS014-202602-010,PS014,2026-02-21,debit,Food,913.65,Swiggy / local groceries,Bengaluru,UPI
PS014-202602-011,PS014,2026-02-23,debit,Food,977.65,Swiggy / local groceries,Bengaluru,UPI
PS014-202602-012,PS014,2026-02-24,debit,Food,816.69,Swiggy / local groceries,Bengaluru,UPI
PS014-202602-013,PS014,2026-02-28,debit,Food,962.33,Swiggy / local groceries,Bengaluru,UPI
PS014-202602-014,PS014,2026-02-03,debit,Shopping,2135.12,Amazon / local retail,Bengaluru,UPI
PS014-202602-015,PS014,2026-02-11,debit,Shopping,1807.21,Amazon / local retail,Bengaluru,UPI
PS014-202602-016,PS014,2026-02-19,debit,Shopping,1511.92,Amazon / local retail,Bengaluru,UPI
PS014-202602-017,PS014,2026-02-27,debit,Shopping,1601.75,Amazon / local retail,Bengaluru,UPI
PS014-202602-018,PS014,2026-02-02,debit,Transport,584.68,Metro / fuel,Bengaluru,UPI
PS014-202602-019,PS014,2026-02-05,debit,Transport,714.83,Metro / fuel,Bengaluru,UPI
PS014-202602-020,PS014,2026-02-09,debit,Transport,690.71,Metro / fuel,Bengaluru,UPI
PS014-202602-021,PS014,2026-02-13,debit,Transport,462.1,Metro / fuel,Bengaluru,UPI
PS014-202602-022,PS014,2026-02-17,debit,Transport,502.29,Metro / fuel,Bengaluru,UPI
PS014-202602-023,PS014,2026-02-20,debit,Transport,427.3,Metro / fuel,Bengaluru,UPI
PS014-202602-024,PS014,2026-02-24,debit,Transport,728.49,Metro / fuel,Bengaluru,UPI
PS014-202602-025,PS014,2026-02-28,debit,Transport,593.6,Metro / fuel,Bengaluru,UPI
PS014-202602-026,PS014,2026-02-03,debit,Bills,1681.21,Electricity / mobile,Bengaluru,UPI
PS014-202602-027,PS014,2026-02-14,debit,Bills,1984.61,Electricity / mobile,Bengaluru,UPI
PS014-202602-028,PS014,2026-02-27,debit,Bills,2214.18,Electricity / mobile,Bengaluru,UPI
PS014-202602-029,PS014,2026-02-02,debit,Rent,18228,Monthly rent,Bengaluru,NEFT
PS014-202602-030,PS014,2026-02-03,debit,Education,1470,Learning centre,Bengaluru,UPI
PS014-202602-031,PS014,2026-02-03,debit,Healthcare,1470,Pharmacy,Bengaluru,UPI
PS014-202602-032,PS014,2026-02-02,debit,Entertainment,982.85,Cinema / streaming,Bengaluru,UPI
PS014-202602-033,PS014,2026-02-14,debit,Entertainment,764.23,Cinema / streaming,Bengaluru,UPI
PS014-202602-034,PS014,2026-02-28,debit,Entertainment,898.92,Cinema / streaming,Bengaluru,UPI
PS014-202602-035,PS014,2026-02-03,debit,Investment,3528,Recurring investment,Bengaluru,UPI
PS014-202602-036,PS014,2026-02-02,debit,UPI Transfer,1420.88,Household transfer,Bengaluru,UPI
PS014-202602-037,PS014,2026-02-27,debit,UPI Transfer,1225.12,Household transfer,Bengaluru,UPI
PS014-202602-038,PS014,2026-02-03,debit,Other,517.04,Everyday purchase,Bengaluru,UPI
PS014-202602-039,PS014,2026-02-28,debit,Other,658.96,Everyday purchase,Bengaluru,UPI
PS014-202602-040,PS014,2026-02-05,debit,EMI,22000,Scheduled loan EMI,Bengaluru,Auto debit
PS014-202603-001,PS014,2026-03-01,credit,Salary,105000,Monthly salary,Bengaluru,NEFT
PS014-202603-002,PS014,2026-03-02,debit,Food,1069.23,Swiggy / local groceries,Bengaluru,UPI
PS014-202603-003,PS014,2026-03-05,debit,Food,672.46,Swiggy / local groceries,Bengaluru,UPI
PS014-202603-004,PS014,2026-03-07,debit,Food,787.61,Swiggy / local groceries,Bengaluru,UPI
PS014-202603-005,PS014,2026-03-09,debit,Food,1012.32,Swiggy / local groceries,Bengaluru,UPI
PS014-202603-006,PS014,2026-03-12,debit,Food,671.55,Swiggy / local groceries,Bengaluru,UPI
PS014-202603-007,PS014,2026-03-14,debit,Food,855.07,Swiggy / local groceries,Bengaluru,UPI
PS014-202603-008,PS014,2026-03-17,debit,Food,719.17,Swiggy / local groceries,Bengaluru,UPI
PS014-202603-009,PS014,2026-03-19,debit,Food,800.11,Swiggy / local groceries,Bengaluru,UPI
PS014-202603-010,PS014,2026-03-22,debit,Food,960.02,Swiggy / local groceries,Bengaluru,UPI
PS014-202603-011,PS014,2026-03-25,debit,Food,825.95,Swiggy / local groceries,Bengaluru,UPI
PS014-202603-012,PS014,2026-03-28,debit,Food,659.23,Swiggy / local groceries,Bengaluru,UPI
PS014-202603-013,PS014,2026-03-31,debit,Food,963.28,Swiggy / local groceries,Bengaluru,UPI
PS014-202603-014,PS014,2026-03-03,debit,Shopping,1661.93,Amazon / local retail,Bengaluru,UPI
PS014-202603-015,PS014,2026-03-11,debit,Shopping,1820.86,Amazon / local retail,Bengaluru,UPI
PS014-202603-016,PS014,2026-03-21,debit,Shopping,1726.38,Amazon / local retail,Bengaluru,UPI
PS014-202603-017,PS014,2026-03-30,debit,Shopping,1846.83,Amazon / local retail,Bengaluru,UPI
PS014-202603-018,PS014,2026-03-03,debit,Transport,463.44,Metro / fuel,Bengaluru,UPI
PS014-202603-019,PS014,2026-03-07,debit,Transport,506.46,Metro / fuel,Bengaluru,UPI
PS014-202603-020,PS014,2026-03-10,debit,Transport,752.6,Metro / fuel,Bengaluru,UPI
PS014-202603-021,PS014,2026-03-14,debit,Transport,534.87,Metro / fuel,Bengaluru,UPI
PS014-202603-022,PS014,2026-03-18,debit,Transport,763.34,Metro / fuel,Bengaluru,UPI
PS014-202603-023,PS014,2026-03-22,debit,Transport,536.74,Metro / fuel,Bengaluru,UPI
PS014-202603-024,PS014,2026-03-27,debit,Transport,607.52,Metro / fuel,Bengaluru,UPI
PS014-202603-025,PS014,2026-03-30,debit,Transport,539.03,Metro / fuel,Bengaluru,UPI
PS014-202603-026,PS014,2026-03-02,debit,Bills,2203.7,Electricity / mobile,Bengaluru,UPI
PS014-202603-027,PS014,2026-03-17,debit,Bills,1932.97,Electricity / mobile,Bengaluru,UPI
PS014-202603-028,PS014,2026-03-31,debit,Bills,1743.33,Electricity / mobile,Bengaluru,UPI
PS014-202603-029,PS014,2026-03-03,debit,Rent,18228,Monthly rent,Bengaluru,NEFT
PS014-202603-030,PS014,2026-03-02,debit,Education,1470,Learning centre,Bengaluru,UPI
PS014-202603-031,PS014,2026-03-02,debit,Healthcare,1470,Pharmacy,Bengaluru,UPI
PS014-202603-032,PS014,2026-03-02,debit,Entertainment,846.29,Cinema / streaming,Bengaluru,UPI
PS014-202603-033,PS014,2026-03-16,debit,Entertainment,680.91,Cinema / streaming,Bengaluru,UPI
PS014-202603-034,PS014,2026-03-30,debit,Entertainment,1118.8,Cinema / streaming,Bengaluru,UPI
PS014-202603-035,PS014,2026-03-03,debit,Investment,3528,Recurring investment,Bengaluru,UPI
PS014-202603-036,PS014,2026-03-03,debit,UPI Transfer,998.64,Household transfer,Bengaluru,UPI
PS014-202603-037,PS014,2026-03-31,debit,UPI Transfer,1647.36,Household transfer,Bengaluru,UPI
PS014-202603-038,PS014,2026-03-03,debit,Other,705.24,Everyday purchase,Bengaluru,UPI
PS014-202603-039,PS014,2026-03-30,debit,Other,470.76,Everyday purchase,Bengaluru,UPI
PS014-202603-040,PS014,2026-03-05,debit,EMI,22000,Scheduled loan EMI,Bengaluru,Auto debit
PS014-202604-001,PS014,2026-04-01,credit,Salary,105000,Monthly salary,Bengaluru,NEFT
PS014-202604-002,PS014,2026-04-02,debit,Food,661.36,Swiggy / local groceries,Bengaluru,UPI
PS014-202604-003,PS014,2026-04-04,debit,Food,631.76,Swiggy / local groceries,Bengaluru,UPI
PS014-202604-004,PS014,2026-04-07,debit,Food,700.57,Swiggy / local groceries,Bengaluru,UPI
PS014-202604-005,PS014,2026-04-09,debit,Food,945.22,Swiggy / local groceries,Bengaluru,UPI
PS014-202604-006,PS014,2026-04-12,debit,Food,807.42,Swiggy / local groceries,Bengaluru,UPI
PS014-202604-007,PS014,2026-04-15,debit,Food,681.3,Swiggy / local groceries,Bengaluru,UPI
PS014-202604-008,PS014,2026-04-17,debit,Food,1069.4,Swiggy / local groceries,Bengaluru,UPI
PS014-202604-009,PS014,2026-04-20,debit,Food,749.69,Swiggy / local groceries,Bengaluru,UPI
PS014-202604-010,PS014,2026-04-21,debit,Food,1081.41,Swiggy / local groceries,Bengaluru,UPI
PS014-202604-011,PS014,2026-04-24,debit,Food,1112.29,Swiggy / local groceries,Bengaluru,UPI
PS014-202604-012,PS014,2026-04-27,debit,Food,863.8,Swiggy / local groceries,Bengaluru,UPI
PS014-202604-013,PS014,2026-04-30,debit,Food,691.78,Swiggy / local groceries,Bengaluru,UPI
PS014-202604-014,PS014,2026-04-02,debit,Shopping,1825.2,Amazon / local retail,Bengaluru,UPI
PS014-202604-015,PS014,2026-04-12,debit,Shopping,1432.14,Amazon / local retail,Bengaluru,UPI
PS014-202604-016,PS014,2026-04-20,debit,Shopping,2209.08,Amazon / local retail,Bengaluru,UPI
PS014-202604-017,PS014,2026-04-29,debit,Shopping,1589.58,Amazon / local retail,Bengaluru,UPI
PS014-202604-018,PS014,2026-04-02,debit,Transport,660.59,Metro / fuel,Bengaluru,UPI
PS014-202604-019,PS014,2026-04-06,debit,Transport,475.45,Metro / fuel,Bengaluru,UPI
PS014-202604-020,PS014,2026-04-10,debit,Transport,611.76,Metro / fuel,Bengaluru,UPI
PS014-202604-021,PS014,2026-04-14,debit,Transport,617.09,Metro / fuel,Bengaluru,UPI
PS014-202604-022,PS014,2026-04-18,debit,Transport,620.97,Metro / fuel,Bengaluru,UPI
PS014-202604-023,PS014,2026-04-22,debit,Transport,524.94,Metro / fuel,Bengaluru,UPI
PS014-202604-024,PS014,2026-04-25,debit,Transport,568.7,Metro / fuel,Bengaluru,UPI
PS014-202604-025,PS014,2026-04-30,debit,Transport,624.5,Metro / fuel,Bengaluru,UPI
PS014-202604-026,PS014,2026-04-02,debit,Bills,2367.32,Electricity / mobile,Bengaluru,UPI
PS014-202604-027,PS014,2026-04-15,debit,Bills,1912.8,Electricity / mobile,Bengaluru,UPI
PS014-202604-028,PS014,2026-04-29,debit,Bills,1599.88,Electricity / mobile,Bengaluru,UPI
PS014-202604-029,PS014,2026-04-02,debit,Rent,18228,Monthly rent,Bengaluru,NEFT
PS014-202604-030,PS014,2026-04-03,debit,Education,1470,Learning centre,Bengaluru,UPI
PS014-202604-031,PS014,2026-04-03,debit,Healthcare,1470,Pharmacy,Bengaluru,UPI
PS014-202604-032,PS014,2026-04-03,debit,Entertainment,869.82,Cinema / streaming,Bengaluru,UPI
PS014-202604-033,PS014,2026-04-15,debit,Entertainment,948.78,Cinema / streaming,Bengaluru,UPI
PS014-202604-034,PS014,2026-04-29,debit,Entertainment,827.4,Cinema / streaming,Bengaluru,UPI
PS014-202604-035,PS014,2026-04-03,debit,Investment,3528,Recurring investment,Bengaluru,UPI
PS014-202604-036,PS014,2026-04-02,debit,UPI Transfer,1545.97,Household transfer,Bengaluru,UPI
PS014-202604-037,PS014,2026-04-29,debit,UPI Transfer,1100.03,Household transfer,Bengaluru,UPI
PS014-202604-038,PS014,2026-04-03,debit,Other,504.82,Everyday purchase,Bengaluru,UPI
PS014-202604-039,PS014,2026-04-30,debit,Other,671.18,Everyday purchase,Bengaluru,UPI
PS014-202604-040,PS014,2026-04-05,debit,EMI,22000,Scheduled loan EMI,Bengaluru,Auto debit
PS014-202605-001,PS014,2026-05-01,credit,Salary,105000,Monthly salary,Bengaluru,NEFT
PS014-202605-002,PS014,2026-05-02,debit,Food,811.74,Swiggy / local groceries,Bengaluru,UPI
PS014-202605-003,PS014,2026-05-04,debit,Food,932.09,Swiggy / local groceries,Bengaluru,UPI
PS014-202605-004,PS014,2026-05-08,debit,Food,1068.73,Swiggy / local groceries,Bengaluru,UPI
PS014-202605-005,PS014,2026-05-10,debit,Food,884.67,Swiggy / local groceries,Bengaluru,UPI
PS014-202605-006,PS014,2026-05-13,debit,Food,1047.05,Swiggy / local groceries,Bengaluru,UPI
PS014-202605-007,PS014,2026-05-15,debit,Food,862.66,Swiggy / local groceries,Bengaluru,UPI
PS014-202605-008,PS014,2026-05-17,debit,Food,593.46,Swiggy / local groceries,Bengaluru,UPI
PS014-202605-009,PS014,2026-05-20,debit,Food,942.38,Swiggy / local groceries,Bengaluru,UPI
PS014-202605-010,PS014,2026-05-22,debit,Food,689.31,Swiggy / local groceries,Bengaluru,UPI
PS014-202605-011,PS014,2026-05-24,debit,Food,896.27,Swiggy / local groceries,Bengaluru,UPI
PS014-202605-012,PS014,2026-05-27,debit,Food,576.94,Swiggy / local groceries,Bengaluru,UPI
PS014-202605-013,PS014,2026-05-30,debit,Food,690.7,Swiggy / local groceries,Bengaluru,UPI
PS014-202605-014,PS014,2026-05-03,debit,Shopping,1645.88,Amazon / local retail,Bengaluru,UPI
PS014-202605-015,PS014,2026-05-11,debit,Shopping,1717.08,Amazon / local retail,Bengaluru,UPI
PS014-202605-016,PS014,2026-05-20,debit,Shopping,1834.8,Amazon / local retail,Bengaluru,UPI
PS014-202605-017,PS014,2026-05-31,debit,Shopping,1858.24,Amazon / local retail,Bengaluru,UPI
PS014-202605-018,PS014,2026-05-02,debit,Transport,712.2,Metro / fuel,Bengaluru,UPI
PS014-202605-019,PS014,2026-05-07,debit,Transport,736.65,Metro / fuel,Bengaluru,UPI
PS014-202605-020,PS014,2026-05-10,debit,Transport,642.82,Metro / fuel,Bengaluru,UPI
PS014-202605-021,PS014,2026-05-14,debit,Transport,502.24,Metro / fuel,Bengaluru,UPI
PS014-202605-022,PS014,2026-05-19,debit,Transport,430.34,Metro / fuel,Bengaluru,UPI
PS014-202605-023,PS014,2026-05-23,debit,Transport,609.17,Metro / fuel,Bengaluru,UPI
PS014-202605-024,PS014,2026-05-26,debit,Transport,451.34,Metro / fuel,Bengaluru,UPI
PS014-202605-025,PS014,2026-05-31,debit,Transport,619.24,Metro / fuel,Bengaluru,UPI
PS014-202605-026,PS014,2026-05-02,debit,Bills,1921.73,Electricity / mobile,Bengaluru,UPI
PS014-202605-027,PS014,2026-05-17,debit,Bills,2129.2,Electricity / mobile,Bengaluru,UPI
PS014-202605-028,PS014,2026-05-31,debit,Bills,1829.07,Electricity / mobile,Bengaluru,UPI
PS014-202605-029,PS014,2026-05-02,debit,Rent,18228,Monthly rent,Bengaluru,NEFT
PS014-202605-030,PS014,2026-05-03,debit,Education,1470,Learning centre,Bengaluru,UPI
PS014-202605-031,PS014,2026-05-03,debit,Healthcare,1470,Pharmacy,Bengaluru,UPI
PS014-202605-032,PS014,2026-05-03,debit,Entertainment,1019.82,Cinema / streaming,Bengaluru,UPI
PS014-202605-033,PS014,2026-05-16,debit,Entertainment,925.16,Cinema / streaming,Bengaluru,UPI
PS014-202605-034,PS014,2026-05-30,debit,Entertainment,701.02,Cinema / streaming,Bengaluru,UPI
PS014-202605-035,PS014,2026-05-02,debit,Investment,3528,Recurring investment,Bengaluru,UPI
PS014-202605-036,PS014,2026-05-02,debit,UPI Transfer,1023.16,Household transfer,Bengaluru,UPI
PS014-202605-037,PS014,2026-05-31,debit,UPI Transfer,1622.84,Household transfer,Bengaluru,UPI
PS014-202605-038,PS014,2026-05-03,debit,Other,481.87,Everyday purchase,Bengaluru,UPI
PS014-202605-039,PS014,2026-05-31,debit,Other,694.13,Everyday purchase,Bengaluru,UPI
PS014-202605-040,PS014,2026-05-05,debit,EMI,22000,Scheduled loan EMI,Bengaluru,Auto debit
PS014-202606-001,PS014,2026-06-01,credit,Salary,105000,Monthly salary,Bengaluru,NEFT
PS014-202606-002,PS014,2026-06-03,debit,Food,934.4,Swiggy / local groceries,Bengaluru,UPI
PS014-202606-003,PS014,2026-06-05,debit,Food,782.96,Swiggy / local groceries,Bengaluru,UPI
PS014-202606-004,PS014,2026-06-06,debit,Food,745.34,Swiggy / local groceries,Bengaluru,UPI
PS014-202606-005,PS014,2026-06-09,debit,Food,925.94,Swiggy / local groceries,Bengaluru,UPI
PS014-202606-006,PS014,2026-06-12,debit,Food,857.86,Swiggy / local groceries,Bengaluru,UPI
PS014-202606-007,PS014,2026-06-14,debit,Food,575.55,Swiggy / local groceries,Bengaluru,UPI
PS014-202606-008,PS014,2026-06-17,debit,Food,1014.84,Swiggy / local groceries,Bengaluru,UPI
PS014-202606-009,PS014,2026-06-19,debit,Food,839.79,Swiggy / local groceries,Bengaluru,UPI
PS014-202606-010,PS014,2026-06-21,debit,Food,823.27,Swiggy / local groceries,Bengaluru,UPI
PS014-202606-011,PS014,2026-06-24,debit,Food,950.65,Swiggy / local groceries,Bengaluru,UPI
PS014-202606-012,PS014,2026-06-26,debit,Food,849.58,Swiggy / local groceries,Bengaluru,UPI
PS014-202606-013,PS014,2026-06-29,debit,Food,695.82,Swiggy / local groceries,Bengaluru,UPI
PS014-202606-014,PS014,2026-06-03,debit,Shopping,2269.71,Amazon / local retail,Bengaluru,UPI
PS014-202606-015,PS014,2026-06-11,debit,Shopping,1348.25,Amazon / local retail,Bengaluru,UPI
PS014-202606-016,PS014,2026-06-21,debit,Shopping,1316.5,Amazon / local retail,Bengaluru,UPI
PS014-202606-017,PS014,2026-06-29,debit,Shopping,2121.54,Amazon / local retail,Bengaluru,UPI
PS014-202606-018,PS014,2026-06-03,debit,Transport,682.83,Metro / fuel,Bengaluru,UPI
PS014-202606-019,PS014,2026-06-05,debit,Transport,604.36,Metro / fuel,Bengaluru,UPI
PS014-202606-020,PS014,2026-06-10,debit,Transport,549.32,Metro / fuel,Bengaluru,UPI
PS014-202606-021,PS014,2026-06-14,debit,Transport,514.87,Metro / fuel,Bengaluru,UPI
PS014-202606-022,PS014,2026-06-18,debit,Transport,478.35,Metro / fuel,Bengaluru,UPI
PS014-202606-023,PS014,2026-06-22,debit,Transport,670.79,Metro / fuel,Bengaluru,UPI
PS014-202606-024,PS014,2026-06-25,debit,Transport,690.65,Metro / fuel,Bengaluru,UPI
PS014-202606-025,PS014,2026-06-30,debit,Transport,512.83,Metro / fuel,Bengaluru,UPI
PS014-202606-026,PS014,2026-06-03,debit,Bills,1552.97,Electricity / mobile,Bengaluru,UPI
PS014-202606-027,PS014,2026-06-15,debit,Bills,1809.87,Electricity / mobile,Bengaluru,UPI
PS014-202606-028,PS014,2026-06-29,debit,Bills,2517.16,Electricity / mobile,Bengaluru,UPI
PS014-202606-029,PS014,2026-06-03,debit,Rent,18228,Monthly rent,Bengaluru,NEFT
PS014-202606-030,PS014,2026-06-03,debit,Education,1470,Learning centre,Bengaluru,UPI
PS014-202606-031,PS014,2026-06-02,debit,Healthcare,1470,Pharmacy,Bengaluru,UPI
PS014-202606-032,PS014,2026-06-02,debit,Entertainment,807.49,Cinema / streaming,Bengaluru,UPI
PS014-202606-033,PS014,2026-06-16,debit,Entertainment,1030.4,Cinema / streaming,Bengaluru,UPI
PS014-202606-034,PS014,2026-06-30,debit,Entertainment,808.11,Cinema / streaming,Bengaluru,UPI
PS014-202606-035,PS014,2026-06-03,debit,Investment,3528,Recurring investment,Bengaluru,UPI
PS014-202606-036,PS014,2026-06-03,debit,UPI Transfer,1501.35,Household transfer,Bengaluru,UPI
PS014-202606-037,PS014,2026-06-29,debit,UPI Transfer,1144.65,Household transfer,Bengaluru,UPI
PS014-202606-038,PS014,2026-06-03,debit,Other,597.91,Everyday purchase,Bengaluru,UPI
PS014-202606-039,PS014,2026-06-29,debit,Other,578.09,Everyday purchase,Bengaluru,UPI
PS014-202606-040,PS014,2026-06-05,debit,EMI,22000,Scheduled loan EMI,Bengaluru,Auto debit
PS014-202607-001,PS014,2026-07-01,credit,Salary,105000,Monthly salary,Bengaluru,NEFT
PS014-202607-002,PS014,2026-07-02,debit,Food,754.04,Swiggy / local groceries,Bengaluru,UPI
PS014-202607-003,PS014,2026-07-05,debit,Food,902.36,Swiggy / local groceries,Bengaluru,UPI
PS014-202607-004,PS014,2026-07-07,debit,Food,675.53,Swiggy / local groceries,Bengaluru,UPI
PS014-202607-005,PS014,2026-07-09,debit,Food,692.27,Swiggy / local groceries,Bengaluru,UPI
PS014-202607-006,PS014,2026-07-12,debit,Food,803.4,Swiggy / local groceries,Bengaluru,UPI
PS014-202607-007,PS014,2026-07-15,debit,Food,970.59,Swiggy / local groceries,Bengaluru,UPI
PS014-202607-008,PS014,2026-07-17,debit,Food,925.41,Swiggy / local groceries,Bengaluru,UPI
PS014-202607-009,PS014,2026-07-20,debit,Food,840.18,Swiggy / local groceries,Bengaluru,UPI
PS014-202607-010,PS014,2026-07-23,debit,Food,965.65,Swiggy / local groceries,Bengaluru,UPI
PS014-202607-011,PS014,2026-07-24,debit,Food,619.96,Swiggy / local groceries,Bengaluru,UPI
PS014-202607-012,PS014,2026-07-27,debit,Food,874.28,Swiggy / local groceries,Bengaluru,UPI
PS014-202607-013,PS014,2026-07-31,debit,Food,972.33,Swiggy / local groceries,Bengaluru,UPI
PS014-202607-014,PS014,2026-07-02,debit,Shopping,1482.82,Amazon / local retail,Bengaluru,UPI
PS014-202607-015,PS014,2026-07-11,debit,Shopping,1918.99,Amazon / local retail,Bengaluru,UPI
PS014-202607-016,PS014,2026-07-21,debit,Shopping,1384.34,Amazon / local retail,Bengaluru,UPI
PS014-202607-017,PS014,2026-07-31,debit,Shopping,2269.85,Amazon / local retail,Bengaluru,UPI
PS014-202607-018,PS014,2026-07-02,debit,Transport,718.52,Metro / fuel,Bengaluru,UPI
PS014-202607-019,PS014,2026-07-06,debit,Transport,575.17,Metro / fuel,Bengaluru,UPI
PS014-202607-020,PS014,2026-07-10,debit,Transport,576.81,Metro / fuel,Bengaluru,UPI
PS014-202607-021,PS014,2026-07-14,debit,Transport,795.45,Metro / fuel,Bengaluru,UPI
PS014-202607-022,PS014,2026-07-19,debit,Transport,553.2,Metro / fuel,Bengaluru,UPI
PS014-202607-023,PS014,2026-07-23,debit,Transport,495.49,Metro / fuel,Bengaluru,UPI
PS014-202607-024,PS014,2026-07-27,debit,Transport,468.12,Metro / fuel,Bengaluru,UPI
PS014-202607-025,PS014,2026-07-31,debit,Transport,521.24,Metro / fuel,Bengaluru,UPI
PS014-202607-026,PS014,2026-07-03,debit,Bills,2064.08,Electricity / mobile,Bengaluru,UPI
PS014-202607-027,PS014,2026-07-17,debit,Bills,1563.37,Electricity / mobile,Bengaluru,UPI
PS014-202607-028,PS014,2026-07-30,debit,Bills,2252.55,Electricity / mobile,Bengaluru,UPI
PS014-202607-029,PS014,2026-07-03,debit,Rent,18228,Monthly rent,Bengaluru,NEFT
PS014-202607-030,PS014,2026-07-02,debit,Education,1470,Learning centre,Bengaluru,UPI
PS014-202607-031,PS014,2026-07-02,debit,Healthcare,1470,Pharmacy,Bengaluru,UPI
PS014-202607-032,PS014,2026-07-03,debit,Entertainment,978.69,Cinema / streaming,Bengaluru,UPI
PS014-202607-033,PS014,2026-07-16,debit,Entertainment,690.16,Cinema / streaming,Bengaluru,UPI
PS014-202607-034,PS014,2026-07-30,debit,Entertainment,977.15,Cinema / streaming,Bengaluru,UPI
PS014-202607-035,PS014,2026-07-02,debit,Investment,3528,Recurring investment,Bengaluru,UPI
PS014-202607-036,PS014,2026-07-02,debit,UPI Transfer,971.4,Household transfer,Bengaluru,UPI
PS014-202607-037,PS014,2026-07-31,debit,UPI Transfer,1674.6,Household transfer,Bengaluru,UPI
PS014-202607-038,PS014,2026-07-03,debit,Other,518.37,Everyday purchase,Bengaluru,UPI
PS014-202607-039,PS014,2026-07-30,debit,Other,657.63,Everyday purchase,Bengaluru,UPI
PS014-202607-040,PS014,2026-07-05,debit,EMI,22000,Scheduled loan EMI,Bengaluru,Auto debit
PS014-202608-001,PS014,2026-08-01,credit,Salary,105000,Monthly salary,Bengaluru,NEFT
PS014-202608-002,PS014,2026-08-02,debit,Food,662.32,Swiggy / local groceries,Bengaluru,UPI
PS014-202608-003,PS014,2026-08-04,debit,Food,1030.27,Swiggy / local groceries,Bengaluru,UPI
PS014-202608-004,PS014,2026-08-07,debit,Food,766.48,Swiggy / local groceries,Bengaluru,UPI
PS014-202608-005,PS014,2026-08-09,debit,Food,846.3,Swiggy / local groceries,Bengaluru,UPI
PS014-202608-006,PS014,2026-08-12,debit,Food,645.67,Swiggy / local groceries,Bengaluru,UPI
PS014-202608-007,PS014,2026-08-15,debit,Food,940.12,Swiggy / local groceries,Bengaluru,UPI
PS014-202608-008,PS014,2026-08-17,debit,Food,588.92,Swiggy / local groceries,Bengaluru,UPI
PS014-202608-009,PS014,2026-08-19,debit,Food,954.72,Swiggy / local groceries,Bengaluru,UPI
PS014-202608-010,PS014,2026-08-22,debit,Food,925.2,Swiggy / local groceries,Bengaluru,UPI
PS014-202608-011,PS014,2026-08-24,debit,Food,805.06,Swiggy / local groceries,Bengaluru,UPI
PS014-202608-012,PS014,2026-08-28,debit,Food,932.42,Swiggy / local groceries,Bengaluru,UPI
PS014-202608-013,PS014,2026-08-31,debit,Food,898.52,Swiggy / local groceries,Bengaluru,UPI
PS014-202608-014,PS014,2026-08-03,debit,Shopping,1788.45,Amazon / local retail,Bengaluru,UPI
PS014-202608-015,PS014,2026-08-12,debit,Shopping,1876.66,Amazon / local retail,Bengaluru,UPI
PS014-202608-016,PS014,2026-08-21,debit,Shopping,1614.72,Amazon / local retail,Bengaluru,UPI
PS014-202608-017,PS014,2026-08-30,debit,Shopping,1776.17,Amazon / local retail,Bengaluru,UPI
PS014-202608-018,PS014,2026-08-03,debit,Transport,526.21,Metro / fuel,Bengaluru,UPI
PS014-202608-019,PS014,2026-08-07,debit,Transport,547.63,Metro / fuel,Bengaluru,UPI
PS014-202608-020,PS014,2026-08-11,debit,Transport,474.08,Metro / fuel,Bengaluru,UPI
PS014-202608-021,PS014,2026-08-15,debit,Transport,670.43,Metro / fuel,Bengaluru,UPI
PS014-202608-022,PS014,2026-08-18,debit,Transport,682.68,Metro / fuel,Bengaluru,UPI
PS014-202608-023,PS014,2026-08-23,debit,Transport,613.75,Metro / fuel,Bengaluru,UPI
PS014-202608-024,PS014,2026-08-26,debit,Transport,465.99,Metro / fuel,Bengaluru,UPI
PS014-202608-025,PS014,2026-08-30,debit,Transport,723.23,Metro / fuel,Bengaluru,UPI
PS014-202608-026,PS014,2026-08-02,debit,Bills,1646.05,Electricity / mobile,Bengaluru,UPI
PS014-202608-027,PS014,2026-08-17,debit,Bills,2534.58,Electricity / mobile,Bengaluru,UPI
PS014-202608-028,PS014,2026-08-30,debit,Bills,1699.37,Electricity / mobile,Bengaluru,UPI
PS014-202608-029,PS014,2026-08-03,debit,Rent,18228,Monthly rent,Bengaluru,NEFT
PS014-202608-030,PS014,2026-08-03,debit,Education,1470,Learning centre,Bengaluru,UPI
PS014-202608-031,PS014,2026-08-03,debit,Healthcare,1470,Pharmacy,Bengaluru,UPI
PS014-202608-032,PS014,2026-08-03,debit,Entertainment,967.11,Cinema / streaming,Bengaluru,UPI
PS014-202608-033,PS014,2026-08-17,debit,Entertainment,702.61,Cinema / streaming,Bengaluru,UPI
PS014-202608-034,PS014,2026-08-31,debit,Entertainment,976.28,Cinema / streaming,Bengaluru,UPI
PS014-202608-035,PS014,2026-08-02,debit,Investment,3528,Recurring investment,Bengaluru,UPI
PS014-202608-036,PS014,2026-08-02,debit,UPI Transfer,1246.85,Household transfer,Bengaluru,UPI
PS014-202608-037,PS014,2026-08-31,debit,UPI Transfer,1399.15,Household transfer,Bengaluru,UPI
PS014-202608-038,PS014,2026-08-03,debit,Other,537.72,Everyday purchase,Bengaluru,UPI
PS014-202608-039,PS014,2026-08-30,debit,Other,638.28,Everyday purchase,Bengaluru,UPI
PS014-202608-040,PS014,2026-08-05,debit,EMI,22000,Scheduled loan EMI,Bengaluru,Auto debit
PS015-202512-001,PS015,2025-12-01,credit,Salary,41000,Monthly salary,Vadodara,NEFT
PS015-202512-002,PS015,2025-12-03,debit,Food,254.45,Swiggy / local groceries,Vadodara,UPI
PS015-202512-003,PS015,2025-12-05,debit,Food,433.33,Swiggy / local groceries,Vadodara,UPI
PS015-202512-004,PS015,2025-12-07,debit,Food,367.94,Swiggy / local groceries,Vadodara,UPI
PS015-202512-005,PS015,2025-12-09,debit,Food,417.51,Swiggy / local groceries,Vadodara,UPI
PS015-202512-006,PS015,2025-12-12,debit,Food,341.75,Swiggy / local groceries,Vadodara,UPI
PS015-202512-007,PS015,2025-12-15,debit,Food,261.98,Swiggy / local groceries,Vadodara,UPI
PS015-202512-008,PS015,2025-12-18,debit,Food,362.98,Swiggy / local groceries,Vadodara,UPI
PS015-202512-009,PS015,2025-12-20,debit,Food,298.18,Swiggy / local groceries,Vadodara,UPI
PS015-202512-010,PS015,2025-12-22,debit,Food,313.51,Swiggy / local groceries,Vadodara,UPI
PS015-202512-011,PS015,2025-12-24,debit,Food,270.19,Swiggy / local groceries,Vadodara,UPI
PS015-202512-012,PS015,2025-12-27,debit,Food,299.97,Swiggy / local groceries,Vadodara,UPI
PS015-202512-013,PS015,2025-12-31,debit,Food,351.21,Swiggy / local groceries,Vadodara,UPI
PS015-202512-014,PS015,2025-12-02,debit,Shopping,882.89,Amazon / local retail,Vadodara,UPI
PS015-202512-015,PS015,2025-12-12,debit,Shopping,681.68,Amazon / local retail,Vadodara,UPI
PS015-202512-016,PS015,2025-12-20,debit,Shopping,582.83,Amazon / local retail,Vadodara,UPI
PS015-202512-017,PS015,2025-12-30,debit,Shopping,656.6,Amazon / local retail,Vadodara,UPI
PS015-202512-018,PS015,2025-12-03,debit,Transport,211.84,Metro / fuel,Vadodara,UPI
PS015-202512-019,PS015,2025-12-06,debit,Transport,212.38,Metro / fuel,Vadodara,UPI
PS015-202512-020,PS015,2025-12-10,debit,Transport,195.43,Metro / fuel,Vadodara,UPI
PS015-202512-021,PS015,2025-12-15,debit,Transport,296.92,Metro / fuel,Vadodara,UPI
PS015-202512-022,PS015,2025-12-19,debit,Transport,186.32,Metro / fuel,Vadodara,UPI
PS015-202512-023,PS015,2025-12-23,debit,Transport,232.48,Metro / fuel,Vadodara,UPI
PS015-202512-024,PS015,2025-12-26,debit,Transport,257.0,Metro / fuel,Vadodara,UPI
PS015-202512-025,PS015,2025-12-30,debit,Transport,277.63,Metro / fuel,Vadodara,UPI
PS015-202512-026,PS015,2025-12-03,debit,Bills,774.94,Electricity / mobile,Vadodara,UPI
PS015-202512-027,PS015,2025-12-17,debit,Bills,676.95,Electricity / mobile,Vadodara,UPI
PS015-202512-028,PS015,2025-12-31,debit,Bills,885.11,Electricity / mobile,Vadodara,UPI
PS015-202512-029,PS015,2025-12-03,debit,Rent,7245,Monthly rent,Vadodara,NEFT
PS015-202512-030,PS015,2025-12-02,debit,Education,584,Learning centre,Vadodara,UPI
PS015-202512-031,PS015,2025-12-03,debit,Healthcare,584,Pharmacy,Vadodara,UPI
PS015-202512-032,PS015,2025-12-03,debit,Entertainment,358.09,Cinema / streaming,Vadodara,UPI
PS015-202512-033,PS015,2025-12-16,debit,Entertainment,337.61,Cinema / streaming,Vadodara,UPI
PS015-202512-034,PS015,2025-12-31,debit,Entertainment,356.3,Cinema / streaming,Vadodara,UPI
PS015-202512-035,PS015,2025-12-02,debit,Investment,1402,Recurring investment,Vadodara,UPI
PS015-202512-036,PS015,2025-12-02,debit,UPI Transfer,604.12,Household transfer,Vadodara,UPI
PS015-202512-037,PS015,2025-12-30,debit,UPI Transfer,447.88,Household transfer,Vadodara,UPI
PS015-202512-038,PS015,2025-12-03,debit,Other,287.94,Everyday purchase,Vadodara,UPI
PS015-202512-039,PS015,2025-12-30,debit,Other,179.06,Everyday purchase,Vadodara,UPI
PS015-202512-040,PS015,2025-12-05,debit,EMI,11000,Scheduled loan EMI,Vadodara,Auto debit
PS015-202601-001,PS015,2026-01-01,credit,Salary,41000,Monthly salary,Vadodara,NEFT
PS015-202601-002,PS015,2026-01-03,debit,Food,264.86,Swiggy / local groceries,Vadodara,UPI
PS015-202601-003,PS015,2026-01-05,debit,Food,344.02,Swiggy / local groceries,Vadodara,UPI
PS015-202601-004,PS015,2026-01-07,debit,Food,332.19,Swiggy / local groceries,Vadodara,UPI
PS015-202601-005,PS015,2026-01-10,debit,Food,435.09,Swiggy / local groceries,Vadodara,UPI
PS015-202601-006,PS015,2026-01-13,debit,Food,332.74,Swiggy / local groceries,Vadodara,UPI
PS015-202601-007,PS015,2026-01-14,debit,Food,282.48,Swiggy / local groceries,Vadodara,UPI
PS015-202601-008,PS015,2026-01-18,debit,Food,440.42,Swiggy / local groceries,Vadodara,UPI
PS015-202601-009,PS015,2026-01-20,debit,Food,299.77,Swiggy / local groceries,Vadodara,UPI
PS015-202601-010,PS015,2026-01-22,debit,Food,371.26,Swiggy / local groceries,Vadodara,UPI
PS015-202601-011,PS015,2026-01-24,debit,Food,297.06,Swiggy / local groceries,Vadodara,UPI
PS015-202601-012,PS015,2026-01-28,debit,Food,259.57,Swiggy / local groceries,Vadodara,UPI
PS015-202601-013,PS015,2026-01-30,debit,Food,313.54,Swiggy / local groceries,Vadodara,UPI
PS015-202601-014,PS015,2026-01-03,debit,Shopping,720.2,Amazon / local retail,Vadodara,UPI
PS015-202601-015,PS015,2026-01-11,debit,Shopping,569.03,Amazon / local retail,Vadodara,UPI
PS015-202601-016,PS015,2026-01-21,debit,Shopping,609.85,Amazon / local retail,Vadodara,UPI
PS015-202601-017,PS015,2026-01-31,debit,Shopping,904.92,Amazon / local retail,Vadodara,UPI
PS015-202601-018,PS015,2026-01-02,debit,Transport,284.84,Metro / fuel,Vadodara,UPI
PS015-202601-019,PS015,2026-01-06,debit,Transport,198.14,Metro / fuel,Vadodara,UPI
PS015-202601-020,PS015,2026-01-10,debit,Transport,307.58,Metro / fuel,Vadodara,UPI
PS015-202601-021,PS015,2026-01-15,debit,Transport,193.61,Metro / fuel,Vadodara,UPI
PS015-202601-022,PS015,2026-01-18,debit,Transport,227.75,Metro / fuel,Vadodara,UPI
PS015-202601-023,PS015,2026-01-23,debit,Transport,179.43,Metro / fuel,Vadodara,UPI
PS015-202601-024,PS015,2026-01-27,debit,Transport,224.99,Metro / fuel,Vadodara,UPI
PS015-202601-025,PS015,2026-01-30,debit,Transport,253.66,Metro / fuel,Vadodara,UPI
PS015-202601-026,PS015,2026-01-03,debit,Bills,801.34,Electricity / mobile,Vadodara,UPI
PS015-202601-027,PS015,2026-01-16,debit,Bills,791.52,Electricity / mobile,Vadodara,UPI
PS015-202601-028,PS015,2026-01-31,debit,Bills,744.14,Electricity / mobile,Vadodara,UPI
PS015-202601-029,PS015,2026-01-03,debit,Rent,7245,Monthly rent,Vadodara,NEFT
PS015-202601-030,PS015,2026-01-02,debit,Education,584,Learning centre,Vadodara,UPI
PS015-202601-031,PS015,2026-01-03,debit,Healthcare,584,Pharmacy,Vadodara,UPI
PS015-202601-032,PS015,2026-01-02,debit,Entertainment,334.99,Cinema / streaming,Vadodara,UPI
PS015-202601-033,PS015,2026-01-16,debit,Entertainment,348.49,Cinema / streaming,Vadodara,UPI
PS015-202601-034,PS015,2026-01-31,debit,Entertainment,368.52,Cinema / streaming,Vadodara,UPI
PS015-202601-035,PS015,2026-01-03,debit,Investment,1402,Recurring investment,Vadodara,UPI
PS015-202601-036,PS015,2026-01-03,debit,UPI Transfer,514.1,Household transfer,Vadodara,UPI
PS015-202601-037,PS015,2026-01-30,debit,UPI Transfer,537.9,Household transfer,Vadodara,UPI
PS015-202601-038,PS015,2026-01-03,debit,Other,213.34,Everyday purchase,Vadodara,UPI
PS015-202601-039,PS015,2026-01-30,debit,Other,253.66,Everyday purchase,Vadodara,UPI
PS015-202601-040,PS015,2026-01-05,debit,EMI,11000,Scheduled loan EMI,Vadodara,Auto debit
PS015-202602-001,PS015,2026-02-01,credit,Salary,41000,Monthly salary,Vadodara,NEFT
PS015-202602-002,PS015,2026-02-03,debit,Food,369.88,Swiggy / local groceries,Vadodara,UPI
PS015-202602-003,PS015,2026-02-04,debit,Food,336.93,Swiggy / local groceries,Vadodara,UPI
PS015-202602-004,PS015,2026-02-06,debit,Food,296.0,Swiggy / local groceries,Vadodara,UPI
PS015-202602-005,PS015,2026-02-08,debit,Food,319.21,Swiggy / local groceries,Vadodara,UPI
PS015-202602-006,PS015,2026-02-11,debit,Food,305.91,Swiggy / local groceries,Vadodara,UPI
PS015-202602-007,PS015,2026-02-14,debit,Food,237.55,Swiggy / local groceries,Vadodara,UPI
PS015-202602-008,PS015,2026-02-15,debit,Food,377.84,Swiggy / local groceries,Vadodara,UPI
PS015-202602-009,PS015,2026-02-17,debit,Food,329.88,Swiggy / local groceries,Vadodara,UPI
PS015-202602-010,PS015,2026-02-21,debit,Food,382.85,Swiggy / local groceries,Vadodara,UPI
PS015-202602-011,PS015,2026-02-23,debit,Food,405.6,Swiggy / local groceries,Vadodara,UPI
PS015-202602-012,PS015,2026-02-24,debit,Food,359.64,Swiggy / local groceries,Vadodara,UPI
PS015-202602-013,PS015,2026-02-28,debit,Food,251.71,Swiggy / local groceries,Vadodara,UPI
PS015-202602-014,PS015,2026-02-02,debit,Shopping,586.79,Amazon / local retail,Vadodara,UPI
PS015-202602-015,PS015,2026-02-10,debit,Shopping,899.87,Amazon / local retail,Vadodara,UPI
PS015-202602-016,PS015,2026-02-19,debit,Shopping,522.7,Amazon / local retail,Vadodara,UPI
PS015-202602-017,PS015,2026-02-28,debit,Shopping,794.64,Amazon / local retail,Vadodara,UPI
PS015-202602-018,PS015,2026-02-03,debit,Transport,179.62,Metro / fuel,Vadodara,UPI
PS015-202602-019,PS015,2026-02-05,debit,Transport,205.32,Metro / fuel,Vadodara,UPI
PS015-202602-020,PS015,2026-02-09,debit,Transport,248.43,Metro / fuel,Vadodara,UPI
PS015-202602-021,PS015,2026-02-12,debit,Transport,269.99,Metro / fuel,Vadodara,UPI
PS015-202602-022,PS015,2026-02-16,debit,Transport,241.7,Metro / fuel,Vadodara,UPI
PS015-202602-023,PS015,2026-02-19,debit,Transport,218.06,Metro / fuel,Vadodara,UPI
PS015-202602-024,PS015,2026-02-24,debit,Transport,277.38,Metro / fuel,Vadodara,UPI
PS015-202602-025,PS015,2026-02-27,debit,Transport,229.5,Metro / fuel,Vadodara,UPI
PS015-202602-026,PS015,2026-02-03,debit,Bills,767.59,Electricity / mobile,Vadodara,UPI
PS015-202602-027,PS015,2026-02-15,debit,Bills,775.6,Electricity / mobile,Vadodara,UPI
PS015-202602-028,PS015,2026-02-28,debit,Bills,793.81,Electricity / mobile,Vadodara,UPI
PS015-202602-029,PS015,2026-02-02,debit,Rent,7245,Monthly rent,Vadodara,NEFT
PS015-202602-030,PS015,2026-02-02,debit,Education,584,Learning centre,Vadodara,UPI
PS015-202602-031,PS015,2026-02-03,debit,Healthcare,584,Pharmacy,Vadodara,UPI
PS015-202602-032,PS015,2026-02-02,debit,Entertainment,382.09,Cinema / streaming,Vadodara,UPI
PS015-202602-033,PS015,2026-02-14,debit,Entertainment,306.89,Cinema / streaming,Vadodara,UPI
PS015-202602-034,PS015,2026-02-27,debit,Entertainment,363.02,Cinema / streaming,Vadodara,UPI
PS015-202602-035,PS015,2026-02-03,debit,Investment,1402,Recurring investment,Vadodara,UPI
PS015-202602-036,PS015,2026-02-03,debit,UPI Transfer,441.99,Household transfer,Vadodara,UPI
PS015-202602-037,PS015,2026-02-27,debit,UPI Transfer,610.01,Household transfer,Vadodara,UPI
PS015-202602-038,PS015,2026-02-03,debit,Other,260.99,Everyday purchase,Vadodara,UPI
PS015-202602-039,PS015,2026-02-27,debit,Other,206.01,Everyday purchase,Vadodara,UPI
PS015-202602-040,PS015,2026-02-05,debit,EMI,11000,Scheduled loan EMI,Vadodara,Auto debit
PS015-202603-001,PS015,2026-03-01,credit,Salary,41000,Monthly salary,Vadodara,NEFT
PS015-202603-002,PS015,2026-03-03,debit,Food,403.45,Swiggy / local groceries,Vadodara,UPI
PS015-202603-003,PS015,2026-03-04,debit,Food,248.71,Swiggy / local groceries,Vadodara,UPI
PS015-202603-004,PS015,2026-03-07,debit,Food,259.4,Swiggy / local groceries,Vadodara,UPI
PS015-202603-005,PS015,2026-03-09,debit,Food,278.98,Swiggy / local groceries,Vadodara,UPI
PS015-202603-006,PS015,2026-03-12,debit,Food,299.04,Swiggy / local groceries,Vadodara,UPI
PS015-202603-007,PS015,2026-03-15,debit,Food,405.08,Swiggy / local groceries,Vadodara,UPI
PS015-202603-008,PS015,2026-03-17,debit,Food,272.99,Swiggy / local groceries,Vadodara,UPI
PS015-202603-009,PS015,2026-03-20,debit,Food,367.28,Swiggy / local groceries,Vadodara,UPI
PS015-202603-010,PS015,2026-03-23,debit,Food,394.43,Swiggy / local groceries,Vadodara,UPI
PS015-202603-011,PS015,2026-03-24,debit,Food,296.67,Swiggy / local groceries,Vadodara,UPI
PS015-202603-012,PS015,2026-03-28,debit,Food,371.7,Swiggy / local groceries,Vadodara,UPI
PS015-202603-013,PS015,2026-03-30,debit,Food,375.27,Swiggy / local groceries,Vadodara,UPI
PS015-202603-014,PS015,2026-03-02,debit,Shopping,638.28,Amazon / local retail,Vadodara,UPI
PS015-202603-015,PS015,2026-03-11,debit,Shopping,838.68,Amazon / local retail,Vadodara,UPI
PS015-202603-016,PS015,2026-03-20,debit,Shopping,591.72,Amazon / local retail,Vadodara,UPI
PS015-202603-017,PS015,2026-03-31,debit,Shopping,735.32,Amazon / local retail,Vadodara,UPI
PS015-202603-018,PS015,2026-03-03,debit,Transport,273.06,Metro / fuel,Vadodara,UPI
PS015-202603-019,PS015,2026-03-06,debit,Transport,223.34,Metro / fuel,Vadodara,UPI
PS015-202603-020,PS015,2026-03-10,debit,Transport,208.67,Metro / fuel,Vadodara,UPI
PS015-202603-021,PS015,2026-03-14,debit,Transport,267.36,Metro / fuel,Vadodara,UPI
PS015-202603-022,PS015,2026-03-19,debit,Transport,173.09,Metro / fuel,Vadodara,UPI
PS015-202603-023,PS015,2026-03-22,debit,Transport,201.24,Metro / fuel,Vadodara,UPI
PS015-202603-024,PS015,2026-03-26,debit,Transport,267.46,Metro / fuel,Vadodara,UPI
PS015-202603-025,PS015,2026-03-30,debit,Transport,255.78,Metro / fuel,Vadodara,UPI
PS015-202603-026,PS015,2026-03-03,debit,Bills,778.29,Electricity / mobile,Vadodara,UPI
PS015-202603-027,PS015,2026-03-17,debit,Bills,831.56,Electricity / mobile,Vadodara,UPI
PS015-202603-028,PS015,2026-03-30,debit,Bills,727.15,Electricity / mobile,Vadodara,UPI
PS015-202603-029,PS015,2026-03-03,debit,Rent,7245,Monthly rent,Vadodara,NEFT
PS015-202603-030,PS015,2026-03-03,debit,Education,584,Learning centre,Vadodara,UPI
PS015-202603-031,PS015,2026-03-03,debit,Healthcare,584,Pharmacy,Vadodara,UPI
PS015-202603-032,PS015,2026-03-02,debit,Entertainment,401.98,Cinema / streaming,Vadodara,UPI
PS015-202603-033,PS015,2026-03-17,debit,Entertainment,369.94,Cinema / streaming,Vadodara,UPI
PS015-202603-034,PS015,2026-03-31,debit,Entertainment,280.08,Cinema / streaming,Vadodara,UPI
PS015-202603-035,PS015,2026-03-03,debit,Investment,1402,Recurring investment,Vadodara,UPI
PS015-202603-036,PS015,2026-03-03,debit,UPI Transfer,502.93,Household transfer,Vadodara,UPI
PS015-202603-037,PS015,2026-03-31,debit,UPI Transfer,549.07,Household transfer,Vadodara,UPI
PS015-202603-038,PS015,2026-03-03,debit,Other,252.89,Everyday purchase,Vadodara,UPI
PS015-202603-039,PS015,2026-03-30,debit,Other,214.11,Everyday purchase,Vadodara,UPI
PS015-202603-040,PS015,2026-03-05,debit,EMI,11000,Scheduled loan EMI,Vadodara,Auto debit
PS015-202604-001,PS015,2026-04-01,credit,Salary,41000,Monthly salary,Vadodara,NEFT
PS015-202604-002,PS015,2026-04-03,debit,Food,269.81,Swiggy / local groceries,Vadodara,UPI
PS015-202604-003,PS015,2026-04-05,debit,Food,421.53,Swiggy / local groceries,Vadodara,UPI
PS015-202604-004,PS015,2026-04-06,debit,Food,259.14,Swiggy / local groceries,Vadodara,UPI
PS015-202604-005,PS015,2026-04-09,debit,Food,401.8,Swiggy / local groceries,Vadodara,UPI
PS015-202604-006,PS015,2026-04-11,debit,Food,310.95,Swiggy / local groceries,Vadodara,UPI
PS015-202604-007,PS015,2026-04-14,debit,Food,262.52,Swiggy / local groceries,Vadodara,UPI
PS015-202604-008,PS015,2026-04-16,debit,Food,328.5,Swiggy / local groceries,Vadodara,UPI
PS015-202604-009,PS015,2026-04-20,debit,Food,399.88,Swiggy / local groceries,Vadodara,UPI
PS015-202604-010,PS015,2026-04-21,debit,Food,411.55,Swiggy / local groceries,Vadodara,UPI
PS015-202604-011,PS015,2026-04-25,debit,Food,313.75,Swiggy / local groceries,Vadodara,UPI
PS015-202604-012,PS015,2026-04-27,debit,Food,245.96,Swiggy / local groceries,Vadodara,UPI
PS015-202604-013,PS015,2026-04-30,debit,Food,347.61,Swiggy / local groceries,Vadodara,UPI
PS015-202604-014,PS015,2026-04-03,debit,Shopping,575.52,Amazon / local retail,Vadodara,UPI
PS015-202604-015,PS015,2026-04-12,debit,Shopping,808.28,Amazon / local retail,Vadodara,UPI
PS015-202604-016,PS015,2026-04-20,debit,Shopping,685.46,Amazon / local retail,Vadodara,UPI
PS015-202604-017,PS015,2026-04-30,debit,Shopping,734.74,Amazon / local retail,Vadodara,UPI
PS015-202604-018,PS015,2026-04-03,debit,Transport,259.6,Metro / fuel,Vadodara,UPI
PS015-202604-019,PS015,2026-04-05,debit,Transport,253.91,Metro / fuel,Vadodara,UPI
PS015-202604-020,PS015,2026-04-09,debit,Transport,236.41,Metro / fuel,Vadodara,UPI
PS015-202604-021,PS015,2026-04-13,debit,Transport,273.74,Metro / fuel,Vadodara,UPI
PS015-202604-022,PS015,2026-04-17,debit,Transport,172.86,Metro / fuel,Vadodara,UPI
PS015-202604-023,PS015,2026-04-21,debit,Transport,229.84,Metro / fuel,Vadodara,UPI
PS015-202604-024,PS015,2026-04-25,debit,Transport,216.34,Metro / fuel,Vadodara,UPI
PS015-202604-025,PS015,2026-04-29,debit,Transport,227.3,Metro / fuel,Vadodara,UPI
PS015-202604-026,PS015,2026-04-03,debit,Bills,881.47,Electricity / mobile,Vadodara,UPI
PS015-202604-027,PS015,2026-04-15,debit,Bills,900.93,Electricity / mobile,Vadodara,UPI
PS015-202604-028,PS015,2026-04-29,debit,Bills,554.6,Electricity / mobile,Vadodara,UPI
PS015-202604-029,PS015,2026-04-02,debit,Rent,7245,Monthly rent,Vadodara,NEFT
PS015-202604-030,PS015,2026-04-02,debit,Education,584,Learning centre,Vadodara,UPI
PS015-202604-031,PS015,2026-04-02,debit,Healthcare,584,Pharmacy,Vadodara,UPI
PS015-202604-032,PS015,2026-04-02,debit,Entertainment,427.65,Cinema / streaming,Vadodara,UPI
PS015-202604-033,PS015,2026-04-15,debit,Entertainment,284.74,Cinema / streaming,Vadodara,UPI
PS015-202604-034,PS015,2026-04-30,debit,Entertainment,339.61,Cinema / streaming,Vadodara,UPI
PS015-202604-035,PS015,2026-04-02,debit,Investment,1402,Recurring investment,Vadodara,UPI
PS015-202604-036,PS015,2026-04-02,debit,UPI Transfer,512.34,Household transfer,Vadodara,UPI
PS015-202604-037,PS015,2026-04-30,debit,UPI Transfer,539.66,Household transfer,Vadodara,UPI
PS015-202604-038,PS015,2026-04-02,debit,Other,252.74,Everyday purchase,Vadodara,UPI
PS015-202604-039,PS015,2026-04-30,debit,Other,214.26,Everyday purchase,Vadodara,UPI
PS015-202604-040,PS015,2026-04-05,debit,EMI,11000,Scheduled loan EMI,Vadodara,Auto debit
PS015-202605-001,PS015,2026-05-01,credit,Salary,41000,Monthly salary,Vadodara,NEFT
PS015-202605-002,PS015,2026-05-03,debit,Food,440.22,Swiggy / local groceries,Vadodara,UPI
PS015-202605-003,PS015,2026-05-05,debit,Food,383.94,Swiggy / local groceries,Vadodara,UPI
PS015-202605-004,PS015,2026-05-08,debit,Food,392.57,Swiggy / local groceries,Vadodara,UPI
PS015-202605-005,PS015,2026-05-10,debit,Food,335.25,Swiggy / local groceries,Vadodara,UPI
PS015-202605-006,PS015,2026-05-12,debit,Food,283.06,Swiggy / local groceries,Vadodara,UPI
PS015-202605-007,PS015,2026-05-14,debit,Food,335.45,Swiggy / local groceries,Vadodara,UPI
PS015-202605-008,PS015,2026-05-18,debit,Food,323.42,Swiggy / local groceries,Vadodara,UPI
PS015-202605-009,PS015,2026-05-20,debit,Food,349.39,Swiggy / local groceries,Vadodara,UPI
PS015-202605-010,PS015,2026-05-23,debit,Food,254.39,Swiggy / local groceries,Vadodara,UPI
PS015-202605-011,PS015,2026-05-24,debit,Food,287.69,Swiggy / local groceries,Vadodara,UPI
PS015-202605-012,PS015,2026-05-27,debit,Food,296.23,Swiggy / local groceries,Vadodara,UPI
PS015-202605-013,PS015,2026-05-31,debit,Food,291.39,Swiggy / local groceries,Vadodara,UPI
PS015-202605-014,PS015,2026-05-02,debit,Shopping,916.34,Amazon / local retail,Vadodara,UPI
PS015-202605-015,PS015,2026-05-12,debit,Shopping,534.88,Amazon / local retail,Vadodara,UPI
PS015-202605-016,PS015,2026-05-21,debit,Shopping,706.27,Amazon / local retail,Vadodara,UPI
PS015-202605-017,PS015,2026-05-30,debit,Shopping,646.51,Amazon / local retail,Vadodara,UPI
PS015-202605-018,PS015,2026-05-03,debit,Transport,195.25,Metro / fuel,Vadodara,UPI
PS015-202605-019,PS015,2026-05-07,debit,Transport,203.51,Metro / fuel,Vadodara,UPI
PS015-202605-020,PS015,2026-05-11,debit,Transport,193.64,Metro / fuel,Vadodara,UPI
PS015-202605-021,PS015,2026-05-15,debit,Transport,246.69,Metro / fuel,Vadodara,UPI
PS015-202605-022,PS015,2026-05-18,debit,Transport,214.46,Metro / fuel,Vadodara,UPI
PS015-202605-023,PS015,2026-05-23,debit,Transport,336.24,Metro / fuel,Vadodara,UPI
PS015-202605-024,PS015,2026-05-27,debit,Transport,221.36,Metro / fuel,Vadodara,UPI
PS015-202605-025,PS015,2026-05-31,debit,Transport,258.85,Metro / fuel,Vadodara,UPI
PS015-202605-026,PS015,2026-05-02,debit,Bills,564.9,Electricity / mobile,Vadodara,UPI
PS015-202605-027,PS015,2026-05-17,debit,Bills,874.94,Electricity / mobile,Vadodara,UPI
PS015-202605-028,PS015,2026-05-31,debit,Bills,897.16,Electricity / mobile,Vadodara,UPI
PS015-202605-029,PS015,2026-05-02,debit,Rent,7245,Monthly rent,Vadodara,NEFT
PS015-202605-030,PS015,2026-05-02,debit,Education,584,Learning centre,Vadodara,UPI
PS015-202605-031,PS015,2026-05-03,debit,Healthcare,584,Pharmacy,Vadodara,UPI
PS015-202605-032,PS015,2026-05-02,debit,Entertainment,378.43,Cinema / streaming,Vadodara,UPI
PS015-202605-033,PS015,2026-05-17,debit,Entertainment,413.6,Cinema / streaming,Vadodara,UPI
PS015-202605-034,PS015,2026-05-31,debit,Entertainment,259.97,Cinema / streaming,Vadodara,UPI
PS015-202605-035,PS015,2026-05-02,debit,Investment,1402,Recurring investment,Vadodara,UPI
PS015-202605-036,PS015,2026-05-03,debit,UPI Transfer,610.6,Household transfer,Vadodara,UPI
PS015-202605-037,PS015,2026-05-30,debit,UPI Transfer,441.4,Household transfer,Vadodara,UPI
PS015-202605-038,PS015,2026-05-03,debit,Other,228.5,Everyday purchase,Vadodara,UPI
PS015-202605-039,PS015,2026-05-31,debit,Other,238.5,Everyday purchase,Vadodara,UPI
PS015-202605-040,PS015,2026-05-05,debit,EMI,11000,Scheduled loan EMI,Vadodara,Auto debit
PS015-202606-001,PS015,2026-06-01,credit,Salary,41000,Monthly salary,Vadodara,NEFT
PS015-202606-002,PS015,2026-06-03,debit,Food,332.9,Swiggy / local groceries,Vadodara,UPI
PS015-202606-003,PS015,2026-06-04,debit,Food,386.3,Swiggy / local groceries,Vadodara,UPI
PS015-202606-004,PS015,2026-06-06,debit,Food,308.16,Swiggy / local groceries,Vadodara,UPI
PS015-202606-005,PS015,2026-06-09,debit,Food,381.34,Swiggy / local groceries,Vadodara,UPI
PS015-202606-006,PS015,2026-06-11,debit,Food,405.15,Swiggy / local groceries,Vadodara,UPI
PS015-202606-007,PS015,2026-06-15,debit,Food,271.46,Swiggy / local groceries,Vadodara,UPI
PS015-202606-008,PS015,2026-06-17,debit,Food,237.33,Swiggy / local groceries,Vadodara,UPI
PS015-202606-009,PS015,2026-06-19,debit,Food,256.7,Swiggy / local groceries,Vadodara,UPI
PS015-202606-010,PS015,2026-06-22,debit,Food,347.09,Swiggy / local groceries,Vadodara,UPI
PS015-202606-011,PS015,2026-06-25,debit,Food,349.72,Swiggy / local groceries,Vadodara,UPI
PS015-202606-012,PS015,2026-06-27,debit,Food,402.57,Swiggy / local groceries,Vadodara,UPI
PS015-202606-013,PS015,2026-06-30,debit,Food,294.28,Swiggy / local groceries,Vadodara,UPI
PS015-202606-014,PS015,2026-06-03,debit,Shopping,700.89,Amazon / local retail,Vadodara,UPI
PS015-202606-015,PS015,2026-06-11,debit,Shopping,770.72,Amazon / local retail,Vadodara,UPI
PS015-202606-016,PS015,2026-06-20,debit,Shopping,675.22,Amazon / local retail,Vadodara,UPI
PS015-202606-017,PS015,2026-06-29,debit,Shopping,657.17,Amazon / local retail,Vadodara,UPI
PS015-202606-018,PS015,2026-06-02,debit,Transport,215.73,Metro / fuel,Vadodara,UPI
PS015-202606-019,PS015,2026-06-06,debit,Transport,205.31,Metro / fuel,Vadodara,UPI
PS015-202606-020,PS015,2026-06-09,debit,Transport,215.01,Metro / fuel,Vadodara,UPI
PS015-202606-021,PS015,2026-06-14,debit,Transport,238.34,Metro / fuel,Vadodara,UPI
PS015-202606-022,PS015,2026-06-18,debit,Transport,267.8,Metro / fuel,Vadodara,UPI
PS015-202606-023,PS015,2026-06-22,debit,Transport,182.85,Metro / fuel,Vadodara,UPI
PS015-202606-024,PS015,2026-06-25,debit,Transport,260.41,Metro / fuel,Vadodara,UPI
PS015-202606-025,PS015,2026-06-30,debit,Transport,284.55,Metro / fuel,Vadodara,UPI
PS015-202606-026,PS015,2026-06-03,debit,Bills,802.6,Electricity / mobile,Vadodara,UPI
PS015-202606-027,PS015,2026-06-16,debit,Bills,767.71,Electricity / mobile,Vadodara,UPI
PS015-202606-028,PS015,2026-06-29,debit,Bills,766.69,Electricity / mobile,Vadodara,UPI
PS015-202606-029,PS015,2026-06-02,debit,Rent,7245,Monthly rent,Vadodara,NEFT
PS015-202606-030,PS015,2026-06-03,debit,Education,584,Learning centre,Vadodara,UPI
PS015-202606-031,PS015,2026-06-02,debit,Healthcare,584,Pharmacy,Vadodara,UPI
PS015-202606-032,PS015,2026-06-03,debit,Entertainment,359.95,Cinema / streaming,Vadodara,UPI
PS015-202606-033,PS015,2026-06-16,debit,Entertainment,367.93,Cinema / streaming,Vadodara,UPI
PS015-202606-034,PS015,2026-06-29,debit,Entertainment,324.12,Cinema / streaming,Vadodara,UPI
PS015-202606-035,PS015,2026-06-03,debit,Investment,1402,Recurring investment,Vadodara,UPI
PS015-202606-036,PS015,2026-06-02,debit,UPI Transfer,542.79,Household transfer,Vadodara,UPI
PS015-202606-037,PS015,2026-06-30,debit,UPI Transfer,509.21,Household transfer,Vadodara,UPI
PS015-202606-038,PS015,2026-06-02,debit,Other,262.6,Everyday purchase,Vadodara,UPI
PS015-202606-039,PS015,2026-06-30,debit,Other,204.4,Everyday purchase,Vadodara,UPI
PS015-202606-040,PS015,2026-06-05,debit,EMI,11000,Scheduled loan EMI,Vadodara,Auto debit
PS015-202607-001,PS015,2026-07-01,credit,Salary,22550,Monthly salary,Vadodara,NEFT
PS015-202607-002,PS015,2026-07-02,debit,Food,370.89,Swiggy / local groceries,Vadodara,UPI
PS015-202607-003,PS015,2026-07-05,debit,Food,347.17,Swiggy / local groceries,Vadodara,UPI
PS015-202607-004,PS015,2026-07-08,debit,Food,286.39,Swiggy / local groceries,Vadodara,UPI
PS015-202607-005,PS015,2026-07-09,debit,Food,361.34,Swiggy / local groceries,Vadodara,UPI
PS015-202607-006,PS015,2026-07-13,debit,Food,262.58,Swiggy / local groceries,Vadodara,UPI
PS015-202607-007,PS015,2026-07-15,debit,Food,376.33,Swiggy / local groceries,Vadodara,UPI
PS015-202607-008,PS015,2026-07-17,debit,Food,364.21,Swiggy / local groceries,Vadodara,UPI
PS015-202607-009,PS015,2026-07-19,debit,Food,387.51,Swiggy / local groceries,Vadodara,UPI
PS015-202607-010,PS015,2026-07-23,debit,Food,278.44,Swiggy / local groceries,Vadodara,UPI
PS015-202607-011,PS015,2026-07-25,debit,Food,390.04,Swiggy / local groceries,Vadodara,UPI
PS015-202607-012,PS015,2026-07-27,debit,Food,261.78,Swiggy / local groceries,Vadodara,UPI
PS015-202607-013,PS015,2026-07-30,debit,Food,286.32,Swiggy / local groceries,Vadodara,UPI
PS015-202607-014,PS015,2026-07-03,debit,Shopping,572.64,Amazon / local retail,Vadodara,UPI
PS015-202607-015,PS015,2026-07-12,debit,Shopping,882.39,Amazon / local retail,Vadodara,UPI
PS015-202607-016,PS015,2026-07-20,debit,Shopping,777.64,Amazon / local retail,Vadodara,UPI
PS015-202607-017,PS015,2026-07-31,debit,Shopping,571.33,Amazon / local retail,Vadodara,UPI
PS015-202607-018,PS015,2026-07-02,debit,Transport,235.43,Metro / fuel,Vadodara,UPI
PS015-202607-019,PS015,2026-07-07,debit,Transport,236.31,Metro / fuel,Vadodara,UPI
PS015-202607-020,PS015,2026-07-11,debit,Transport,278.73,Metro / fuel,Vadodara,UPI
PS015-202607-021,PS015,2026-07-15,debit,Transport,251.04,Metro / fuel,Vadodara,UPI
PS015-202607-022,PS015,2026-07-19,debit,Transport,180.26,Metro / fuel,Vadodara,UPI
PS015-202607-023,PS015,2026-07-22,debit,Transport,210.65,Metro / fuel,Vadodara,UPI
PS015-202607-024,PS015,2026-07-27,debit,Transport,177.71,Metro / fuel,Vadodara,UPI
PS015-202607-025,PS015,2026-07-30,debit,Transport,299.87,Metro / fuel,Vadodara,UPI
PS015-202607-026,PS015,2026-07-03,debit,Bills,742.52,Electricity / mobile,Vadodara,UPI
PS015-202607-027,PS015,2026-07-16,debit,Bills,781.36,Electricity / mobile,Vadodara,UPI
PS015-202607-028,PS015,2026-07-31,debit,Bills,813.12,Electricity / mobile,Vadodara,UPI
PS015-202607-029,PS015,2026-07-03,debit,Rent,7245,Monthly rent,Vadodara,NEFT
PS015-202607-030,PS015,2026-07-03,debit,Education,584,Learning centre,Vadodara,UPI
PS015-202607-031,PS015,2026-07-03,debit,Healthcare,584,Pharmacy,Vadodara,UPI
PS015-202607-032,PS015,2026-07-02,debit,Entertainment,293.11,Cinema / streaming,Vadodara,UPI
PS015-202607-033,PS015,2026-07-16,debit,Entertainment,414.67,Cinema / streaming,Vadodara,UPI
PS015-202607-034,PS015,2026-07-30,debit,Entertainment,344.22,Cinema / streaming,Vadodara,UPI
PS015-202607-035,PS015,2026-07-03,debit,Investment,1402,Recurring investment,Vadodara,UPI
PS015-202607-036,PS015,2026-07-02,debit,UPI Transfer,570.91,Household transfer,Vadodara,UPI
PS015-202607-037,PS015,2026-07-31,debit,UPI Transfer,481.09,Household transfer,Vadodara,UPI
PS015-202607-038,PS015,2026-07-02,debit,Other,193.63,Everyday purchase,Vadodara,UPI
PS015-202607-039,PS015,2026-07-31,debit,Other,273.37,Everyday purchase,Vadodara,UPI
PS015-202607-040,PS015,2026-07-05,debit,EMI,11000,Scheduled loan EMI,Vadodara,Auto debit
PS015-202608-001,PS015,2026-08-01,credit,Salary,11480,Monthly salary,Vadodara,NEFT
PS015-202608-002,PS015,2026-08-02,debit,Food,399.51,Swiggy / local groceries,Vadodara,UPI
PS015-202608-003,PS015,2026-08-05,debit,Food,360.94,Swiggy / local groceries,Vadodara,UPI
PS015-202608-004,PS015,2026-08-07,debit,Food,279.58,Swiggy / local groceries,Vadodara,UPI
PS015-202608-005,PS015,2026-08-09,debit,Food,381.58,Swiggy / local groceries,Vadodara,UPI
PS015-202608-006,PS015,2026-08-12,debit,Food,244.47,Swiggy / local groceries,Vadodara,UPI
PS015-202608-007,PS015,2026-08-14,debit,Food,347.98,Swiggy / local groceries,Vadodara,UPI
PS015-202608-008,PS015,2026-08-18,debit,Food,375.5,Swiggy / local groceries,Vadodara,UPI
PS015-202608-009,PS015,2026-08-20,debit,Food,336.6,Swiggy / local groceries,Vadodara,UPI
PS015-202608-010,PS015,2026-08-23,debit,Food,231.87,Swiggy / local groceries,Vadodara,UPI
PS015-202608-011,PS015,2026-08-24,debit,Food,312.22,Swiggy / local groceries,Vadodara,UPI
PS015-202608-012,PS015,2026-08-27,debit,Food,312.68,Swiggy / local groceries,Vadodara,UPI
PS015-202608-013,PS015,2026-08-31,debit,Food,390.07,Swiggy / local groceries,Vadodara,UPI
PS015-202608-014,PS015,2026-08-02,debit,Shopping,810.76,Amazon / local retail,Vadodara,UPI
PS015-202608-015,PS015,2026-08-12,debit,Shopping,536.55,Amazon / local retail,Vadodara,UPI
PS015-202608-016,PS015,2026-08-21,debit,Shopping,744.1,Amazon / local retail,Vadodara,UPI
PS015-202608-017,PS015,2026-08-30,debit,Shopping,712.59,Amazon / local retail,Vadodara,UPI
PS015-202608-018,PS015,2026-08-03,debit,Transport,169.46,Metro / fuel,Vadodara,UPI
PS015-202608-019,PS015,2026-08-06,debit,Transport,270.43,Metro / fuel,Vadodara,UPI
PS015-202608-020,PS015,2026-08-11,debit,Transport,260.75,Metro / fuel,Vadodara,UPI
PS015-202608-021,PS015,2026-08-14,debit,Transport,191.05,Metro / fuel,Vadodara,UPI
PS015-202608-022,PS015,2026-08-19,debit,Transport,257.63,Metro / fuel,Vadodara,UPI
PS015-202608-023,PS015,2026-08-23,debit,Transport,232.44,Metro / fuel,Vadodara,UPI
PS015-202608-024,PS015,2026-08-26,debit,Transport,238.64,Metro / fuel,Vadodara,UPI
PS015-202608-025,PS015,2026-08-31,debit,Transport,249.6,Metro / fuel,Vadodara,UPI
PS015-202608-026,PS015,2026-08-03,debit,Bills,584.87,Electricity / mobile,Vadodara,UPI
PS015-202608-027,PS015,2026-08-17,debit,Bills,1008.83,Electricity / mobile,Vadodara,UPI
PS015-202608-028,PS015,2026-08-31,debit,Bills,743.3,Electricity / mobile,Vadodara,UPI
PS015-202608-029,PS015,2026-08-03,debit,Rent,7245,Monthly rent,Vadodara,NEFT
PS015-202608-030,PS015,2026-08-03,debit,Education,584,Learning centre,Vadodara,UPI
PS015-202608-031,PS015,2026-08-02,debit,Healthcare,584,Pharmacy,Vadodara,UPI
PS015-202608-032,PS015,2026-08-02,debit,Entertainment,407.13,Cinema / streaming,Vadodara,UPI
PS015-202608-033,PS015,2026-08-16,debit,Entertainment,260.07,Cinema / streaming,Vadodara,UPI
PS015-202608-034,PS015,2026-08-30,debit,Entertainment,384.8,Cinema / streaming,Vadodara,UPI
PS015-202608-035,PS015,2026-08-02,debit,Investment,1402,Recurring investment,Vadodara,UPI
PS015-202608-036,PS015,2026-08-03,debit,UPI Transfer,547.04,Household transfer,Vadodara,UPI
PS015-202608-037,PS015,2026-08-30,debit,UPI Transfer,504.96,Household transfer,Vadodara,UPI
PS015-202608-038,PS015,2026-08-02,debit,Other,270.51,Everyday purchase,Vadodara,UPI
PS015-202608-039,PS015,2026-08-31,debit,Other,196.49,Everyday purchase,Vadodara,UPI
PS016-202512-001,PS016,2025-12-01,credit,Salary,49000,Monthly salary,Delhi,NEFT
PS016-202512-002,PS016,2025-12-03,debit,Food,413.39,Swiggy / local groceries,Delhi,UPI
PS016-202512-003,PS016,2025-12-05,debit,Food,375.72,Swiggy / local groceries,Delhi,UPI
PS016-202512-004,PS016,2025-12-08,debit,Food,297.41,Swiggy / local groceries,Delhi,UPI
PS016-202512-005,PS016,2025-12-10,debit,Food,279.78,Swiggy / local groceries,Delhi,UPI
PS016-202512-006,PS016,2025-12-12,debit,Food,269.27,Swiggy / local groceries,Delhi,UPI
PS016-202512-007,PS016,2025-12-14,debit,Food,446.08,Swiggy / local groceries,Delhi,UPI
PS016-202512-008,PS016,2025-12-17,debit,Food,337.22,Swiggy / local groceries,Delhi,UPI
PS016-202512-009,PS016,2025-12-20,debit,Food,439.32,Swiggy / local groceries,Delhi,UPI
PS016-202512-010,PS016,2025-12-23,debit,Food,394.44,Swiggy / local groceries,Delhi,UPI
PS016-202512-011,PS016,2025-12-25,debit,Food,300.26,Swiggy / local groceries,Delhi,UPI
PS016-202512-012,PS016,2025-12-27,debit,Food,351.87,Swiggy / local groceries,Delhi,UPI
PS016-202512-013,PS016,2025-12-31,debit,Food,343.24,Swiggy / local groceries,Delhi,UPI
PS016-202512-014,PS016,2025-12-02,debit,Shopping,883.24,Amazon / local retail,Delhi,UPI
PS016-202512-015,PS016,2025-12-12,debit,Shopping,585.26,Amazon / local retail,Delhi,UPI
PS016-202512-016,PS016,2025-12-21,debit,Shopping,836.03,Amazon / local retail,Delhi,UPI
PS016-202512-017,PS016,2025-12-30,debit,Shopping,694.47,Amazon / local retail,Delhi,UPI
PS016-202512-018,PS016,2025-12-03,debit,Transport,264.4,Metro / fuel,Delhi,UPI
PS016-202512-019,PS016,2025-12-06,debit,Transport,255.85,Metro / fuel,Delhi,UPI
PS016-202512-020,PS016,2025-12-10,debit,Transport,203.68,Metro / fuel,Delhi,UPI
PS016-202512-021,PS016,2025-12-14,debit,Transport,324.97,Metro / fuel,Delhi,UPI
PS016-202512-022,PS016,2025-12-19,debit,Transport,193.76,Metro / fuel,Delhi,UPI
PS016-202512-023,PS016,2025-12-23,debit,Transport,247.18,Metro / fuel,Delhi,UPI
PS016-202512-024,PS016,2025-12-26,debit,Transport,240.19,Metro / fuel,Delhi,UPI
PS016-202512-025,PS016,2025-12-30,debit,Transport,268.97,Metro / fuel,Delhi,UPI
PS016-202512-026,PS016,2025-12-03,debit,Bills,739.5,Electricity / mobile,Delhi,UPI
PS016-202512-027,PS016,2025-12-16,debit,Bills,969.21,Electricity / mobile,Delhi,UPI
PS016-202512-028,PS016,2025-12-31,debit,Bills,790.29,Electricity / mobile,Delhi,UPI
PS016-202512-029,PS016,2025-12-02,debit,Rent,7747,Monthly rent,Delhi,NEFT
PS016-202512-030,PS016,2025-12-02,debit,Education,625,Learning centre,Delhi,UPI
PS016-202512-031,PS016,2025-12-03,debit,Healthcare,625,Pharmacy,Delhi,UPI
PS016-202512-032,PS016,2025-12-03,debit,Entertainment,377.16,Cinema / streaming,Delhi,UPI
PS016-202512-033,PS016,2025-12-16,debit,Entertainment,383.94,Cinema / streaming,Delhi,UPI
PS016-202512-034,PS016,2025-12-31,debit,Entertainment,363.9,Cinema / streaming,Delhi,UPI
PS016-202512-035,PS016,2025-12-03,debit,Investment,1499,Recurring investment,Delhi,UPI
PS016-202512-036,PS016,2025-12-03,debit,UPI Transfer,570.67,Household transfer,Delhi,UPI
PS016-202512-037,PS016,2025-12-30,debit,UPI Transfer,554.33,Household transfer,Delhi,UPI
PS016-202512-038,PS016,2025-12-02,debit,Other,182.62,Everyday purchase,Delhi,UPI
PS016-202512-039,PS016,2025-12-30,debit,Other,317.38,Everyday purchase,Delhi,UPI
PS016-202512-040,PS016,2025-12-05,debit,EMI,5500,Scheduled loan EMI,Delhi,Auto debit
PS016-202601-001,PS016,2026-01-01,credit,Salary,49000,Monthly salary,Delhi,NEFT
PS016-202601-002,PS016,2026-01-03,debit,Food,377.32,Swiggy / local groceries,Delhi,UPI
PS016-202601-003,PS016,2026-01-05,debit,Food,313.61,Swiggy / local groceries,Delhi,UPI
PS016-202601-004,PS016,2026-01-07,debit,Food,374.14,Swiggy / local groceries,Delhi,UPI
PS016-202601-005,PS016,2026-01-10,debit,Food,343.63,Swiggy / local groceries,Delhi,UPI
PS016-202601-006,PS016,2026-01-12,debit,Food,395.26,Swiggy / local groceries,Delhi,UPI
PS016-202601-007,PS016,2026-01-14,debit,Food,305.32,Swiggy / local groceries,Delhi,UPI
PS016-202601-008,PS016,2026-01-17,debit,Food,387.85,Swiggy / local groceries,Delhi,UPI
PS016-202601-009,PS016,2026-01-19,debit,Food,307.83,Swiggy / local groceries,Delhi,UPI
PS016-202601-010,PS016,2026-01-23,debit,Food,365.18,Swiggy / local groceries,Delhi,UPI
PS016-202601-011,PS016,2026-01-24,debit,Food,304.26,Swiggy / local groceries,Delhi,UPI
PS016-202601-012,PS016,2026-01-27,debit,Food,321.51,Swiggy / local groceries,Delhi,UPI
PS016-202601-013,PS016,2026-01-30,debit,Food,344.09,Swiggy / local groceries,Delhi,UPI
PS016-202601-014,PS016,2026-01-02,debit,Shopping,726.67,Amazon / local retail,Delhi,UPI
PS016-202601-015,PS016,2026-01-12,debit,Shopping,737.27,Amazon / local retail,Delhi,UPI
PS016-202601-016,PS016,2026-01-20,debit,Shopping,564.8,Amazon / local retail,Delhi,UPI
PS016-202601-017,PS016,2026-01-30,debit,Shopping,893.26,Amazon / local retail,Delhi,UPI
PS016-202601-018,PS016,2026-01-03,debit,Transport,175.88,Metro / fuel,Delhi,UPI
PS016-202601-019,PS016,2026-01-06,debit,Transport,268.02,Metro / fuel,Delhi,UPI
PS016-202601-020,PS016,2026-01-10,debit,Transport,224.15,Metro / fuel,Delhi,UPI
PS016-202601-021,PS016,2026-01-15,debit,Transport,245.72,Metro / fuel,Delhi,UPI
PS016-202601-022,PS016,2026-01-18,debit,Transport,293.29,Metro / fuel,Delhi,UPI
PS016-202601-023,PS016,2026-01-23,debit,Transport,234.95,Metro / fuel,Delhi,UPI
PS016-202601-024,PS016,2026-01-27,debit,Transport,284.56,Metro / fuel,Delhi,UPI
PS016-202601-025,PS016,2026-01-31,debit,Transport,221.43,Metro / fuel,Delhi,UPI
PS016-202601-026,PS016,2026-01-03,debit,Bills,807.47,Electricity / mobile,Delhi,UPI
PS016-202601-027,PS016,2026-01-17,debit,Bills,931.15,Electricity / mobile,Delhi,UPI
PS016-202601-028,PS016,2026-01-31,debit,Bills,696.38,Electricity / mobile,Delhi,UPI
PS016-202601-029,PS016,2026-01-03,debit,Rent,7549,Monthly rent,Delhi,NEFT
PS016-202601-030,PS016,2026-01-02,debit,Education,609,Learning centre,Delhi,UPI
PS016-202601-031,PS016,2026-01-03,debit,Healthcare,609,Pharmacy,Delhi,UPI
PS016-202601-032,PS016,2026-01-02,debit,Entertainment,296.15,Cinema / streaming,Delhi,UPI
PS016-202601-033,PS016,2026-01-16,debit,Entertainment,389.53,Cinema / streaming,Delhi,UPI
PS016-202601-034,PS016,2026-01-31,debit,Entertainment,410.32,Cinema / streaming,Delhi,UPI
PS016-202601-035,PS016,2026-01-02,debit,Investment,1461,Recurring investment,Delhi,UPI
PS016-202601-036,PS016,2026-01-02,debit,UPI Transfer,563.27,Household transfer,Delhi,UPI
PS016-202601-037,PS016,2026-01-31,debit,UPI Transfer,532.73,Household transfer,Delhi,UPI
PS016-202601-038,PS016,2026-01-03,debit,Other,192.45,Everyday purchase,Delhi,UPI
PS016-202601-039,PS016,2026-01-31,debit,Other,294.55,Everyday purchase,Delhi,UPI
PS016-202601-040,PS016,2026-01-05,debit,EMI,5500,Scheduled loan EMI,Delhi,Auto debit
PS016-202602-001,PS016,2026-02-01,credit,Salary,49000,Monthly salary,Delhi,NEFT
PS016-202602-002,PS016,2026-02-03,debit,Food,410.47,Swiggy / local groceries,Delhi,UPI
PS016-202602-003,PS016,2026-02-04,debit,Food,435.26,Swiggy / local groceries,Delhi,UPI
PS016-202602-004,PS016,2026-02-06,debit,Food,325.5,Swiggy / local groceries,Delhi,UPI
PS016-202602-005,PS016,2026-02-09,debit,Food,287.23,Swiggy / local groceries,Delhi,UPI
PS016-202602-006,PS016,2026-02-12,debit,Food,304.59,Swiggy / local groceries,Delhi,UPI
PS016-202602-007,PS016,2026-02-13,debit,Food,284.79,Swiggy / local groceries,Delhi,UPI
PS016-202602-008,PS016,2026-02-15,debit,Food,430.69,Swiggy / local groceries,Delhi,UPI
PS016-202602-009,PS016,2026-02-17,debit,Food,338.42,Swiggy / local groceries,Delhi,UPI
PS016-202602-010,PS016,2026-02-21,debit,Food,266.85,Swiggy / local groceries,Delhi,UPI
PS016-202602-011,PS016,2026-02-23,debit,Food,320.67,Swiggy / local groceries,Delhi,UPI
PS016-202602-012,PS016,2026-02-24,debit,Food,274.26,Swiggy / local groceries,Delhi,UPI
PS016-202602-013,PS016,2026-02-28,debit,Food,353.27,Swiggy / local groceries,Delhi,UPI
PS016-202602-014,PS016,2026-02-02,debit,Shopping,868.56,Amazon / local retail,Delhi,UPI
PS016-202602-015,PS016,2026-02-11,debit,Shopping,708.64,Amazon / local retail,Delhi,UPI
PS016-202602-016,PS016,2026-02-18,debit,Shopping,636.09,Amazon / local retail,Delhi,UPI
PS016-202602-017,PS016,2026-02-28,debit,Shopping,632.71,Amazon / local retail,Delhi,UPI
PS016-202602-018,PS016,2026-02-03,debit,Transport,197.53,Metro / fuel,Delhi,UPI
PS016-202602-019,PS016,2026-02-06,debit,Transport,271.59,Metro / fuel,Delhi,UPI
PS016-202602-020,PS016,2026-02-09,debit,Transport,202.54,Metro / fuel,Delhi,UPI
PS016-202602-021,PS016,2026-02-12,debit,Transport,238.3,Metro / fuel,Delhi,UPI
PS016-202602-022,PS016,2026-02-17,debit,Transport,308.87,Metro / fuel,Delhi,UPI
PS016-202602-023,PS016,2026-02-19,debit,Transport,256.28,Metro / fuel,Delhi,UPI
PS016-202602-024,PS016,2026-02-23,debit,Transport,202.75,Metro / fuel,Delhi,UPI
PS016-202602-025,PS016,2026-02-28,debit,Transport,219.14,Metro / fuel,Delhi,UPI
PS016-202602-026,PS016,2026-02-02,debit,Bills,794.09,Electricity / mobile,Delhi,UPI
PS016-202602-027,PS016,2026-02-15,debit,Bills,711.04,Electricity / mobile,Delhi,UPI
PS016-202602-028,PS016,2026-02-27,debit,Bills,866.87,Electricity / mobile,Delhi,UPI
PS016-202602-029,PS016,2026-02-02,debit,Rent,7352,Monthly rent,Delhi,NEFT
PS016-202602-030,PS016,2026-02-02,debit,Education,593,Learning centre,Delhi,UPI
PS016-202602-031,PS016,2026-02-02,debit,Healthcare,593,Pharmacy,Delhi,UPI
PS016-202602-032,PS016,2026-02-02,debit,Entertainment,268.08,Cinema / streaming,Delhi,UPI
PS016-202602-033,PS016,2026-02-14,debit,Entertainment,461.81,Cinema / streaming,Delhi,UPI
PS016-202602-034,PS016,2026-02-27,debit,Entertainment,337.11,Cinema / streaming,Delhi,UPI
PS016-202602-035,PS016,2026-02-02,debit,Investment,1423,Recurring investment,Delhi,UPI
PS016-202602-036,PS016,2026-02-02,debit,UPI Transfer,511.63,Household transfer,Delhi,UPI
PS016-202602-037,PS016,2026-02-28,debit,UPI Transfer,555.37,Household transfer,Delhi,UPI
PS016-202602-038,PS016,2026-02-02,debit,Other,213.65,Everyday purchase,Delhi,UPI
PS016-202602-039,PS016,2026-02-28,debit,Other,260.35,Everyday purchase,Delhi,UPI
PS016-202602-040,PS016,2026-02-05,debit,EMI,5500,Scheduled loan EMI,Delhi,Auto debit
PS016-202603-001,PS016,2026-03-01,credit,Salary,49000,Monthly salary,Delhi,NEFT
PS016-202603-002,PS016,2026-03-02,debit,Food,388.85,Swiggy / local groceries,Delhi,UPI
PS016-202603-003,PS016,2026-03-05,debit,Food,390.47,Swiggy / local groceries,Delhi,UPI
PS016-202603-004,PS016,2026-03-08,debit,Food,313.47,Swiggy / local groceries,Delhi,UPI
PS016-202603-005,PS016,2026-03-09,debit,Food,221.76,Swiggy / local groceries,Delhi,UPI
PS016-202603-006,PS016,2026-03-12,debit,Food,308.94,Swiggy / local groceries,Delhi,UPI
PS016-202603-007,PS016,2026-03-14,debit,Food,378.58,Swiggy / local groceries,Delhi,UPI
PS016-202603-008,PS016,2026-03-17,debit,Food,344.7,Swiggy / local groceries,Delhi,UPI
PS016-202603-009,PS016,2026-03-19,debit,Food,327.21,Swiggy / local groceries,Delhi,UPI
PS016-202603-010,PS016,2026-03-23,debit,Food,313.61,Swiggy / local groceries,Delhi,UPI
PS016-202603-011,PS016,2026-03-24,debit,Food,296.78,Swiggy / local groceries,Delhi,UPI
PS016-202603-012,PS016,2026-03-28,debit,Food,245.32,Swiggy / local groceries,Delhi,UPI
PS016-202603-013,PS016,2026-03-30,debit,Food,393.31,Swiggy / local groceries,Delhi,UPI
PS016-202603-014,PS016,2026-03-02,debit,Shopping,755.25,Amazon / local retail,Delhi,UPI
PS016-202603-015,PS016,2026-03-11,debit,Shopping,795.2,Amazon / local retail,Delhi,UPI
PS016-202603-016,PS016,2026-03-20,debit,Shopping,659.24,Amazon / local retail,Delhi,UPI
PS016-202603-017,PS016,2026-03-30,debit,Shopping,559.31,Amazon / local retail,Delhi,UPI
PS016-202603-018,PS016,2026-03-02,debit,Transport,190.21,Metro / fuel,Delhi,UPI
PS016-202603-019,PS016,2026-03-07,debit,Transport,266.16,Metro / fuel,Delhi,UPI
PS016-202603-020,PS016,2026-03-10,debit,Transport,244.4,Metro / fuel,Delhi,UPI
PS016-202603-021,PS016,2026-03-14,debit,Transport,283.69,Metro / fuel,Delhi,UPI
PS016-202603-022,PS016,2026-03-18,debit,Transport,257.5,Metro / fuel,Delhi,UPI
PS016-202603-023,PS016,2026-03-23,debit,Transport,168.81,Metro / fuel,Delhi,UPI
PS016-202603-024,PS016,2026-03-27,debit,Transport,201.93,Metro / fuel,Delhi,UPI
PS016-202603-025,PS016,2026-03-31,debit,Transport,233.3,Metro / fuel,Delhi,UPI
PS016-202603-026,PS016,2026-03-02,debit,Bills,693.97,Electricity / mobile,Delhi,UPI
PS016-202603-027,PS016,2026-03-16,debit,Bills,761.29,Electricity / mobile,Delhi,UPI
PS016-202603-028,PS016,2026-03-30,debit,Bills,852.74,Electricity / mobile,Delhi,UPI
PS016-202603-029,PS016,2026-03-02,debit,Rent,7154,Monthly rent,Delhi,NEFT
PS016-202603-030,PS016,2026-03-03,debit,Education,577,Learning centre,Delhi,UPI
PS016-202603-031,PS016,2026-03-03,debit,Healthcare,577,Pharmacy,Delhi,UPI
PS016-202603-032,PS016,2026-03-03,debit,Entertainment,291.78,Cinema / streaming,Delhi,UPI
PS016-202603-033,PS016,2026-03-17,debit,Entertainment,434.08,Cinema / streaming,Delhi,UPI
PS016-202603-034,PS016,2026-03-31,debit,Entertainment,313.14,Cinema / streaming,Delhi,UPI
PS016-202603-035,PS016,2026-03-03,debit,Investment,1385,Recurring investment,Delhi,UPI
PS016-202603-036,PS016,2026-03-02,debit,UPI Transfer,541.28,Household transfer,Delhi,UPI
PS016-202603-037,PS016,2026-03-31,debit,UPI Transfer,497.72,Household transfer,Delhi,UPI
PS016-202603-038,PS016,2026-03-02,debit,Other,252.99,Everyday purchase,Delhi,UPI
PS016-202603-039,PS016,2026-03-30,debit,Other,209.01,Everyday purchase,Delhi,UPI
PS016-202603-040,PS016,2026-03-05,debit,EMI,5500,Scheduled loan EMI,Delhi,Auto debit
PS016-202604-001,PS016,2026-04-01,credit,Salary,49000,Monthly salary,Delhi,NEFT
PS016-202604-002,PS016,2026-04-02,debit,Food,310.05,Swiggy / local groceries,Delhi,UPI
PS016-202604-003,PS016,2026-04-04,debit,Food,384.93,Swiggy / local groceries,Delhi,UPI
PS016-202604-004,PS016,2026-04-06,debit,Food,239.63,Swiggy / local groceries,Delhi,UPI
PS016-202604-005,PS016,2026-04-10,debit,Food,283.14,Swiggy / local groceries,Delhi,UPI
PS016-202604-006,PS016,2026-04-12,debit,Food,340.13,Swiggy / local groceries,Delhi,UPI
PS016-202604-007,PS016,2026-04-15,debit,Food,321.97,Swiggy / local groceries,Delhi,UPI
PS016-202604-008,PS016,2026-04-16,debit,Food,282.75,Swiggy / local groceries,Delhi,UPI
PS016-202604-009,PS016,2026-04-20,debit,Food,387.71,Swiggy / local groceries,Delhi,UPI
PS016-202604-010,PS016,2026-04-21,debit,Food,322.78,Swiggy / local groceries,Delhi,UPI
PS016-202604-011,PS016,2026-04-25,debit,Food,342.85,Swiggy / local groceries,Delhi,UPI
PS016-202604-012,PS016,2026-04-27,debit,Food,355.26,Swiggy / local groceries,Delhi,UPI
PS016-202604-013,PS016,2026-04-30,debit,Food,243.8,Swiggy / local groceries,Delhi,UPI
PS016-202604-014,PS016,2026-04-02,debit,Shopping,629.08,Amazon / local retail,Delhi,UPI
PS016-202604-015,PS016,2026-04-11,debit,Shopping,711.48,Amazon / local retail,Delhi,UPI
PS016-202604-016,PS016,2026-04-21,debit,Shopping,728.61,Amazon / local retail,Delhi,UPI
PS016-202604-017,PS016,2026-04-30,debit,Shopping,623.83,Amazon / local retail,Delhi,UPI
PS016-202604-018,PS016,2026-04-02,debit,Transport,221.92,Metro / fuel,Delhi,UPI
PS016-202604-019,PS016,2026-04-05,debit,Transport,272.91,Metro / fuel,Delhi,UPI
PS016-202604-020,PS016,2026-04-10,debit,Transport,206.65,Metro / fuel,Delhi,UPI
PS016-202604-021,PS016,2026-04-13,debit,Transport,180.27,Metro / fuel,Delhi,UPI
PS016-202604-022,PS016,2026-04-18,debit,Transport,230.3,Metro / fuel,Delhi,UPI
PS016-202604-023,PS016,2026-04-22,debit,Transport,161.84,Metro / fuel,Delhi,UPI
PS016-202604-024,PS016,2026-04-25,debit,Transport,281.4,Metro / fuel,Delhi,UPI
PS016-202604-025,PS016,2026-04-29,debit,Transport,239.71,Metro / fuel,Delhi,UPI
PS016-202604-026,PS016,2026-04-02,debit,Bills,691.77,Electricity / mobile,Delhi,UPI
PS016-202604-027,PS016,2026-04-16,debit,Bills,756.16,Electricity / mobile,Delhi,UPI
PS016-202604-028,PS016,2026-04-29,debit,Bills,796.07,Electricity / mobile,Delhi,UPI
PS016-202604-029,PS016,2026-04-02,debit,Rent,6957,Monthly rent,Delhi,NEFT
PS016-202604-030,PS016,2026-04-03,debit,Education,561,Learning centre,Delhi,UPI
PS016-202604-031,PS016,2026-04-03,debit,Healthcare,561,Pharmacy,Delhi,UPI
PS016-202604-032,PS016,2026-04-02,debit,Entertainment,403.89,Cinema / streaming,Delhi,UPI
PS016-202604-033,PS016,2026-04-15,debit,Entertainment,327.19,Cinema / streaming,Delhi,UPI
PS016-202604-034,PS016,2026-04-29,debit,Entertainment,278.92,Cinema / streaming,Delhi,UPI
PS016-202604-035,PS016,2026-04-02,debit,Investment,1347,Recurring investment,Delhi,UPI
PS016-202604-036,PS016,2026-04-03,debit,UPI Transfer,431.48,Household transfer,Delhi,UPI
PS016-202604-037,PS016,2026-04-29,debit,UPI Transfer,578.52,Household transfer,Delhi,UPI
PS016-202604-038,PS016,2026-04-03,debit,Other,213.73,Everyday purchase,Delhi,UPI
PS016-202604-039,PS016,2026-04-29,debit,Other,235.27,Everyday purchase,Delhi,UPI
PS016-202604-040,PS016,2026-04-05,debit,EMI,5500,Scheduled loan EMI,Delhi,Auto debit
PS016-202605-001,PS016,2026-05-01,credit,Salary,49000,Monthly salary,Delhi,NEFT
PS016-202605-002,PS016,2026-05-03,debit,Food,335.88,Swiggy / local groceries,Delhi,UPI
PS016-202605-003,PS016,2026-05-05,debit,Food,350.17,Swiggy / local groceries,Delhi,UPI
PS016-202605-004,PS016,2026-05-07,debit,Food,275.99,Swiggy / local groceries,Delhi,UPI
PS016-202605-005,PS016,2026-05-09,debit,Food,291.19,Swiggy / local groceries,Delhi,UPI
PS016-202605-006,PS016,2026-05-12,debit,Food,308.39,Swiggy / local groceries,Delhi,UPI
PS016-202605-007,PS016,2026-05-14,debit,Food,275.93,Swiggy / local groceries,Delhi,UPI
PS016-202605-008,PS016,2026-05-17,debit,Food,316.54,Swiggy / local groceries,Delhi,UPI
PS016-202605-009,PS016,2026-05-20,debit,Food,344.77,Swiggy / local groceries,Delhi,UPI
PS016-202605-010,PS016,2026-05-22,debit,Food,369.59,Swiggy / local groceries,Delhi,UPI
PS016-202605-011,PS016,2026-05-25,debit,Food,288.26,Swiggy / local groceries,Delhi,UPI
PS016-202605-012,PS016,2026-05-28,debit,Food,244.99,Swiggy / local groceries,Delhi,UPI
PS016-202605-013,PS016,2026-05-31,debit,Food,305.3,Swiggy / local groceries,Delhi,UPI
PS016-202605-014,PS016,2026-05-02,debit,Shopping,661.86,Amazon / local retail,Delhi,UPI
PS016-202605-015,PS016,2026-05-11,debit,Shopping,465.03,Amazon / local retail,Delhi,UPI
PS016-202605-016,PS016,2026-05-21,debit,Shopping,732.03,Amazon / local retail,Delhi,UPI
PS016-202605-017,PS016,2026-05-30,debit,Shopping,758.08,Amazon / local retail,Delhi,UPI
PS016-202605-018,PS016,2026-05-02,debit,Transport,193.95,Metro / fuel,Delhi,UPI
PS016-202605-019,PS016,2026-05-06,debit,Transport,265.45,Metro / fuel,Delhi,UPI
PS016-202605-020,PS016,2026-05-11,debit,Transport,205.96,Metro / fuel,Delhi,UPI
PS016-202605-021,PS016,2026-05-14,debit,Transport,248.41,Metro / fuel,Delhi,UPI
PS016-202605-022,PS016,2026-05-18,debit,Transport,176.38,Metro / fuel,Delhi,UPI
PS016-202605-023,PS016,2026-05-23,debit,Transport,200.95,Metro / fuel,Delhi,UPI
PS016-202605-024,PS016,2026-05-27,debit,Transport,270.04,Metro / fuel,Delhi,UPI
PS016-202605-025,PS016,2026-05-30,debit,Transport,182.86,Metro / fuel,Delhi,UPI
PS016-202605-026,PS016,2026-05-02,debit,Bills,792.62,Electricity / mobile,Delhi,UPI
PS016-202605-027,PS016,2026-05-17,debit,Bills,578.57,Electricity / mobile,Delhi,UPI
PS016-202605-028,PS016,2026-05-30,debit,Bills,808.81,Electricity / mobile,Delhi,UPI
PS016-202605-029,PS016,2026-05-03,debit,Rent,6760,Monthly rent,Delhi,NEFT
PS016-202605-030,PS016,2026-05-03,debit,Education,545,Learning centre,Delhi,UPI
PS016-202605-031,PS016,2026-05-03,debit,Healthcare,545,Pharmacy,Delhi,UPI
PS016-202605-032,PS016,2026-05-03,debit,Entertainment,301.24,Cinema / streaming,Delhi,UPI
PS016-202605-033,PS016,2026-05-16,debit,Entertainment,368.07,Cinema / streaming,Delhi,UPI
PS016-202605-034,PS016,2026-05-31,debit,Entertainment,311.69,Cinema / streaming,Delhi,UPI
PS016-202605-035,PS016,2026-05-02,debit,Investment,1308,Recurring investment,Delhi,UPI
PS016-202605-036,PS016,2026-05-02,debit,UPI Transfer,467.38,Household transfer,Delhi,UPI
PS016-202605-037,PS016,2026-05-31,debit,UPI Transfer,513.62,Household transfer,Delhi,UPI
PS016-202605-038,PS016,2026-05-02,debit,Other,227.99,Everyday purchase,Delhi,UPI
PS016-202605-039,PS016,2026-05-31,debit,Other,208.01,Everyday purchase,Delhi,UPI
PS016-202605-040,PS016,2026-05-05,debit,EMI,5500,Scheduled loan EMI,Delhi,Auto debit
PS016-202606-001,PS016,2026-06-01,credit,Salary,49000,Monthly salary,Delhi,NEFT
PS016-202606-002,PS016,2026-06-02,debit,Food,319.1,Swiggy / local groceries,Delhi,UPI
PS016-202606-003,PS016,2026-06-04,debit,Food,351.85,Swiggy / local groceries,Delhi,UPI
PS016-202606-004,PS016,2026-06-07,debit,Food,203.88,Swiggy / local groceries,Delhi,UPI
PS016-202606-005,PS016,2026-06-10,debit,Food,224.5,Swiggy / local groceries,Delhi,UPI
PS016-202606-006,PS016,2026-06-12,debit,Food,275.63,Swiggy / local groceries,Delhi,UPI
PS016-202606-007,PS016,2026-06-14,debit,Food,213.04,Swiggy / local groceries,Delhi,UPI
PS016-202606-008,PS016,2026-06-17,debit,Food,361.73,Swiggy / local groceries,Delhi,UPI
PS016-202606-009,PS016,2026-06-19,debit,Food,367.84,Swiggy / local groceries,Delhi,UPI
PS016-202606-010,PS016,2026-06-21,debit,Food,276.63,Swiggy / local groceries,Delhi,UPI
PS016-202606-011,PS016,2026-06-25,debit,Food,354.8,Swiggy / local groceries,Delhi,UPI
PS016-202606-012,PS016,2026-06-26,debit,Food,298.37,Swiggy / local groceries,Delhi,UPI
PS016-202606-013,PS016,2026-06-30,debit,Food,351.63,Swiggy / local groceries,Delhi,UPI
PS016-202606-014,PS016,2026-06-02,debit,Shopping,727.91,Amazon / local retail,Delhi,UPI
PS016-202606-015,PS016,2026-06-12,debit,Shopping,628.45,Amazon / local retail,Delhi,UPI
PS016-202606-016,PS016,2026-06-20,debit,Shopping,766.96,Amazon / local retail,Delhi,UPI
PS016-202606-017,PS016,2026-06-29,debit,Shopping,416.68,Amazon / local retail,Delhi,UPI
PS016-202606-018,PS016,2026-06-02,debit,Transport,246.52,Metro / fuel,Delhi,UPI
PS016-202606-019,PS016,2026-06-06,debit,Transport,160.82,Metro / fuel,Delhi,UPI
PS016-202606-020,PS016,2026-06-10,debit,Transport,235.84,Metro / fuel,Delhi,UPI
PS016-202606-021,PS016,2026-06-13,debit,Transport,214.73,Metro / fuel,Delhi,UPI
PS016-202606-022,PS016,2026-06-17,debit,Transport,225.18,Metro / fuel,Delhi,UPI
PS016-202606-023,PS016,2026-06-21,debit,Transport,167.48,Metro / fuel,Delhi,UPI
PS016-202606-024,PS016,2026-06-25,debit,Transport,230.36,Metro / fuel,Delhi,UPI
PS016-202606-025,PS016,2026-06-29,debit,Transport,212.07,Metro / fuel,Delhi,UPI
PS016-202606-026,PS016,2026-06-02,debit,Bills,721.19,Electricity / mobile,Delhi,UPI
PS016-202606-027,PS016,2026-06-16,debit,Bills,685.24,Electricity / mobile,Delhi,UPI
PS016-202606-028,PS016,2026-06-30,debit,Bills,710.57,Electricity / mobile,Delhi,UPI
PS016-202606-029,PS016,2026-06-03,debit,Rent,6562,Monthly rent,Delhi,NEFT
PS016-202606-030,PS016,2026-06-02,debit,Education,529,Learning centre,Delhi,UPI
PS016-202606-031,PS016,2026-06-02,debit,Healthcare,529,Pharmacy,Delhi,UPI
PS016-202606-032,PS016,2026-06-03,debit,Entertainment,360.18,Cinema / streaming,Delhi,UPI
PS016-202606-033,PS016,2026-06-15,debit,Entertainment,247.69,Cinema / streaming,Delhi,UPI
PS016-202606-034,PS016,2026-06-30,debit,Entertainment,345.13,Cinema / streaming,Delhi,UPI
PS016-202606-035,PS016,2026-06-02,debit,Investment,1270,Recurring investment,Delhi,UPI
PS016-202606-036,PS016,2026-06-02,debit,UPI Transfer,502.48,Household transfer,Delhi,UPI
PS016-202606-037,PS016,2026-06-29,debit,UPI Transfer,450.52,Household transfer,Delhi,UPI
PS016-202606-038,PS016,2026-06-02,debit,Other,205.87,Everyday purchase,Delhi,UPI
PS016-202606-039,PS016,2026-06-30,debit,Other,217.13,Everyday purchase,Delhi,UPI
PS016-202606-040,PS016,2026-06-05,debit,EMI,5500,Scheduled loan EMI,Delhi,Auto debit
PS016-202607-001,PS016,2026-07-01,credit,Salary,49000,Monthly salary,Delhi,NEFT
PS016-202607-002,PS016,2026-07-02,debit,Food,359.67,Swiggy / local groceries,Delhi,UPI
PS016-202607-003,PS016,2026-07-04,debit,Food,280.51,Swiggy / local groceries,Delhi,UPI
PS016-202607-004,PS016,2026-07-08,debit,Food,305.83,Swiggy / local groceries,Delhi,UPI
PS016-202607-005,PS016,2026-07-09,debit,Food,316.67,Swiggy / local groceries,Delhi,UPI
PS016-202607-006,PS016,2026-07-12,debit,Food,271.79,Swiggy / local groceries,Delhi,UPI
PS016-202607-007,PS016,2026-07-15,debit,Food,278.73,Swiggy / local groceries,Delhi,UPI
PS016-202607-008,PS016,2026-07-17,debit,Food,313.9,Swiggy / local groceries,Delhi,UPI
PS016-202607-009,PS016,2026-07-20,debit,Food,230.38,Swiggy / local groceries,Delhi,UPI
PS016-202607-010,PS016,2026-07-22,debit,Food,379.22,Swiggy / local groceries,Delhi,UPI
PS016-202607-011,PS016,2026-07-24,debit,Food,297.77,Swiggy / local groceries,Delhi,UPI
PS016-202607-012,PS016,2026-07-28,debit,Food,220.28,Swiggy / local groceries,Delhi,UPI
PS016-202607-013,PS016,2026-07-31,debit,Food,235.25,Swiggy / local groceries,Delhi,UPI
PS016-202607-014,PS016,2026-07-03,debit,Shopping,658.08,Amazon / local retail,Delhi,UPI
PS016-202607-015,PS016,2026-07-12,debit,Shopping,709.08,Amazon / local retail,Delhi,UPI
PS016-202607-016,PS016,2026-07-21,debit,Shopping,426.93,Amazon / local retail,Delhi,UPI
PS016-202607-017,PS016,2026-07-30,debit,Shopping,669.91,Amazon / local retail,Delhi,UPI
PS016-202607-018,PS016,2026-07-02,debit,Transport,158.9,Metro / fuel,Delhi,UPI
PS016-202607-019,PS016,2026-07-07,debit,Transport,213.9,Metro / fuel,Delhi,UPI
PS016-202607-020,PS016,2026-07-11,debit,Transport,190.76,Metro / fuel,Delhi,UPI
PS016-202607-021,PS016,2026-07-14,debit,Transport,242.48,Metro / fuel,Delhi,UPI
PS016-202607-022,PS016,2026-07-18,debit,Transport,258.26,Metro / fuel,Delhi,UPI
PS016-202607-023,PS016,2026-07-22,debit,Transport,154.66,Metro / fuel,Delhi,UPI
PS016-202607-024,PS016,2026-07-27,debit,Transport,173.97,Metro / fuel,Delhi,UPI
PS016-202607-025,PS016,2026-07-31,debit,Transport,249.07,Metro / fuel,Delhi,UPI
PS016-202607-026,PS016,2026-07-02,debit,Bills,714.22,Electricity / mobile,Delhi,UPI
PS016-202607-027,PS016,2026-07-17,debit,Bills,794.31,Electricity / mobile,Delhi,UPI
PS016-202607-028,PS016,2026-07-31,debit,Bills,544.47,Electricity / mobile,Delhi,UPI
PS016-202607-029,PS016,2026-07-03,debit,Rent,6365,Monthly rent,Delhi,NEFT
PS016-202607-030,PS016,2026-07-02,debit,Education,513,Learning centre,Delhi,UPI
PS016-202607-031,PS016,2026-07-02,debit,Healthcare,513,Pharmacy,Delhi,UPI
PS016-202607-032,PS016,2026-07-02,debit,Entertainment,309.01,Cinema / streaming,Delhi,UPI
PS016-202607-033,PS016,2026-07-16,debit,Entertainment,295.94,Cinema / streaming,Delhi,UPI
PS016-202607-034,PS016,2026-07-30,debit,Entertainment,319.05,Cinema / streaming,Delhi,UPI
PS016-202607-035,PS016,2026-07-02,debit,Investment,1232,Recurring investment,Delhi,UPI
PS016-202607-036,PS016,2026-07-03,debit,UPI Transfer,349.09,Household transfer,Delhi,UPI
PS016-202607-037,PS016,2026-07-31,debit,UPI Transfer,574.91,Household transfer,Delhi,UPI
PS016-202607-038,PS016,2026-07-03,debit,Other,218.11,Everyday purchase,Delhi,UPI
PS016-202607-039,PS016,2026-07-31,debit,Other,192.89,Everyday purchase,Delhi,UPI
PS016-202607-040,PS016,2026-07-05,debit,EMI,5500,Scheduled loan EMI,Delhi,Auto debit
PS016-202608-001,PS016,2026-08-01,credit,Salary,49000,Monthly salary,Delhi,NEFT
PS016-202608-002,PS016,2026-08-02,debit,Food,215.95,Swiggy / local groceries,Delhi,UPI
PS016-202608-003,PS016,2026-08-05,debit,Food,371.95,Swiggy / local groceries,Delhi,UPI
PS016-202608-004,PS016,2026-08-07,debit,Food,371.5,Swiggy / local groceries,Delhi,UPI
PS016-202608-005,PS016,2026-08-09,debit,Food,212.23,Swiggy / local groceries,Delhi,UPI
PS016-202608-006,PS016,2026-08-13,debit,Food,339.98,Swiggy / local groceries,Delhi,UPI
PS016-202608-007,PS016,2026-08-14,debit,Food,292.27,Swiggy / local groceries,Delhi,UPI
PS016-202608-008,PS016,2026-08-18,debit,Food,232.91,Swiggy / local groceries,Delhi,UPI
PS016-202608-009,PS016,2026-08-20,debit,Food,225.9,Swiggy / local groceries,Delhi,UPI
PS016-202608-010,PS016,2026-08-23,debit,Food,218.03,Swiggy / local groceries,Delhi,UPI
PS016-202608-011,PS016,2026-08-25,debit,Food,322.38,Swiggy / local groceries,Delhi,UPI
PS016-202608-012,PS016,2026-08-28,debit,Food,367.4,Swiggy / local groceries,Delhi,UPI
PS016-202608-013,PS016,2026-08-31,debit,Food,211.5,Swiggy / local groceries,Delhi,UPI
PS016-202608-014,PS016,2026-08-03,debit,Shopping,587.85,Amazon / local retail,Delhi,UPI
PS016-202608-015,PS016,2026-08-11,debit,Shopping,562.24,Amazon / local retail,Delhi,UPI
PS016-202608-016,PS016,2026-08-21,debit,Shopping,617.34,Amazon / local retail,Delhi,UPI
PS016-202608-017,PS016,2026-08-31,debit,Shopping,619.57,Amazon / local retail,Delhi,UPI
PS016-202608-018,PS016,2026-08-03,debit,Transport,223.45,Metro / fuel,Delhi,UPI
PS016-202608-019,PS016,2026-08-07,debit,Transport,217.54,Metro / fuel,Delhi,UPI
PS016-202608-020,PS016,2026-08-10,debit,Transport,128.47,Metro / fuel,Delhi,UPI
PS016-202608-021,PS016,2026-08-15,debit,Transport,203.65,Metro / fuel,Delhi,UPI
PS016-202608-022,PS016,2026-08-18,debit,Transport,138.68,Metro / fuel,Delhi,UPI
PS016-202608-023,PS016,2026-08-23,debit,Transport,233.84,Metro / fuel,Delhi,UPI
PS016-202608-024,PS016,2026-08-27,debit,Transport,210.58,Metro / fuel,Delhi,UPI
PS016-202608-025,PS016,2026-08-31,debit,Transport,235.79,Metro / fuel,Delhi,UPI
PS016-202608-026,PS016,2026-08-02,debit,Bills,681.83,Electricity / mobile,Delhi,UPI
PS016-202608-027,PS016,2026-08-16,debit,Bills,570.06,Electricity / mobile,Delhi,UPI
PS016-202608-028,PS016,2026-08-31,debit,Bills,737.11,Electricity / mobile,Delhi,UPI
PS016-202608-029,PS016,2026-08-02,debit,Rent,6167,Monthly rent,Delhi,NEFT
PS016-202608-030,PS016,2026-08-03,debit,Education,497,Learning centre,Delhi,UPI
PS016-202608-031,PS016,2026-08-03,debit,Healthcare,497,Pharmacy,Delhi,UPI
PS016-202608-032,PS016,2026-08-02,debit,Entertainment,296.19,Cinema / streaming,Delhi,UPI
PS016-202608-033,PS016,2026-08-17,debit,Entertainment,381.95,Cinema / streaming,Delhi,UPI
PS016-202608-034,PS016,2026-08-31,debit,Entertainment,216.86,Cinema / streaming,Delhi,UPI
PS016-202608-035,PS016,2026-08-03,debit,Investment,1194,Recurring investment,Delhi,UPI
PS016-202608-036,PS016,2026-08-03,debit,UPI Transfer,389.3,Household transfer,Delhi,UPI
PS016-202608-037,PS016,2026-08-30,debit,UPI Transfer,505.7,Household transfer,Delhi,UPI
PS016-202608-038,PS016,2026-08-03,debit,Other,241.05,Everyday purchase,Delhi,UPI
PS016-202608-039,PS016,2026-08-31,debit,Other,156.95,Everyday purchase,Delhi,UPI
PS016-202608-040,PS016,2026-08-05,debit,EMI,5500,Scheduled loan EMI,Delhi,Auto debit
PS017-202512-001,PS017,2025-12-01,credit,Salary,68000,Monthly salary,Ahmedabad,NEFT
PS017-202512-002,PS017,2025-12-03,debit,Food,495.8,Swiggy / local groceries,Ahmedabad,UPI
PS017-202512-003,PS017,2025-12-05,debit,Food,536.51,Swiggy / local groceries,Ahmedabad,UPI
PS017-202512-004,PS017,2025-12-08,debit,Food,551.08,Swiggy / local groceries,Ahmedabad,UPI
PS017-202512-005,PS017,2025-12-10,debit,Food,638.11,Swiggy / local groceries,Ahmedabad,UPI
PS017-202512-006,PS017,2025-12-12,debit,Food,650.24,Swiggy / local groceries,Ahmedabad,UPI
PS017-202512-007,PS017,2025-12-15,debit,Food,563.15,Swiggy / local groceries,Ahmedabad,UPI
PS017-202512-008,PS017,2025-12-18,debit,Food,607.44,Swiggy / local groceries,Ahmedabad,UPI
PS017-202512-009,PS017,2025-12-20,debit,Food,477.0,Swiggy / local groceries,Ahmedabad,UPI
PS017-202512-010,PS017,2025-12-23,debit,Food,541.49,Swiggy / local groceries,Ahmedabad,UPI
PS017-202512-011,PS017,2025-12-25,debit,Food,430.08,Swiggy / local groceries,Ahmedabad,UPI
PS017-202512-012,PS017,2025-12-27,debit,Food,589.37,Swiggy / local groceries,Ahmedabad,UPI
PS017-202512-013,PS017,2025-12-30,debit,Food,393.73,Swiggy / local groceries,Ahmedabad,UPI
PS017-202512-014,PS017,2025-12-02,debit,Shopping,1192.41,Amazon / local retail,Ahmedabad,UPI
PS017-202512-015,PS017,2025-12-12,debit,Shopping,1231.23,Amazon / local retail,Ahmedabad,UPI
PS017-202512-016,PS017,2025-12-21,debit,Shopping,1041.21,Amazon / local retail,Ahmedabad,UPI
PS017-202512-017,PS017,2025-12-30,debit,Shopping,1105.15,Amazon / local retail,Ahmedabad,UPI
PS017-202512-018,PS017,2025-12-03,debit,Transport,363.75,Metro / fuel,Ahmedabad,UPI
PS017-202512-019,PS017,2025-12-07,debit,Transport,390.76,Metro / fuel,Ahmedabad,UPI
PS017-202512-020,PS017,2025-12-11,debit,Transport,379.58,Metro / fuel,Ahmedabad,UPI
PS017-202512-021,PS017,2025-12-14,debit,Transport,312.66,Metro / fuel,Ahmedabad,UPI
PS017-202512-022,PS017,2025-12-19,debit,Transport,475.9,Metro / fuel,Ahmedabad,UPI
PS017-202512-023,PS017,2025-12-22,debit,Transport,301.98,Metro / fuel,Ahmedabad,UPI
PS017-202512-024,PS017,2025-12-26,debit,Transport,444.84,Metro / fuel,Ahmedabad,UPI
PS017-202512-025,PS017,2025-12-30,debit,Transport,376.53,Metro / fuel,Ahmedabad,UPI
PS017-202512-026,PS017,2025-12-03,debit,Bills,1200.02,Electricity / mobile,Ahmedabad,UPI
PS017-202512-027,PS017,2025-12-17,debit,Bills,1349.74,Electricity / mobile,Ahmedabad,UPI
PS017-202512-028,PS017,2025-12-30,debit,Bills,1258.24,Electricity / mobile,Ahmedabad,UPI
PS017-202512-029,PS017,2025-12-03,debit,Rent,11805,Monthly rent,Ahmedabad,NEFT
PS017-202512-030,PS017,2025-12-03,debit,Education,952,Learning centre,Ahmedabad,UPI
PS017-202512-031,PS017,2025-12-02,debit,Healthcare,952,Pharmacy,Ahmedabad,UPI
PS017-202512-032,PS017,2025-12-03,debit,Entertainment,603.63,Cinema / streaming,Ahmedabad,UPI
PS017-202512-033,PS017,2025-12-17,debit,Entertainment,588.41,Cinema / streaming,Ahmedabad,UPI
PS017-202512-034,PS017,2025-12-31,debit,Entertainment,521.96,Cinema / streaming,Ahmedabad,UPI
PS017-202512-035,PS017,2025-12-02,debit,Investment,2285,Recurring investment,Ahmedabad,UPI
PS017-202512-036,PS017,2025-12-02,debit,UPI Transfer,847.84,Household transfer,Ahmedabad,UPI
PS017-202512-037,PS017,2025-12-31,debit,UPI Transfer,866.16,Household transfer,Ahmedabad,UPI
PS017-202512-038,PS017,2025-12-03,debit,Other,378.16,Everyday purchase,Ahmedabad,UPI
PS017-202512-039,PS017,2025-12-30,debit,Other,383.84,Everyday purchase,Ahmedabad,UPI
PS017-202512-040,PS017,2025-12-05,debit,EMI,10500,Scheduled loan EMI,Ahmedabad,Auto debit
PS017-202601-001,PS017,2026-01-01,credit,Salary,68000,Monthly salary,Ahmedabad,NEFT
PS017-202601-002,PS017,2026-01-03,debit,Food,694.81,Swiggy / local groceries,Ahmedabad,UPI
PS017-202601-003,PS017,2026-01-05,debit,Food,608.93,Swiggy / local groceries,Ahmedabad,UPI
PS017-202601-004,PS017,2026-01-07,debit,Food,517.47,Swiggy / local groceries,Ahmedabad,UPI
PS017-202601-005,PS017,2026-01-09,debit,Food,600.31,Swiggy / local groceries,Ahmedabad,UPI
PS017-202601-006,PS017,2026-01-13,debit,Food,533.34,Swiggy / local groceries,Ahmedabad,UPI
PS017-202601-007,PS017,2026-01-14,debit,Food,439.96,Swiggy / local groceries,Ahmedabad,UPI
PS017-202601-008,PS017,2026-01-18,debit,Food,570.53,Swiggy / local groceries,Ahmedabad,UPI
PS017-202601-009,PS017,2026-01-19,debit,Food,610.14,Swiggy / local groceries,Ahmedabad,UPI
PS017-202601-010,PS017,2026-01-23,debit,Food,451.34,Swiggy / local groceries,Ahmedabad,UPI
PS017-202601-011,PS017,2026-01-24,debit,Food,423.26,Swiggy / local groceries,Ahmedabad,UPI
PS017-202601-012,PS017,2026-01-27,debit,Food,400.1,Swiggy / local groceries,Ahmedabad,UPI
PS017-202601-013,PS017,2026-01-30,debit,Food,623.81,Swiggy / local groceries,Ahmedabad,UPI
PS017-202601-014,PS017,2026-01-03,debit,Shopping,1197.78,Amazon / local retail,Ahmedabad,UPI
PS017-202601-015,PS017,2026-01-11,debit,Shopping,1167.09,Amazon / local retail,Ahmedabad,UPI
PS017-202601-016,PS017,2026-01-20,debit,Shopping,872.28,Amazon / local retail,Ahmedabad,UPI
PS017-202601-017,PS017,2026-01-31,debit,Shopping,1332.85,Amazon / local retail,Ahmedabad,UPI
PS017-202601-018,PS017,2026-01-02,debit,Transport,355.0,Metro / fuel,Ahmedabad,UPI
PS017-202601-019,PS017,2026-01-06,debit,Transport,361.44,Metro / fuel,Ahmedabad,UPI
PS017-202601-020,PS017,2026-01-11,debit,Transport,434.06,Metro / fuel,Ahmedabad,UPI
PS017-202601-021,PS017,2026-01-14,debit,Transport,414.76,Metro / fuel,Ahmedabad,UPI
PS017-202601-022,PS017,2026-01-19,debit,Transport,390.65,Metro / fuel,Ahmedabad,UPI
PS017-202601-023,PS017,2026-01-23,debit,Transport,436.15,Metro / fuel,Ahmedabad,UPI
PS017-202601-024,PS017,2026-01-27,debit,Transport,283.25,Metro / fuel,Ahmedabad,UPI
PS017-202601-025,PS017,2026-01-31,debit,Transport,370.69,Metro / fuel,Ahmedabad,UPI
PS017-202601-026,PS017,2026-01-02,debit,Bills,1274.54,Electricity / mobile,Ahmedabad,UPI
PS017-202601-027,PS017,2026-01-17,debit,Bills,1295.48,Electricity / mobile,Ahmedabad,UPI
PS017-202601-028,PS017,2026-01-30,debit,Bills,1237.98,Electricity / mobile,Ahmedabad,UPI
PS017-202601-029,PS017,2026-01-03,debit,Rent,11805,Monthly rent,Ahmedabad,NEFT
PS017-202601-030,PS017,2026-01-02,debit,Education,952,Learning centre,Ahmedabad,UPI
PS017-202601-031,PS017,2026-01-02,debit,Healthcare,952,Pharmacy,Ahmedabad,UPI
PS017-202601-032,PS017,2026-01-03,debit,Entertainment,616.63,Cinema / streaming,Ahmedabad,UPI
PS017-202601-033,PS017,2026-01-16,debit,Entertainment,476.26,Cinema / streaming,Ahmedabad,UPI
PS017-202601-034,PS017,2026-01-30,debit,Entertainment,621.11,Cinema / streaming,Ahmedabad,UPI
PS017-202601-035,PS017,2026-01-03,debit,Investment,2285,Recurring investment,Ahmedabad,UPI
PS017-202601-036,PS017,2026-01-03,debit,UPI Transfer,966.96,Household transfer,Ahmedabad,UPI
PS017-202601-037,PS017,2026-01-31,debit,UPI Transfer,747.04,Household transfer,Ahmedabad,UPI
PS017-202601-038,PS017,2026-01-02,debit,Other,390.9,Everyday purchase,Ahmedabad,UPI
PS017-202601-039,PS017,2026-01-31,debit,Other,371.1,Everyday purchase,Ahmedabad,UPI
PS017-202601-040,PS017,2026-01-05,debit,EMI,10500,Scheduled loan EMI,Ahmedabad,Auto debit
PS017-202602-001,PS017,2026-02-01,credit,Salary,68000,Monthly salary,Ahmedabad,NEFT
PS017-202602-002,PS017,2026-02-02,debit,Food,497.94,Swiggy / local groceries,Ahmedabad,UPI
PS017-202602-003,PS017,2026-02-04,debit,Food,552.63,Swiggy / local groceries,Ahmedabad,UPI
PS017-202602-004,PS017,2026-02-07,debit,Food,652.41,Swiggy / local groceries,Ahmedabad,UPI
PS017-202602-005,PS017,2026-02-08,debit,Food,405.88,Swiggy / local groceries,Ahmedabad,UPI
PS017-202602-006,PS017,2026-02-11,debit,Food,655.08,Swiggy / local groceries,Ahmedabad,UPI
PS017-202602-007,PS017,2026-02-14,debit,Food,671.95,Swiggy / local groceries,Ahmedabad,UPI
PS017-202602-008,PS017,2026-02-15,debit,Food,403.78,Swiggy / local groceries,Ahmedabad,UPI
PS017-202602-009,PS017,2026-02-17,debit,Food,606.17,Swiggy / local groceries,Ahmedabad,UPI
PS017-202602-010,PS017,2026-02-20,debit,Food,523.17,Swiggy / local groceries,Ahmedabad,UPI
PS017-202602-011,PS017,2026-02-23,debit,Food,577.63,Swiggy / local groceries,Ahmedabad,UPI
PS017-202602-012,PS017,2026-02-25,debit,Food,541.54,Swiggy / local groceries,Ahmedabad,UPI
PS017-202602-013,PS017,2026-02-27,debit,Food,385.82,Swiggy / local groceries,Ahmedabad,UPI
PS017-202602-014,PS017,2026-02-02,debit,Shopping,861.87,Amazon / local retail,Ahmedabad,UPI
PS017-202602-015,PS017,2026-02-11,debit,Shopping,1311.81,Amazon / local retail,Ahmedabad,UPI
PS017-202602-016,PS017,2026-02-18,debit,Shopping,1072.13,Amazon / local retail,Ahmedabad,UPI
PS017-202602-017,PS017,2026-02-27,debit,Shopping,1324.19,Amazon / local retail,Ahmedabad,UPI
PS017-202602-018,PS017,2026-02-02,debit,Transport,454.9,Metro / fuel,Ahmedabad,UPI
PS017-202602-019,PS017,2026-02-05,debit,Transport,406.61,Metro / fuel,Ahmedabad,UPI
PS017-202602-020,PS017,2026-02-10,debit,Transport,301.43,Metro / fuel,Ahmedabad,UPI
PS017-202602-021,PS017,2026-02-12,debit,Transport,474.91,Metro / fuel,Ahmedabad,UPI
PS017-202602-022,PS017,2026-02-16,debit,Transport,369.48,Metro / fuel,Ahmedabad,UPI
PS017-202602-023,PS017,2026-02-20,debit,Transport,297.95,Metro / fuel,Ahmedabad,UPI
PS017-202602-024,PS017,2026-02-24,debit,Transport,475.44,Metro / fuel,Ahmedabad,UPI
PS017-202602-025,PS017,2026-02-27,debit,Transport,265.28,Metro / fuel,Ahmedabad,UPI
PS017-202602-026,PS017,2026-02-03,debit,Bills,1371.44,Electricity / mobile,Ahmedabad,UPI
PS017-202602-027,PS017,2026-02-15,debit,Bills,1126.88,Electricity / mobile,Ahmedabad,UPI
PS017-202602-028,PS017,2026-02-27,debit,Bills,1309.68,Electricity / mobile,Ahmedabad,UPI
PS017-202602-029,PS017,2026-02-02,debit,Rent,11805,Monthly rent,Ahmedabad,NEFT
PS017-202602-030,PS017,2026-02-03,debit,Education,952,Learning centre,Ahmedabad,UPI
PS017-202602-031,PS017,2026-02-02,debit,Healthcare,952,Pharmacy,Ahmedabad,UPI
PS017-202602-032,PS017,2026-02-02,debit,Entertainment,641.02,Cinema / streaming,Ahmedabad,UPI
PS017-202602-033,PS017,2026-02-14,debit,Entertainment,547.94,Cinema / streaming,Ahmedabad,UPI
PS017-202602-034,PS017,2026-02-27,debit,Entertainment,525.04,Cinema / streaming,Ahmedabad,UPI
PS017-202602-035,PS017,2026-02-03,debit,Investment,2285,Recurring investment,Ahmedabad,UPI
PS017-202602-036,PS017,2026-02-03,debit,UPI Transfer,718.25,Household transfer,Ahmedabad,UPI
PS017-202602-037,PS017,2026-02-28,debit,UPI Transfer,995.75,Household transfer,Ahmedabad,UPI
PS017-202602-038,PS017,2026-02-02,debit,Other,384.01,Everyday purchase,Ahmedabad,UPI
PS017-202602-039,PS017,2026-02-28,debit,Other,377.99,Everyday purchase,Ahmedabad,UPI
PS017-202602-040,PS017,2026-02-05,debit,EMI,10500,Scheduled loan EMI,Ahmedabad,Auto debit
PS017-202603-001,PS017,2026-03-01,credit,Salary,68000,Monthly salary,Ahmedabad,NEFT
PS017-202603-002,PS017,2026-03-02,debit,Food,626.93,Swiggy / local groceries,Ahmedabad,UPI
PS017-202603-003,PS017,2026-03-04,debit,Food,586.14,Swiggy / local groceries,Ahmedabad,UPI
PS017-202603-004,PS017,2026-03-07,debit,Food,596.39,Swiggy / local groceries,Ahmedabad,UPI
PS017-202603-005,PS017,2026-03-10,debit,Food,661.24,Swiggy / local groceries,Ahmedabad,UPI
PS017-202603-006,PS017,2026-03-12,debit,Food,384.49,Swiggy / local groceries,Ahmedabad,UPI
PS017-202603-007,PS017,2026-03-14,debit,Food,590.51,Swiggy / local groceries,Ahmedabad,UPI
PS017-202603-008,PS017,2026-03-18,debit,Food,612.45,Swiggy / local groceries,Ahmedabad,UPI
PS017-202603-009,PS017,2026-03-20,debit,Food,526.96,Swiggy / local groceries,Ahmedabad,UPI
PS017-202603-010,PS017,2026-03-23,debit,Food,609.85,Swiggy / local groceries,Ahmedabad,UPI
PS017-202603-011,PS017,2026-03-24,debit,Food,361.84,Swiggy / local groceries,Ahmedabad,UPI
PS017-202603-012,PS017,2026-03-27,debit,Food,488.77,Swiggy / local groceries,Ahmedabad,UPI
PS017-202603-013,PS017,2026-03-30,debit,Food,428.43,Swiggy / local groceries,Ahmedabad,UPI
PS017-202603-014,PS017,2026-03-02,debit,Shopping,1207.93,Amazon / local retail,Ahmedabad,UPI
PS017-202603-015,PS017,2026-03-11,debit,Shopping,926.09,Amazon / local retail,Ahmedabad,UPI
PS017-202603-016,PS017,2026-03-20,debit,Shopping,935.77,Amazon / local retail,Ahmedabad,UPI
PS017-202603-017,PS017,2026-03-31,debit,Shopping,1500.21,Amazon / local retail,Ahmedabad,UPI
PS017-202603-018,PS017,2026-03-03,debit,Transport,295.71,Metro / fuel,Ahmedabad,UPI
PS017-202603-019,PS017,2026-03-07,debit,Transport,317.65,Metro / fuel,Ahmedabad,UPI
PS017-202603-020,PS017,2026-03-11,debit,Transport,484.55,Metro / fuel,Ahmedabad,UPI
PS017-202603-021,PS017,2026-03-15,debit,Transport,391.29,Metro / fuel,Ahmedabad,UPI
PS017-202603-022,PS017,2026-03-18,debit,Transport,287.6,Metro / fuel,Ahmedabad,UPI
PS017-202603-023,PS017,2026-03-23,debit,Transport,456.24,Metro / fuel,Ahmedabad,UPI
PS017-202603-024,PS017,2026-03-26,debit,Transport,368.52,Metro / fuel,Ahmedabad,UPI
PS017-202603-025,PS017,2026-03-31,debit,Transport,444.44,Metro / fuel,Ahmedabad,UPI
PS017-202603-026,PS017,2026-03-02,debit,Bills,978.67,Electricity / mobile,Ahmedabad,UPI
PS017-202603-027,PS017,2026-03-17,debit,Bills,1401.02,Electricity / mobile,Ahmedabad,UPI
PS017-202603-028,PS017,2026-03-30,debit,Bills,1428.31,Electricity / mobile,Ahmedabad,UPI
PS017-202603-029,PS017,2026-03-02,debit,Rent,11805,Monthly rent,Ahmedabad,NEFT
PS017-202603-030,PS017,2026-03-02,debit,Education,952,Learning centre,Ahmedabad,UPI
PS017-202603-031,PS017,2026-03-02,debit,Healthcare,952,Pharmacy,Ahmedabad,UPI
PS017-202603-032,PS017,2026-03-02,debit,Entertainment,455.61,Cinema / streaming,Ahmedabad,UPI
PS017-202603-033,PS017,2026-03-16,debit,Entertainment,507.74,Cinema / streaming,Ahmedabad,UPI
PS017-202603-034,PS017,2026-03-30,debit,Entertainment,750.65,Cinema / streaming,Ahmedabad,UPI
PS017-202603-035,PS017,2026-03-02,debit,Investment,2285,Recurring investment,Ahmedabad,UPI
PS017-202603-036,PS017,2026-03-03,debit,UPI Transfer,850.68,Household transfer,Ahmedabad,UPI
PS017-202603-037,PS017,2026-03-30,debit,UPI Transfer,863.32,Household transfer,Ahmedabad,UPI
PS017-202603-038,PS017,2026-03-02,debit,Other,406.61,Everyday purchase,Ahmedabad,UPI
PS017-202603-039,PS017,2026-03-30,debit,Other,355.39,Everyday purchase,Ahmedabad,UPI
PS017-202603-040,PS017,2026-03-05,debit,EMI,10500,Scheduled loan EMI,Ahmedabad,Auto debit
PS017-202604-001,PS017,2026-04-01,credit,Salary,68000,Monthly salary,Ahmedabad,NEFT
PS017-202604-002,PS017,2026-04-02,debit,Food,609.86,Swiggy / local groceries,Ahmedabad,UPI
PS017-202604-003,PS017,2026-04-05,debit,Food,604.39,Swiggy / local groceries,Ahmedabad,UPI
PS017-202604-004,PS017,2026-04-07,debit,Food,600.36,Swiggy / local groceries,Ahmedabad,UPI
PS017-202604-005,PS017,2026-04-10,debit,Food,512.54,Swiggy / local groceries,Ahmedabad,UPI
PS017-202604-006,PS017,2026-04-11,debit,Food,499.77,Swiggy / local groceries,Ahmedabad,UPI
PS017-202604-007,PS017,2026-04-14,debit,Food,520.03,Swiggy / local groceries,Ahmedabad,UPI
PS017-202604-008,PS017,2026-04-17,debit,Food,506.61,Swiggy / local groceries,Ahmedabad,UPI
PS017-202604-009,PS017,2026-04-20,debit,Food,431.46,Swiggy / local groceries,Ahmedabad,UPI
PS017-202604-010,PS017,2026-04-21,debit,Food,435.55,Swiggy / local groceries,Ahmedabad,UPI
PS017-202604-011,PS017,2026-04-25,debit,Food,668.81,Swiggy / local groceries,Ahmedabad,UPI
PS017-202604-012,PS017,2026-04-26,debit,Food,484.73,Swiggy / local groceries,Ahmedabad,UPI
PS017-202604-013,PS017,2026-04-30,debit,Food,599.89,Swiggy / local groceries,Ahmedabad,UPI
PS017-202604-014,PS017,2026-04-03,debit,Shopping,1337.56,Amazon / local retail,Ahmedabad,UPI
PS017-202604-015,PS017,2026-04-11,debit,Shopping,1138.46,Amazon / local retail,Ahmedabad,UPI
PS017-202604-016,PS017,2026-04-20,debit,Shopping,1171.88,Amazon / local retail,Ahmedabad,UPI
PS017-202604-017,PS017,2026-04-30,debit,Shopping,922.1,Amazon / local retail,Ahmedabad,UPI
PS017-202604-018,PS017,2026-04-03,debit,Transport,373.06,Metro / fuel,Ahmedabad,UPI
PS017-202604-019,PS017,2026-04-06,debit,Transport,370.66,Metro / fuel,Ahmedabad,UPI
PS017-202604-020,PS017,2026-04-09,debit,Transport,445.69,Metro / fuel,Ahmedabad,UPI
PS017-202604-021,PS017,2026-04-13,debit,Transport,394.95,Metro / fuel,Ahmedabad,UPI
PS017-202604-022,PS017,2026-04-18,debit,Transport,289.18,Metro / fuel,Ahmedabad,UPI
PS017-202604-023,PS017,2026-04-22,debit,Transport,363.05,Metro / fuel,Ahmedabad,UPI
PS017-202604-024,PS017,2026-04-25,debit,Transport,446.34,Metro / fuel,Ahmedabad,UPI
PS017-202604-025,PS017,2026-04-30,debit,Transport,363.07,Metro / fuel,Ahmedabad,UPI
PS017-202604-026,PS017,2026-04-03,debit,Bills,981.23,Electricity / mobile,Ahmedabad,UPI
PS017-202604-027,PS017,2026-04-16,debit,Bills,1574.04,Electricity / mobile,Ahmedabad,UPI
PS017-202604-028,PS017,2026-04-30,debit,Bills,1252.73,Electricity / mobile,Ahmedabad,UPI
PS017-202604-029,PS017,2026-04-02,debit,Rent,11805,Monthly rent,Ahmedabad,NEFT
PS017-202604-030,PS017,2026-04-03,debit,Education,952,Learning centre,Ahmedabad,UPI
PS017-202604-031,PS017,2026-04-03,debit,Healthcare,952,Pharmacy,Ahmedabad,UPI
PS017-202604-032,PS017,2026-04-02,debit,Entertainment,606.41,Cinema / streaming,Ahmedabad,UPI
PS017-202604-033,PS017,2026-04-15,debit,Entertainment,631.93,Cinema / streaming,Ahmedabad,UPI
PS017-202604-034,PS017,2026-04-29,debit,Entertainment,475.66,Cinema / streaming,Ahmedabad,UPI
PS017-202604-035,PS017,2026-04-02,debit,Investment,2285,Recurring investment,Ahmedabad,UPI
PS017-202604-036,PS017,2026-04-03,debit,UPI Transfer,675.05,Household transfer,Ahmedabad,UPI
PS017-202604-037,PS017,2026-04-29,debit,UPI Transfer,1038.95,Household transfer,Ahmedabad,UPI
PS017-202604-038,PS017,2026-04-03,debit,Other,402.24,Everyday purchase,Ahmedabad,UPI
PS017-202604-039,PS017,2026-04-30,debit,Other,359.76,Everyday purchase,Ahmedabad,UPI
PS017-202604-040,PS017,2026-04-05,debit,EMI,10500,Scheduled loan EMI,Ahmedabad,Auto debit
PS017-202605-001,PS017,2026-05-01,credit,Salary,68000,Monthly salary,Ahmedabad,NEFT
PS017-202605-002,PS017,2026-05-03,debit,Food,580.6,Swiggy / local groceries,Ahmedabad,UPI
PS017-202605-003,PS017,2026-05-05,debit,Food,551.15,Swiggy / local groceries,Ahmedabad,UPI
PS017-202605-004,PS017,2026-05-08,debit,Food,554.51,Swiggy / local groceries,Ahmedabad,UPI
PS017-202605-005,PS017,2026-05-09,debit,Food,576.63,Swiggy / local groceries,Ahmedabad,UPI
PS017-202605-006,PS017,2026-05-13,debit,Food,426.97,Swiggy / local groceries,Ahmedabad,UPI
PS017-202605-007,PS017,2026-05-14,debit,Food,473.76,Swiggy / local groceries,Ahmedabad,UPI
PS017-202605-008,PS017,2026-05-17,debit,Food,665.58,Swiggy / local groceries,Ahmedabad,UPI
PS017-202605-009,PS017,2026-05-20,debit,Food,638.85,Swiggy / local groceries,Ahmedabad,UPI
PS017-202605-010,PS017,2026-05-22,debit,Food,471.56,Swiggy / local groceries,Ahmedabad,UPI
PS017-202605-011,PS017,2026-05-24,debit,Food,545.06,Swiggy / local groceries,Ahmedabad,UPI
PS017-202605-012,PS017,2026-05-28,debit,Food,415.65,Swiggy / local groceries,Ahmedabad,UPI
PS017-202605-013,PS017,2026-05-30,debit,Food,573.68,Swiggy / local groceries,Ahmedabad,UPI
PS017-202605-014,PS017,2026-05-03,debit,Shopping,1371.32,Amazon / local retail,Ahmedabad,UPI
PS017-202605-015,PS017,2026-05-11,debit,Shopping,1075.82,Amazon / local retail,Ahmedabad,UPI
PS017-202605-016,PS017,2026-05-20,debit,Shopping,837.23,Amazon / local retail,Ahmedabad,UPI
PS017-202605-017,PS017,2026-05-30,debit,Shopping,1285.63,Amazon / local retail,Ahmedabad,UPI
PS017-202605-018,PS017,2026-05-03,debit,Transport,379.13,Metro / fuel,Ahmedabad,UPI
PS017-202605-019,PS017,2026-05-07,debit,Transport,325.31,Metro / fuel,Ahmedabad,UPI
PS017-202605-020,PS017,2026-05-10,debit,Transport,390.79,Metro / fuel,Ahmedabad,UPI
PS017-202605-021,PS017,2026-05-15,debit,Transport,299.62,Metro / fuel,Ahmedabad,UPI
PS017-202605-022,PS017,2026-05-19,debit,Transport,413.33,Metro / fuel,Ahmedabad,UPI
PS017-202605-023,PS017,2026-05-22,debit,Transport,419.43,Metro / fuel,Ahmedabad,UPI
PS017-202605-024,PS017,2026-05-26,debit,Transport,407.4,Metro / fuel,Ahmedabad,UPI
PS017-202605-025,PS017,2026-05-30,debit,Transport,410.99,Metro / fuel,Ahmedabad,UPI
PS017-202605-026,PS017,2026-05-02,debit,Bills,1186.18,Electricity / mobile,Ahmedabad,UPI
PS017-202605-027,PS017,2026-05-16,debit,Bills,1149.28,Electricity / mobile,Ahmedabad,UPI
PS017-202605-028,PS017,2026-05-30,debit,Bills,1472.54,Electricity / mobile,Ahmedabad,UPI
PS017-202605-029,PS017,2026-05-03,debit,Rent,11805,Monthly rent,Ahmedabad,NEFT
PS017-202605-030,PS017,2026-05-02,debit,Education,952,Learning centre,Ahmedabad,UPI
PS017-202605-031,PS017,2026-05-02,debit,Healthcare,952,Pharmacy,Ahmedabad,UPI
PS017-202605-032,PS017,2026-05-03,debit,Entertainment,581.57,Cinema / streaming,Ahmedabad,UPI
PS017-202605-033,PS017,2026-05-17,debit,Entertainment,552.59,Cinema / streaming,Ahmedabad,UPI
PS017-202605-034,PS017,2026-05-31,debit,Entertainment,579.84,Cinema / streaming,Ahmedabad,UPI
PS017-202605-035,PS017,2026-05-02,debit,Investment,2285,Recurring investment,Ahmedabad,UPI
PS017-202605-036,PS017,2026-05-02,debit,UPI Transfer,921.97,Household transfer,Ahmedabad,UPI
PS017-202605-037,PS017,2026-05-31,debit,UPI Transfer,792.03,Household transfer,Ahmedabad,UPI
PS017-202605-038,PS017,2026-05-02,debit,Other,387.16,Everyday purchase,Ahmedabad,UPI
PS017-202605-039,PS017,2026-05-30,debit,Other,374.84,Everyday purchase,Ahmedabad,UPI
PS017-202605-040,PS017,2026-05-05,debit,EMI,10500,Scheduled loan EMI,Ahmedabad,Auto debit
PS017-202606-001,PS017,2026-06-01,credit,Salary,68000,Monthly salary,Ahmedabad,NEFT
PS017-202606-002,PS017,2026-06-03,debit,Food,606.05,Swiggy / local groceries,Ahmedabad,UPI
PS017-202606-003,PS017,2026-06-05,debit,Food,469.07,Swiggy / local groceries,Ahmedabad,UPI
PS017-202606-004,PS017,2026-06-07,debit,Food,543.54,Swiggy / local groceries,Ahmedabad,UPI
PS017-202606-005,PS017,2026-06-09,debit,Food,440.74,Swiggy / local groceries,Ahmedabad,UPI
PS017-202606-006,PS017,2026-06-12,debit,Food,630.34,Swiggy / local groceries,Ahmedabad,UPI
PS017-202606-007,PS017,2026-06-14,debit,Food,463.25,Swiggy / local groceries,Ahmedabad,UPI
PS017-202606-008,PS017,2026-06-17,debit,Food,433.55,Swiggy / local groceries,Ahmedabad,UPI
PS017-202606-009,PS017,2026-06-19,debit,Food,514.62,Swiggy / local groceries,Ahmedabad,UPI
PS017-202606-010,PS017,2026-06-22,debit,Food,666.87,Swiggy / local groceries,Ahmedabad,UPI
PS017-202606-011,PS017,2026-06-25,debit,Food,513.68,Swiggy / local groceries,Ahmedabad,UPI
PS017-202606-012,PS017,2026-06-27,debit,Food,553.0,Swiggy / local groceries,Ahmedabad,UPI
PS017-202606-013,PS017,2026-06-29,debit,Food,639.29,Swiggy / local groceries,Ahmedabad,UPI
PS017-202606-014,PS017,2026-06-02,debit,Shopping,1453.95,Amazon / local retail,Ahmedabad,UPI
PS017-202606-015,PS017,2026-06-11,debit,Shopping,873.19,Amazon / local retail,Ahmedabad,UPI
PS017-202606-016,PS017,2026-06-21,debit,Shopping,993.43,Amazon / local retail,Ahmedabad,UPI
PS017-202606-017,PS017,2026-06-30,debit,Shopping,1249.43,Amazon / local retail,Ahmedabad,UPI
PS017-202606-018,PS017,2026-06-03,debit,Transport,437.73,Metro / fuel,Ahmedabad,UPI
PS017-202606-019,PS017,2026-06-06,debit,Transport,435.04,Metro / fuel,Ahmedabad,UPI
PS017-202606-020,PS017,2026-06-09,debit,Transport,308.89,Metro / fuel,Ahmedabad,UPI
PS017-202606-021,PS017,2026-06-14,debit,Transport,355.87,Metro / fuel,Ahmedabad,UPI
PS017-202606-022,PS017,2026-06-18,debit,Transport,303.71,Metro / fuel,Ahmedabad,UPI
PS017-202606-023,PS017,2026-06-21,debit,Transport,391.95,Metro / fuel,Ahmedabad,UPI
PS017-202606-024,PS017,2026-06-26,debit,Transport,440.27,Metro / fuel,Ahmedabad,UPI
PS017-202606-025,PS017,2026-06-29,debit,Transport,372.54,Metro / fuel,Ahmedabad,UPI
PS017-202606-026,PS017,2026-06-02,debit,Bills,1094.49,Electricity / mobile,Ahmedabad,UPI
PS017-202606-027,PS017,2026-06-16,debit,Bills,1611.3,Electricity / mobile,Ahmedabad,UPI
PS017-202606-028,PS017,2026-06-30,debit,Bills,1102.21,Electricity / mobile,Ahmedabad,UPI
PS017-202606-029,PS017,2026-06-02,debit,Rent,11805,Monthly rent,Ahmedabad,NEFT
PS017-202606-030,PS017,2026-06-03,debit,Education,952,Learning centre,Ahmedabad,UPI
PS017-202606-031,PS017,2026-06-03,debit,Healthcare,952,Pharmacy,Ahmedabad,UPI
PS017-202606-032,PS017,2026-06-03,debit,Entertainment,697.58,Cinema / streaming,Ahmedabad,UPI
PS017-202606-033,PS017,2026-06-15,debit,Entertainment,464.46,Cinema / streaming,Ahmedabad,UPI
PS017-202606-034,PS017,2026-06-29,debit,Entertainment,551.96,Cinema / streaming,Ahmedabad,UPI
PS017-202606-035,PS017,2026-06-03,debit,Investment,2285,Recurring investment,Ahmedabad,UPI
PS017-202606-036,PS017,2026-06-03,debit,UPI Transfer,843.48,Household transfer,Ahmedabad,UPI
PS017-202606-037,PS017,2026-06-29,debit,UPI Transfer,870.52,Household transfer,Ahmedabad,UPI
PS017-202606-038,PS017,2026-06-02,debit,Other,348.87,Everyday purchase,Ahmedabad,UPI
PS017-202606-039,PS017,2026-06-30,debit,Other,413.13,Everyday purchase,Ahmedabad,UPI
PS017-202606-040,PS017,2026-06-05,debit,EMI,10500,Scheduled loan EMI,Ahmedabad,Auto debit
PS017-202607-001,PS017,2026-07-01,credit,Salary,68000,Monthly salary,Ahmedabad,NEFT
PS017-202607-002,PS017,2026-07-03,debit,Food,407.91,Swiggy / local groceries,Ahmedabad,UPI
PS017-202607-003,PS017,2026-07-04,debit,Food,636.44,Swiggy / local groceries,Ahmedabad,UPI
PS017-202607-004,PS017,2026-07-08,debit,Food,591.01,Swiggy / local groceries,Ahmedabad,UPI
PS017-202607-005,PS017,2026-07-09,debit,Food,444.77,Swiggy / local groceries,Ahmedabad,UPI
PS017-202607-006,PS017,2026-07-12,debit,Food,423.54,Swiggy / local groceries,Ahmedabad,UPI
PS017-202607-007,PS017,2026-07-15,debit,Food,581.25,Swiggy / local groceries,Ahmedabad,UPI
PS017-202607-008,PS017,2026-07-17,debit,Food,636.98,Swiggy / local groceries,Ahmedabad,UPI
PS017-202607-009,PS017,2026-07-19,debit,Food,519.32,Swiggy / local groceries,Ahmedabad,UPI
PS017-202607-010,PS017,2026-07-23,debit,Food,519.95,Swiggy / local groceries,Ahmedabad,UPI
PS017-202607-011,PS017,2026-07-25,debit,Food,531.82,Swiggy / local groceries,Ahmedabad,UPI
PS017-202607-012,PS017,2026-07-28,debit,Food,694.62,Swiggy / local groceries,Ahmedabad,UPI
PS017-202607-013,PS017,2026-07-30,debit,Food,486.39,Swiggy / local groceries,Ahmedabad,UPI
PS017-202607-014,PS017,2026-07-03,debit,Shopping,1334.23,Amazon / local retail,Ahmedabad,UPI
PS017-202607-015,PS017,2026-07-12,debit,Shopping,1279.56,Amazon / local retail,Ahmedabad,UPI
PS017-202607-016,PS017,2026-07-20,debit,Shopping,1083.35,Amazon / local retail,Ahmedabad,UPI
PS017-202607-017,PS017,2026-07-30,debit,Shopping,872.86,Amazon / local retail,Ahmedabad,UPI
PS017-202607-018,PS017,2026-07-03,debit,Transport,409.24,Metro / fuel,Ahmedabad,UPI
PS017-202607-019,PS017,2026-07-06,debit,Transport,307.83,Metro / fuel,Ahmedabad,UPI
PS017-202607-020,PS017,2026-07-11,debit,Transport,404.29,Metro / fuel,Ahmedabad,UPI
PS017-202607-021,PS017,2026-07-14,debit,Transport,272.85,Metro / fuel,Ahmedabad,UPI
PS017-202607-022,PS017,2026-07-18,debit,Transport,453.38,Metro / fuel,Ahmedabad,UPI
PS017-202607-023,PS017,2026-07-23,debit,Transport,326.25,Metro / fuel,Ahmedabad,UPI
PS017-202607-024,PS017,2026-07-26,debit,Transport,481.31,Metro / fuel,Ahmedabad,UPI
PS017-202607-025,PS017,2026-07-31,debit,Transport,390.85,Metro / fuel,Ahmedabad,UPI
PS017-202607-026,PS017,2026-07-03,debit,Bills,1636.1,Electricity / mobile,Ahmedabad,UPI
PS017-202607-027,PS017,2026-07-16,debit,Bills,953.26,Electricity / mobile,Ahmedabad,UPI
PS017-202607-028,PS017,2026-07-31,debit,Bills,1218.64,Electricity / mobile,Ahmedabad,UPI
PS017-202607-029,PS017,2026-07-02,debit,Rent,11805,Monthly rent,Ahmedabad,NEFT
PS017-202607-030,PS017,2026-07-02,debit,Education,952,Learning centre,Ahmedabad,UPI
PS017-202607-031,PS017,2026-07-02,debit,Healthcare,952,Pharmacy,Ahmedabad,UPI
PS017-202607-032,PS017,2026-07-02,debit,Entertainment,555.23,Cinema / streaming,Ahmedabad,UPI
PS017-202607-033,PS017,2026-07-17,debit,Entertainment,599.5,Cinema / streaming,Ahmedabad,UPI
PS017-202607-034,PS017,2026-07-30,debit,Entertainment,559.27,Cinema / streaming,Ahmedabad,UPI
PS017-202607-035,PS017,2026-07-02,debit,Investment,2285,Recurring investment,Ahmedabad,UPI
PS017-202607-036,PS017,2026-07-02,debit,UPI Transfer,766.82,Household transfer,Ahmedabad,UPI
PS017-202607-037,PS017,2026-07-30,debit,UPI Transfer,947.18,Household transfer,Ahmedabad,UPI
PS017-202607-038,PS017,2026-07-02,debit,Other,334.81,Everyday purchase,Ahmedabad,UPI
PS017-202607-039,PS017,2026-07-30,debit,Other,427.19,Everyday purchase,Ahmedabad,UPI
PS017-202607-040,PS017,2026-07-05,debit,EMI,10500,Scheduled loan EMI,Ahmedabad,Auto debit
PS017-202608-001,PS017,2026-08-01,credit,Salary,68000,Monthly salary,Ahmedabad,NEFT
PS017-202608-002,PS017,2026-08-02,debit,Food,431.51,Swiggy / local groceries,Ahmedabad,UPI
PS017-202608-003,PS017,2026-08-04,debit,Food,461.48,Swiggy / local groceries,Ahmedabad,UPI
PS017-202608-004,PS017,2026-08-07,debit,Food,499.15,Swiggy / local groceries,Ahmedabad,UPI
PS017-202608-005,PS017,2026-08-09,debit,Food,520.56,Swiggy / local groceries,Ahmedabad,UPI
PS017-202608-006,PS017,2026-08-13,debit,Food,660.08,Swiggy / local groceries,Ahmedabad,UPI
PS017-202608-007,PS017,2026-08-14,debit,Food,653.18,Swiggy / local groceries,Ahmedabad,UPI
PS017-202608-008,PS017,2026-08-18,debit,Food,460.96,Swiggy / local groceries,Ahmedabad,UPI
PS017-202608-009,PS017,2026-08-19,debit,Food,492.94,Swiggy / local groceries,Ahmedabad,UPI
PS017-202608-010,PS017,2026-08-23,debit,Food,602.81,Swiggy / local groceries,Ahmedabad,UPI
PS017-202608-011,PS017,2026-08-25,debit,Food,619.32,Swiggy / local groceries,Ahmedabad,UPI
PS017-202608-012,PS017,2026-08-28,debit,Food,455.14,Swiggy / local groceries,Ahmedabad,UPI
PS017-202608-013,PS017,2026-08-30,debit,Food,616.87,Swiggy / local groceries,Ahmedabad,UPI
PS017-202608-014,PS017,2026-08-02,debit,Shopping,1484.75,Amazon / local retail,Ahmedabad,UPI
PS017-202608-015,PS017,2026-08-12,debit,Shopping,1015.84,Amazon / local retail,Ahmedabad,UPI
PS017-202608-016,PS017,2026-08-21,debit,Shopping,1142.2,Amazon / local retail,Ahmedabad,UPI
PS017-202608-017,PS017,2026-08-30,debit,Shopping,927.21,Amazon / local retail,Ahmedabad,UPI
PS017-202608-018,PS017,2026-08-03,debit,Transport,429.97,Metro / fuel,Ahmedabad,UPI
PS017-202608-019,PS017,2026-08-07,debit,Transport,425.77,Metro / fuel,Ahmedabad,UPI
PS017-202608-020,PS017,2026-08-11,debit,Transport,352.87,Metro / fuel,Ahmedabad,UPI
PS017-202608-021,PS017,2026-08-15,debit,Transport,437.24,Metro / fuel,Ahmedabad,UPI
PS017-202608-022,PS017,2026-08-19,debit,Transport,249.33,Metro / fuel,Ahmedabad,UPI
PS017-202608-023,PS017,2026-08-22,debit,Transport,427.14,Metro / fuel,Ahmedabad,UPI
PS017-202608-024,PS017,2026-08-27,debit,Transport,316.68,Metro / fuel,Ahmedabad,UPI
PS017-202608-025,PS017,2026-08-30,debit,Transport,407.0,Metro / fuel,Ahmedabad,UPI
PS017-202608-026,PS017,2026-08-02,debit,Bills,1597.45,Electricity / mobile,Ahmedabad,UPI
PS017-202608-027,PS017,2026-08-17,debit,Bills,1191.15,Electricity / mobile,Ahmedabad,UPI
PS017-202608-028,PS017,2026-08-31,debit,Bills,1019.4,Electricity / mobile,Ahmedabad,UPI
PS017-202608-029,PS017,2026-08-02,debit,Rent,11805,Monthly rent,Ahmedabad,NEFT
PS017-202608-030,PS017,2026-08-02,debit,Education,952,Learning centre,Ahmedabad,UPI
PS017-202608-031,PS017,2026-08-02,debit,Healthcare,952,Pharmacy,Ahmedabad,UPI
PS017-202608-032,PS017,2026-08-02,debit,Entertainment,622.5,Cinema / streaming,Ahmedabad,UPI
PS017-202608-033,PS017,2026-08-16,debit,Entertainment,565.67,Cinema / streaming,Ahmedabad,UPI
PS017-202608-034,PS017,2026-08-31,debit,Entertainment,525.83,Cinema / streaming,Ahmedabad,UPI
PS017-202608-035,PS017,2026-08-03,debit,Investment,2285,Recurring investment,Ahmedabad,UPI
PS017-202608-036,PS017,2026-08-03,debit,UPI Transfer,873.67,Household transfer,Ahmedabad,UPI
PS017-202608-037,PS017,2026-08-30,debit,UPI Transfer,840.33,Household transfer,Ahmedabad,UPI
PS017-202608-038,PS017,2026-08-03,debit,Other,409.66,Everyday purchase,Ahmedabad,UPI
PS017-202608-039,PS017,2026-08-31,debit,Other,352.34,Everyday purchase,Ahmedabad,UPI
PS017-202608-040,PS017,2026-08-05,debit,EMI,10500,Scheduled loan EMI,Ahmedabad,Auto debit
PS018-202512-001,PS018,2025-12-01,credit,Salary,57000,Monthly salary,Rajkot,NEFT
PS018-202512-002,PS018,2025-12-02,debit,Food,447.37,Swiggy / local groceries,Rajkot,UPI
PS018-202512-003,PS018,2025-12-05,debit,Food,406.74,Swiggy / local groceries,Rajkot,UPI
PS018-202512-004,PS018,2025-12-08,debit,Food,272.58,Swiggy / local groceries,Rajkot,UPI
PS018-202512-005,PS018,2025-12-10,debit,Food,405.82,Swiggy / local groceries,Rajkot,UPI
PS018-202512-006,PS018,2025-12-13,debit,Food,305.17,Swiggy / local groceries,Rajkot,UPI
PS018-202512-007,PS018,2025-12-15,debit,Food,361.86,Swiggy / local groceries,Rajkot,UPI
PS018-202512-008,PS018,2025-12-17,debit,Food,274.98,Swiggy / local groceries,Rajkot,UPI
PS018-202512-009,PS018,2025-12-20,debit,Food,454.33,Swiggy / local groceries,Rajkot,UPI
PS018-202512-010,PS018,2025-12-22,debit,Food,263.1,Swiggy / local groceries,Rajkot,UPI
PS018-202512-011,PS018,2025-12-25,debit,Food,445.88,Swiggy / local groceries,Rajkot,UPI
PS018-202512-012,PS018,2025-12-28,debit,Food,336.2,Swiggy / local groceries,Rajkot,UPI
PS018-202512-013,PS018,2025-12-30,debit,Food,289.97,Swiggy / local groceries,Rajkot,UPI
PS018-202512-014,PS018,2025-12-03,debit,Shopping,760.09,Amazon / local retail,Rajkot,UPI
PS018-202512-015,PS018,2025-12-12,debit,Shopping,753.41,Amazon / local retail,Rajkot,UPI
PS018-202512-016,PS018,2025-12-21,debit,Shopping,675.36,Amazon / local retail,Rajkot,UPI
PS018-202512-017,PS018,2025-12-31,debit,Shopping,821.14,Amazon / local retail,Rajkot,UPI
PS018-202512-018,PS018,2025-12-03,debit,Transport,188.57,Metro / fuel,Rajkot,UPI
PS018-202512-019,PS018,2025-12-07,debit,Transport,339.95,Metro / fuel,Rajkot,UPI
PS018-202512-020,PS018,2025-12-10,debit,Transport,338.35,Metro / fuel,Rajkot,UPI
PS018-202512-021,PS018,2025-12-14,debit,Transport,201.1,Metro / fuel,Rajkot,UPI
PS018-202512-022,PS018,2025-12-18,debit,Transport,206.15,Metro / fuel,Rajkot,UPI
PS018-202512-023,PS018,2025-12-22,debit,Transport,204.23,Metro / fuel,Rajkot,UPI
PS018-202512-024,PS018,2025-12-26,debit,Transport,327.8,Metro / fuel,Rajkot,UPI
PS018-202512-025,PS018,2025-12-30,debit,Transport,199.85,Metro / fuel,Rajkot,UPI
PS018-202512-026,PS018,2025-12-03,debit,Bills,1029.11,Electricity / mobile,Rajkot,UPI
PS018-202512-027,PS018,2025-12-16,debit,Bills,717.82,Electricity / mobile,Rajkot,UPI
PS018-202512-028,PS018,2025-12-31,debit,Bills,761.07,Electricity / mobile,Rajkot,UPI
PS018-202512-029,PS018,2025-12-02,debit,Rent,7775,Monthly rent,Rajkot,NEFT
PS018-202512-030,PS018,2025-12-03,debit,Education,627,Learning centre,Rajkot,UPI
PS018-202512-031,PS018,2025-12-02,debit,Healthcare,627,Pharmacy,Rajkot,UPI
PS018-202512-032,PS018,2025-12-02,debit,Entertainment,387.03,Cinema / streaming,Rajkot,UPI
PS018-202512-033,PS018,2025-12-16,debit,Entertainment,407.95,Cinema / streaming,Rajkot,UPI
PS018-202512-034,PS018,2025-12-31,debit,Entertainment,334.02,Cinema / streaming,Rajkot,UPI
PS018-202512-035,PS018,2025-12-03,debit,Investment,1505,Recurring investment,Rajkot,UPI
PS018-202512-036,PS018,2025-12-03,debit,UPI Transfer,470.86,Household transfer,Rajkot,UPI
PS018-202512-037,PS018,2025-12-31,debit,UPI Transfer,658.14,Household transfer,Rajkot,UPI
PS018-202512-038,PS018,2025-12-02,debit,Other,248.15,Everyday purchase,Rajkot,UPI
PS018-202512-039,PS018,2025-12-31,debit,Other,253.85,Everyday purchase,Rajkot,UPI
PS018-202512-040,PS018,2025-12-05,debit,EMI,18500,Scheduled loan EMI,Rajkot,Auto debit
PS018-202601-001,PS018,2026-01-01,credit,Salary,57000,Monthly salary,Rajkot,NEFT
PS018-202601-002,PS018,2026-01-03,debit,Food,299.0,Swiggy / local groceries,Rajkot,UPI
PS018-202601-003,PS018,2026-01-04,debit,Food,331.76,Swiggy / local groceries,Rajkot,UPI
PS018-202601-004,PS018,2026-01-08,debit,Food,296.0,Swiggy / local groceries,Rajkot,UPI
PS018-202601-005,PS018,2026-01-10,debit,Food,445.12,Swiggy / local groceries,Rajkot,UPI
PS018-202601-006,PS018,2026-01-13,debit,Food,343.98,Swiggy / local groceries,Rajkot,UPI
PS018-202601-007,PS018,2026-01-15,debit,Food,500.18,Swiggy / local groceries,Rajkot,UPI
PS018-202601-008,PS018,2026-01-18,debit,Food,387.58,Swiggy / local groceries,Rajkot,UPI
PS018-202601-009,PS018,2026-01-20,debit,Food,351.17,Swiggy / local groceries,Rajkot,UPI
PS018-202601-010,PS018,2026-01-23,debit,Food,349.0,Swiggy / local groceries,Rajkot,UPI
PS018-202601-011,PS018,2026-01-25,debit,Food,344.04,Swiggy / local groceries,Rajkot,UPI
PS018-202601-012,PS018,2026-01-28,debit,Food,374.17,Swiggy / local groceries,Rajkot,UPI
PS018-202601-013,PS018,2026-01-30,debit,Food,416.0,Swiggy / local groceries,Rajkot,UPI
PS018-202601-014,PS018,2026-01-02,debit,Shopping,781.93,Amazon / local retail,Rajkot,UPI
PS018-202601-015,PS018,2026-01-11,debit,Shopping,652.46,Amazon / local retail,Rajkot,UPI
PS018-202601-016,PS018,2026-01-21,debit,Shopping,859.48,Amazon / local retail,Rajkot,UPI
PS018-202601-017,PS018,2026-01-30,debit,Shopping,839.13,Amazon / local retail,Rajkot,UPI
PS018-202601-018,PS018,2026-01-02,debit,Transport,312.86,Metro / fuel,Rajkot,UPI
PS018-202601-019,PS018,2026-01-06,debit,Transport,285.41,Metro / fuel,Rajkot,UPI
PS018-202601-020,PS018,2026-01-10,debit,Transport,232.63,Metro / fuel,Rajkot,UPI
PS018-202601-021,PS018,2026-01-14,debit,Transport,330.67,Metro / fuel,Rajkot,UPI
PS018-202601-022,PS018,2026-01-19,debit,Transport,325.31,Metro / fuel,Rajkot,UPI
PS018-202601-023,PS018,2026-01-22,debit,Transport,212.35,Metro / fuel,Rajkot,UPI
PS018-202601-024,PS018,2026-01-26,debit,Transport,191.98,Metro / fuel,Rajkot,UPI
PS018-202601-025,PS018,2026-01-31,debit,Transport,196.79,Metro / fuel,Rajkot,UPI
PS018-202601-026,PS018,2026-01-02,debit,Bills,768.57,Electricity / mobile,Rajkot,UPI
PS018-202601-027,PS018,2026-01-16,debit,Bills,952.92,Electricity / mobile,Rajkot,UPI
PS018-202601-028,PS018,2026-01-30,debit,Bills,889.51,Electricity / mobile,Rajkot,UPI
PS018-202601-029,PS018,2026-01-02,debit,Rent,8093,Monthly rent,Rajkot,NEFT
PS018-202601-030,PS018,2026-01-03,debit,Education,653,Learning centre,Rajkot,UPI
PS018-202601-031,PS018,2026-01-02,debit,Healthcare,653,Pharmacy,Rajkot,UPI
PS018-202601-032,PS018,2026-01-02,debit,Entertainment,413.37,Cinema / streaming,Rajkot,UPI
PS018-202601-033,PS018,2026-01-16,debit,Entertainment,358.81,Cinema / streaming,Rajkot,UPI
PS018-202601-034,PS018,2026-01-31,debit,Entertainment,402.82,Cinema / streaming,Rajkot,UPI
PS018-202601-035,PS018,2026-01-02,debit,Investment,1566,Recurring investment,Rajkot,UPI
PS018-202601-036,PS018,2026-01-03,debit,UPI Transfer,591.88,Household transfer,Rajkot,UPI
PS018-202601-037,PS018,2026-01-31,debit,UPI Transfer,583.12,Household transfer,Rajkot,UPI
PS018-202601-038,PS018,2026-01-03,debit,Other,270.24,Everyday purchase,Rajkot,UPI
PS018-202601-039,PS018,2026-01-30,debit,Other,251.76,Everyday purchase,Rajkot,UPI
PS018-202601-040,PS018,2026-01-05,debit,EMI,18500,Scheduled loan EMI,Rajkot,Auto debit
PS018-202602-001,PS018,2026-02-01,credit,Salary,57000,Monthly salary,Rajkot,NEFT
PS018-202602-002,PS018,2026-02-03,debit,Food,413.74,Swiggy / local groceries,Rajkot,UPI
PS018-202602-003,PS018,2026-02-04,debit,Food,333.27,Swiggy / local groceries,Rajkot,UPI
PS018-202602-004,PS018,2026-02-07,debit,Food,448.05,Swiggy / local groceries,Rajkot,UPI
PS018-202602-005,PS018,2026-02-09,debit,Food,441.32,Swiggy / local groceries,Rajkot,UPI
PS018-202602-006,PS018,2026-02-11,debit,Food,382.93,Swiggy / local groceries,Rajkot,UPI
PS018-202602-007,PS018,2026-02-14,debit,Food,372.32,Swiggy / local groceries,Rajkot,UPI
PS018-202602-008,PS018,2026-02-16,debit,Food,444.76,Swiggy / local groceries,Rajkot,UPI
PS018-202602-009,PS018,2026-02-18,debit,Food,400.35,Swiggy / local groceries,Rajkot,UPI
PS018-202602-010,PS018,2026-02-20,debit,Food,306.51,Swiggy / local groceries,Rajkot,UPI
PS018-202602-011,PS018,2026-02-22,debit,Food,419.88,Swiggy / local groceries,Rajkot,UPI
PS018-202602-012,PS018,2026-02-24,debit,Food,304.67,Swiggy / local groceries,Rajkot,UPI
PS018-202602-013,PS018,2026-02-28,debit,Food,344.2,Swiggy / local groceries,Rajkot,UPI
PS018-202602-014,PS018,2026-02-02,debit,Shopping,675.75,Amazon / local retail,Rajkot,UPI
PS018-202602-015,PS018,2026-02-10,debit,Shopping,949.09,Amazon / local retail,Rajkot,UPI
PS018-202602-016,PS018,2026-02-18,debit,Shopping,655.26,Amazon / local retail,Rajkot,UPI
PS018-202602-017,PS018,2026-02-27,debit,Shopping,975.9,Amazon / local retail,Rajkot,UPI
PS018-202602-018,PS018,2026-02-03,debit,Transport,248.48,Metro / fuel,Rajkot,UPI
PS018-202602-019,PS018,2026-02-06,debit,Transport,269.2,Metro / fuel,Rajkot,UPI
PS018-202602-020,PS018,2026-02-10,debit,Transport,297.1,Metro / fuel,Rajkot,UPI
PS018-202602-021,PS018,2026-02-12,debit,Transport,228.28,Metro / fuel,Rajkot,UPI
PS018-202602-022,PS018,2026-02-17,debit,Transport,366.66,Metro / fuel,Rajkot,UPI
PS018-202602-023,PS018,2026-02-19,debit,Transport,220.72,Metro / fuel,Rajkot,UPI
PS018-202602-024,PS018,2026-02-24,debit,Transport,251.08,Metro / fuel,Rajkot,UPI
PS018-202602-025,PS018,2026-02-28,debit,Transport,289.48,Metro / fuel,Rajkot,UPI
PS018-202602-026,PS018,2026-02-03,debit,Bills,942.0,Electricity / mobile,Rajkot,UPI
PS018-202602-027,PS018,2026-02-15,debit,Bills,899.68,Electricity / mobile,Rajkot,UPI
PS018-202602-028,PS018,2026-02-27,debit,Bills,871.32,Electricity / mobile,Rajkot,UPI
PS018-202602-029,PS018,2026-02-02,debit,Rent,8411,Monthly rent,Rajkot,NEFT
PS018-202602-030,PS018,2026-02-02,debit,Education,678,Learning centre,Rajkot,UPI
PS018-202602-031,PS018,2026-02-02,debit,Healthcare,678,Pharmacy,Rajkot,UPI
PS018-202602-032,PS018,2026-02-02,debit,Entertainment,530.26,Cinema / streaming,Rajkot,UPI
PS018-202602-033,PS018,2026-02-15,debit,Entertainment,385.77,Cinema / streaming,Rajkot,UPI
PS018-202602-034,PS018,2026-02-28,debit,Entertainment,304.97,Cinema / streaming,Rajkot,UPI
PS018-202602-035,PS018,2026-02-03,debit,Investment,1628,Recurring investment,Rajkot,UPI
PS018-202602-036,PS018,2026-02-02,debit,UPI Transfer,488.25,Household transfer,Rajkot,UPI
PS018-202602-037,PS018,2026-02-28,debit,UPI Transfer,732.75,Household transfer,Rajkot,UPI
PS018-202602-038,PS018,2026-02-02,debit,Other,287.89,Everyday purchase,Rajkot,UPI
PS018-202602-039,PS018,2026-02-27,debit,Other,255.11,Everyday purchase,Rajkot,UPI
PS018-202602-040,PS018,2026-02-05,debit,EMI,18500,Scheduled loan EMI,Rajkot,Auto debit
PS018-202603-001,PS018,2026-03-01,credit,Salary,57000,Monthly salary,Rajkot,NEFT
PS018-202603-002,PS018,2026-03-03,debit,Food,325.34,Swiggy / local groceries,Rajkot,UPI
PS018-202603-003,PS018,2026-03-04,debit,Food,499.34,Swiggy / local groceries,Rajkot,UPI
PS018-202603-004,PS018,2026-03-08,debit,Food,342.03,Swiggy / local groceries,Rajkot,UPI
PS018-202603-005,PS018,2026-03-09,debit,Food,406.39,Swiggy / local groceries,Rajkot,UPI
PS018-202603-006,PS018,2026-03-13,debit,Food,332.88,Swiggy / local groceries,Rajkot,UPI
PS018-202603-007,PS018,2026-03-14,debit,Food,378.03,Swiggy / local groceries,Rajkot,UPI
PS018-202603-008,PS018,2026-03-18,debit,Food,444.42,Swiggy / local groceries,Rajkot,UPI
PS018-202603-009,PS018,2026-03-19,debit,Food,419.16,Swiggy / local groceries,Rajkot,UPI
PS018-202603-010,PS018,2026-03-22,debit,Food,351.79,Swiggy / local groceries,Rajkot,UPI
PS018-202603-011,PS018,2026-03-25,debit,Food,449.99,Swiggy / local groceries,Rajkot,UPI
PS018-202603-012,PS018,2026-03-28,debit,Food,304.3,Swiggy / local groceries,Rajkot,UPI
PS018-202603-013,PS018,2026-03-30,debit,Food,533.33,Swiggy / local groceries,Rajkot,UPI
PS018-202603-014,PS018,2026-03-03,debit,Shopping,718.88,Amazon / local retail,Rajkot,UPI
PS018-202603-015,PS018,2026-03-12,debit,Shopping,1046.09,Amazon / local retail,Rajkot,UPI
PS018-202603-016,PS018,2026-03-20,debit,Shopping,724.76,Amazon / local retail,Rajkot,UPI
PS018-202603-017,PS018,2026-03-30,debit,Shopping,889.27,Amazon / local retail,Rajkot,UPI
PS018-202603-018,PS018,2026-03-02,debit,Transport,383.49,Metro / fuel,Rajkot,UPI
PS018-202603-019,PS018,2026-03-06,debit,Transport,292.7,Metro / fuel,Rajkot,UPI
PS018-202603-020,PS018,2026-03-11,debit,Transport,257.62,Metro / fuel,Rajkot,UPI
PS018-202603-021,PS018,2026-03-14,debit,Transport,361.79,Metro / fuel,Rajkot,UPI
PS018-202603-022,PS018,2026-03-18,debit,Transport,235.36,Metro / fuel,Rajkot,UPI
PS018-202603-023,PS018,2026-03-23,debit,Transport,255.36,Metro / fuel,Rajkot,UPI
PS018-202603-024,PS018,2026-03-26,debit,Transport,244.92,Metro / fuel,Rajkot,UPI
PS018-202603-025,PS018,2026-03-31,debit,Transport,221.76,Metro / fuel,Rajkot,UPI
PS018-202603-026,PS018,2026-03-02,debit,Bills,1038.52,Electricity / mobile,Rajkot,UPI
PS018-202603-027,PS018,2026-03-16,debit,Bills,1057.54,Electricity / mobile,Rajkot,UPI
PS018-202603-028,PS018,2026-03-31,debit,Bills,719.94,Electricity / mobile,Rajkot,UPI
PS018-202603-029,PS018,2026-03-02,debit,Rent,8729,Monthly rent,Rajkot,NEFT
PS018-202603-030,PS018,2026-03-02,debit,Education,704,Learning centre,Rajkot,UPI
PS018-202603-031,PS018,2026-03-03,debit,Healthcare,704,Pharmacy,Rajkot,UPI
PS018-202603-032,PS018,2026-03-03,debit,Entertainment,346.93,Cinema / streaming,Rajkot,UPI
PS018-202603-033,PS018,2026-03-17,debit,Entertainment,495.78,Cinema / streaming,Rajkot,UPI
PS018-202603-034,PS018,2026-03-31,debit,Entertainment,424.29,Cinema / streaming,Rajkot,UPI
PS018-202603-035,PS018,2026-03-03,debit,Investment,1689,Recurring investment,Rajkot,UPI
PS018-202603-036,PS018,2026-03-02,debit,UPI Transfer,707.07,Household transfer,Rajkot,UPI
PS018-202603-037,PS018,2026-03-31,debit,UPI Transfer,559.93,Household transfer,Rajkot,UPI
PS018-202603-038,PS018,2026-03-03,debit,Other,284.01,Everyday purchase,Rajkot,UPI
PS018-202603-039,PS018,2026-03-30,debit,Other,278.99,Everyday purchase,Rajkot,UPI
PS018-202603-040,PS018,2026-03-05,debit,EMI,18500,Scheduled loan EMI,Rajkot,Auto debit
PS018-202604-001,PS018,2026-04-01,credit,Salary,57000,Monthly salary,Rajkot,NEFT
PS018-202604-002,PS018,2026-04-03,debit,Food,523.77,Swiggy / local groceries,Rajkot,UPI
PS018-202604-003,PS018,2026-04-04,debit,Food,373.44,Swiggy / local groceries,Rajkot,UPI
PS018-202604-004,PS018,2026-04-07,debit,Food,435.2,Swiggy / local groceries,Rajkot,UPI
PS018-202604-005,PS018,2026-04-10,debit,Food,474.22,Swiggy / local groceries,Rajkot,UPI
PS018-202604-006,PS018,2026-04-12,debit,Food,479.91,Swiggy / local groceries,Rajkot,UPI
PS018-202604-007,PS018,2026-04-15,debit,Food,356.94,Swiggy / local groceries,Rajkot,UPI
PS018-202604-008,PS018,2026-04-16,debit,Food,506.52,Swiggy / local groceries,Rajkot,UPI
PS018-202604-009,PS018,2026-04-19,debit,Food,301.64,Swiggy / local groceries,Rajkot,UPI
PS018-202604-010,PS018,2026-04-21,debit,Food,400.98,Swiggy / local groceries,Rajkot,UPI
PS018-202604-011,PS018,2026-04-25,debit,Food,344.74,Swiggy / local groceries,Rajkot,UPI
PS018-202604-012,PS018,2026-04-27,debit,Food,461.73,Swiggy / local groceries,Rajkot,UPI
PS018-202604-013,PS018,2026-04-29,debit,Food,301.91,Swiggy / local groceries,Rajkot,UPI
PS018-202604-014,PS018,2026-04-02,debit,Shopping,879.13,Amazon / local retail,Rajkot,UPI
PS018-202604-015,PS018,2026-04-12,debit,Shopping,797.85,Amazon / local retail,Rajkot,UPI
PS018-202604-016,PS018,2026-04-21,debit,Shopping,832.13,Amazon / local retail,Rajkot,UPI
PS018-202604-017,PS018,2026-04-29,debit,Shopping,992.89,Amazon / local retail,Rajkot,UPI
PS018-202604-018,PS018,2026-04-03,debit,Transport,319.42,Metro / fuel,Rajkot,UPI
PS018-202604-019,PS018,2026-04-06,debit,Transport,323.42,Metro / fuel,Rajkot,UPI
PS018-202604-020,PS018,2026-04-10,debit,Transport,238.91,Metro / fuel,Rajkot,UPI
PS018-202604-021,PS018,2026-04-14,debit,Transport,282.63,Metro / fuel,Rajkot,UPI
PS018-202604-022,PS018,2026-04-17,debit,Transport,235.32,Metro / fuel,Rajkot,UPI
PS018-202604-023,PS018,2026-04-22,debit,Transport,328.78,Metro / fuel,Rajkot,UPI
PS018-202604-024,PS018,2026-04-25,debit,Transport,335.09,Metro / fuel,Rajkot,UPI
PS018-202604-025,PS018,2026-04-30,debit,Transport,271.43,Metro / fuel,Rajkot,UPI
PS018-202604-026,PS018,2026-04-03,debit,Bills,978.22,Electricity / mobile,Rajkot,UPI
PS018-202604-027,PS018,2026-04-16,debit,Bills,737.44,Electricity / mobile,Rajkot,UPI
PS018-202604-028,PS018,2026-04-29,debit,Bills,1202.34,Electricity / mobile,Rajkot,UPI
PS018-202604-029,PS018,2026-04-02,debit,Rent,9047,Monthly rent,Rajkot,NEFT
PS018-202604-030,PS018,2026-04-02,debit,Education,730,Learning centre,Rajkot,UPI
PS018-202604-031,PS018,2026-04-02,debit,Healthcare,730,Pharmacy,Rajkot,UPI
PS018-202604-032,PS018,2026-04-02,debit,Entertainment,439.11,Cinema / streaming,Rajkot,UPI
PS018-202604-033,PS018,2026-04-16,debit,Entertainment,376.93,Cinema / streaming,Rajkot,UPI
PS018-202604-034,PS018,2026-04-29,debit,Entertainment,496.96,Cinema / streaming,Rajkot,UPI
PS018-202604-035,PS018,2026-04-03,debit,Investment,1751,Recurring investment,Rajkot,UPI
PS018-202604-036,PS018,2026-04-03,debit,UPI Transfer,786.88,Household transfer,Rajkot,UPI
PS018-202604-037,PS018,2026-04-29,debit,UPI Transfer,526.12,Household transfer,Rajkot,UPI
PS018-202604-038,PS018,2026-04-03,debit,Other,370.71,Everyday purchase,Rajkot,UPI
PS018-202604-039,PS018,2026-04-29,debit,Other,213.29,Everyday purchase,Rajkot,UPI
PS018-202604-040,PS018,2026-04-05,debit,EMI,18500,Scheduled loan EMI,Rajkot,Auto debit
PS018-202605-001,PS018,2026-05-01,credit,Salary,57000,Monthly salary,Rajkot,NEFT
PS018-202605-002,PS018,2026-05-03,debit,Food,520.18,Swiggy / local groceries,Rajkot,UPI
PS018-202605-003,PS018,2026-05-04,debit,Food,346.78,Swiggy / local groceries,Rajkot,UPI
PS018-202605-004,PS018,2026-05-07,debit,Food,552.57,Swiggy / local groceries,Rajkot,UPI
PS018-202605-005,PS018,2026-05-09,debit,Food,397.99,Swiggy / local groceries,Rajkot,UPI
PS018-202605-006,PS018,2026-05-13,debit,Food,323.83,Swiggy / local groceries,Rajkot,UPI
PS018-202605-007,PS018,2026-05-14,debit,Food,467.53,Swiggy / local groceries,Rajkot,UPI
PS018-202605-008,PS018,2026-05-17,debit,Food,376.04,Swiggy / local groceries,Rajkot,UPI
PS018-202605-009,PS018,2026-05-19,debit,Food,304.26,Swiggy / local groceries,Rajkot,UPI
PS018-202605-010,PS018,2026-05-22,debit,Food,451.66,Swiggy / local groceries,Rajkot,UPI
PS018-202605-011,PS018,2026-05-25,debit,Food,462.06,Swiggy / local groceries,Rajkot,UPI
PS018-202605-012,PS018,2026-05-27,debit,Food,534.34,Swiggy / local groceries,Rajkot,UPI
PS018-202605-013,PS018,2026-05-31,debit,Food,398.76,Swiggy / local groceries,Rajkot,UPI
PS018-202605-014,PS018,2026-05-03,debit,Shopping,886.97,Amazon / local retail,Rajkot,UPI
PS018-202605-015,PS018,2026-05-12,debit,Shopping,809.84,Amazon / local retail,Rajkot,UPI
PS018-202605-016,PS018,2026-05-21,debit,Shopping,827.66,Amazon / local retail,Rajkot,UPI
PS018-202605-017,PS018,2026-05-30,debit,Shopping,1100.53,Amazon / local retail,Rajkot,UPI
PS018-202605-018,PS018,2026-05-02,debit,Transport,312.28,Metro / fuel,Rajkot,UPI
PS018-202605-019,PS018,2026-05-07,debit,Transport,284.06,Metro / fuel,Rajkot,UPI
PS018-202605-020,PS018,2026-05-11,debit,Transport,336.11,Metro / fuel,Rajkot,UPI
PS018-202605-021,PS018,2026-05-15,debit,Transport,306.93,Metro / fuel,Rajkot,UPI
PS018-202605-022,PS018,2026-05-19,debit,Transport,295.73,Metro / fuel,Rajkot,UPI
PS018-202605-023,PS018,2026-05-22,debit,Transport,219.34,Metro / fuel,Rajkot,UPI
PS018-202605-024,PS018,2026-05-27,debit,Transport,326.63,Metro / fuel,Rajkot,UPI
PS018-202605-025,PS018,2026-05-30,debit,Transport,335.92,Metro / fuel,Rajkot,UPI
PS018-202605-026,PS018,2026-05-02,debit,Bills,803.81,Electricity / mobile,Rajkot,UPI
PS018-202605-027,PS018,2026-05-17,debit,Bills,1363.85,Electricity / mobile,Rajkot,UPI
PS018-202605-028,PS018,2026-05-30,debit,Bills,853.34,Electricity / mobile,Rajkot,UPI
PS018-202605-029,PS018,2026-05-03,debit,Rent,9365,Monthly rent,Rajkot,NEFT
PS018-202605-030,PS018,2026-05-03,debit,Education,755,Learning centre,Rajkot,UPI
PS018-202605-031,PS018,2026-05-03,debit,Healthcare,755,Pharmacy,Rajkot,UPI
PS018-202605-032,PS018,2026-05-03,debit,Entertainment,450.62,Cinema / streaming,Rajkot,UPI
PS018-202605-033,PS018,2026-05-17,debit,Entertainment,443.56,Cinema / streaming,Rajkot,UPI
PS018-202605-034,PS018,2026-05-30,debit,Entertainment,464.82,Cinema / streaming,Rajkot,UPI
PS018-202605-035,PS018,2026-05-02,debit,Investment,1813,Recurring investment,Rajkot,UPI
PS018-202605-036,PS018,2026-05-02,debit,UPI Transfer,759.11,Household transfer,Rajkot,UPI
PS018-202605-037,PS018,2026-05-30,debit,UPI Transfer,599.89,Household transfer,Rajkot,UPI
PS018-202605-038,PS018,2026-05-03,debit,Other,269.77,Everyday purchase,Rajkot,UPI
PS018-202605-039,PS018,2026-05-31,debit,Other,334.23,Everyday purchase,Rajkot,UPI
PS018-202605-040,PS018,2026-05-05,debit,EMI,18500,Scheduled loan EMI,Rajkot,Auto debit
PS018-202606-001,PS018,2026-06-01,credit,Salary,57000,Monthly salary,Rajkot,NEFT
PS018-202606-002,PS018,2026-06-02,debit,Food,348.18,Swiggy / local groceries,Rajkot,UPI
PS018-202606-003,PS018,2026-06-05,debit,Food,525.0,Swiggy / local groceries,Rajkot,UPI
PS018-202606-004,PS018,2026-06-06,debit,Food,399.36,Swiggy / local groceries,Rajkot,UPI
PS018-202606-005,PS018,2026-06-10,debit,Food,396.87,Swiggy / local groceries,Rajkot,UPI
PS018-202606-006,PS018,2026-06-12,debit,Food,338.97,Swiggy / local groceries,Rajkot,UPI
PS018-202606-007,PS018,2026-06-14,debit,Food,358.11,Swiggy / local groceries,Rajkot,UPI
PS018-202606-008,PS018,2026-06-16,debit,Food,613.53,Swiggy / local groceries,Rajkot,UPI
PS018-202606-009,PS018,2026-06-19,debit,Food,405.52,Swiggy / local groceries,Rajkot,UPI
PS018-202606-010,PS018,2026-06-21,debit,Food,490.02,Swiggy / local groceries,Rajkot,UPI
PS018-202606-011,PS018,2026-06-25,debit,Food,462.1,Swiggy / local groceries,Rajkot,UPI
PS018-202606-012,PS018,2026-06-27,debit,Food,585.77,Swiggy / local groceries,Rajkot,UPI
PS018-202606-013,PS018,2026-06-29,debit,Food,386.57,Swiggy / local groceries,Rajkot,UPI
PS018-202606-014,PS018,2026-06-02,debit,Shopping,875.58,Amazon / local retail,Rajkot,UPI
PS018-202606-015,PS018,2026-06-11,debit,Shopping,949.58,Amazon / local retail,Rajkot,UPI
PS018-202606-016,PS018,2026-06-21,debit,Shopping,895.64,Amazon / local retail,Rajkot,UPI
PS018-202606-017,PS018,2026-06-30,debit,Shopping,1027.2,Amazon / local retail,Rajkot,UPI
PS018-202606-018,PS018,2026-06-03,debit,Transport,302.26,Metro / fuel,Rajkot,UPI
PS018-202606-019,PS018,2026-06-06,debit,Transport,303.62,Metro / fuel,Rajkot,UPI
PS018-202606-020,PS018,2026-06-09,debit,Transport,349.05,Metro / fuel,Rajkot,UPI
PS018-202606-021,PS018,2026-06-14,debit,Transport,326.61,Metro / fuel,Rajkot,UPI
PS018-202606-022,PS018,2026-06-18,debit,Transport,280.03,Metro / fuel,Rajkot,UPI
PS018-202606-023,PS018,2026-06-22,debit,Transport,236.14,Metro / fuel,Rajkot,UPI
PS018-202606-024,PS018,2026-06-25,debit,Transport,349.13,Metro / fuel,Rajkot,UPI
PS018-202606-025,PS018,2026-06-30,debit,Transport,352.16,Metro / fuel,Rajkot,UPI
PS018-202606-026,PS018,2026-06-02,debit,Bills,1044.74,Electricity / mobile,Rajkot,UPI
PS018-202606-027,PS018,2026-06-15,debit,Bills,902.9,Electricity / mobile,Rajkot,UPI
PS018-202606-028,PS018,2026-06-30,debit,Bills,1176.36,Electricity / mobile,Rajkot,UPI
PS018-202606-029,PS018,2026-06-03,debit,Rent,9683,Monthly rent,Rajkot,NEFT
PS018-202606-030,PS018,2026-06-02,debit,Education,781,Learning centre,Rajkot,UPI
PS018-202606-031,PS018,2026-06-03,debit,Healthcare,781,Pharmacy,Rajkot,UPI
PS018-202606-032,PS018,2026-06-03,debit,Entertainment,404.5,Cinema / streaming,Rajkot,UPI
PS018-202606-033,PS018,2026-06-16,debit,Entertainment,584.62,Cinema / streaming,Rajkot,UPI
PS018-202606-034,PS018,2026-06-30,debit,Entertainment,416.88,Cinema / streaming,Rajkot,UPI
PS018-202606-035,PS018,2026-06-02,debit,Investment,1874,Recurring investment,Rajkot,UPI
PS018-202606-036,PS018,2026-06-02,debit,UPI Transfer,693.47,Household transfer,Rajkot,UPI
PS018-202606-037,PS018,2026-06-30,debit,UPI Transfer,712.53,Household transfer,Rajkot,UPI
PS018-202606-038,PS018,2026-06-02,debit,Other,320.93,Everyday purchase,Rajkot,UPI
PS018-202606-039,PS018,2026-06-30,debit,Other,304.07,Everyday purchase,Rajkot,UPI
PS018-202606-040,PS018,2026-06-05,debit,EMI,18500,Scheduled loan EMI,Rajkot,Auto debit
PS018-202607-001,PS018,2026-07-01,credit,Salary,57000,Monthly salary,Rajkot,NEFT
PS018-202607-002,PS018,2026-07-02,debit,Food,459.83,Swiggy / local groceries,Rajkot,UPI
PS018-202607-003,PS018,2026-07-04,debit,Food,364.98,Swiggy / local groceries,Rajkot,UPI
PS018-202607-004,PS018,2026-07-08,debit,Food,462.88,Swiggy / local groceries,Rajkot,UPI
PS018-202607-005,PS018,2026-07-09,debit,Food,401.82,Swiggy / local groceries,Rajkot,UPI
PS018-202607-006,PS018,2026-07-13,debit,Food,466.95,Swiggy / local groceries,Rajkot,UPI
PS018-202607-007,PS018,2026-07-14,debit,Food,606.03,Swiggy / local groceries,Rajkot,UPI
PS018-202607-008,PS018,2026-07-18,debit,Food,475.5,Swiggy / local groceries,Rajkot,UPI
PS018-202607-009,PS018,2026-07-19,debit,Food,540.39,Swiggy / local groceries,Rajkot,UPI
PS018-202607-010,PS018,2026-07-22,debit,Food,611.21,Swiggy / local groceries,Rajkot,UPI
PS018-202607-011,PS018,2026-07-24,debit,Food,370.7,Swiggy / local groceries,Rajkot,UPI
PS018-202607-012,PS018,2026-07-27,debit,Food,361.84,Swiggy / local groceries,Rajkot,UPI
PS018-202607-013,PS018,2026-07-30,debit,Food,362.87,Swiggy / local groceries,Rajkot,UPI
PS018-202607-014,PS018,2026-07-02,debit,Shopping,1097.85,Amazon / local retail,Rajkot,UPI
PS018-202607-015,PS018,2026-07-12,debit,Shopping,950.85,Amazon / local retail,Rajkot,UPI
PS018-202607-016,PS018,2026-07-20,debit,Shopping,770.94,Amazon / local retail,Rajkot,UPI
PS018-202607-017,PS018,2026-07-31,debit,Shopping,1051.36,Amazon / local retail,Rajkot,UPI
PS018-202607-018,PS018,2026-07-03,debit,Transport,360.79,Metro / fuel,Rajkot,UPI
PS018-202607-019,PS018,2026-07-07,debit,Transport,268.62,Metro / fuel,Rajkot,UPI
PS018-202607-020,PS018,2026-07-10,debit,Transport,280.18,Metro / fuel,Rajkot,UPI
PS018-202607-021,PS018,2026-07-15,debit,Transport,290.39,Metro / fuel,Rajkot,UPI
PS018-202607-022,PS018,2026-07-18,debit,Transport,319.66,Metro / fuel,Rajkot,UPI
PS018-202607-023,PS018,2026-07-23,debit,Transport,379.42,Metro / fuel,Rajkot,UPI
PS018-202607-024,PS018,2026-07-26,debit,Transport,298.04,Metro / fuel,Rajkot,UPI
PS018-202607-025,PS018,2026-07-30,debit,Transport,383.9,Metro / fuel,Rajkot,UPI
PS018-202607-026,PS018,2026-07-03,debit,Bills,1217.31,Electricity / mobile,Rajkot,UPI
PS018-202607-027,PS018,2026-07-16,debit,Bills,929.34,Electricity / mobile,Rajkot,UPI
PS018-202607-028,PS018,2026-07-31,debit,Bills,1079.35,Electricity / mobile,Rajkot,UPI
PS018-202607-029,PS018,2026-07-02,debit,Rent,10001,Monthly rent,Rajkot,NEFT
PS018-202607-030,PS018,2026-07-03,debit,Education,807,Learning centre,Rajkot,UPI
PS018-202607-031,PS018,2026-07-03,debit,Healthcare,807,Pharmacy,Rajkot,UPI
PS018-202607-032,PS018,2026-07-02,debit,Entertainment,466.38,Cinema / streaming,Rajkot,UPI
PS018-202607-033,PS018,2026-07-16,debit,Entertainment,456.08,Cinema / streaming,Rajkot,UPI
PS018-202607-034,PS018,2026-07-30,debit,Entertainment,529.54,Cinema / streaming,Rajkot,UPI
PS018-202607-035,PS018,2026-07-03,debit,Investment,1936,Recurring investment,Rajkot,UPI
PS018-202607-036,PS018,2026-07-02,debit,UPI Transfer,678.49,Household transfer,Rajkot,UPI
PS018-202607-037,PS018,2026-07-30,debit,UPI Transfer,773.51,Household transfer,Rajkot,UPI
PS018-202607-038,PS018,2026-07-02,debit,Other,270.16,Everyday purchase,Rajkot,UPI
PS018-202607-039,PS018,2026-07-31,debit,Other,374.84,Everyday purchase,Rajkot,UPI
PS018-202607-040,PS018,2026-07-05,debit,EMI,18500,Scheduled loan EMI,Rajkot,Auto debit
PS018-202608-001,PS018,2026-08-01,credit,Salary,57000,Monthly salary,Rajkot,NEFT
PS018-202608-002,PS018,2026-08-03,debit,Food,584.12,Swiggy / local groceries,Rajkot,UPI
PS018-202608-003,PS018,2026-08-05,debit,Food,527.61,Swiggy / local groceries,Rajkot,UPI
PS018-202608-004,PS018,2026-08-08,debit,Food,504.73,Swiggy / local groceries,Rajkot,UPI
PS018-202608-005,PS018,2026-08-10,debit,Food,588.49,Swiggy / local groceries,Rajkot,UPI
PS018-202608-006,PS018,2026-08-12,debit,Food,608.39,Swiggy / local groceries,Rajkot,UPI
PS018-202608-007,PS018,2026-08-14,debit,Food,639.39,Swiggy / local groceries,Rajkot,UPI
PS018-202608-008,PS018,2026-08-17,debit,Food,426.47,Swiggy / local groceries,Rajkot,UPI
PS018-202608-009,PS018,2026-08-20,debit,Food,417.41,Swiggy / local groceries,Rajkot,UPI
PS018-202608-010,PS018,2026-08-22,debit,Food,540.39,Swiggy / local groceries,Rajkot,UPI
PS018-202608-011,PS018,2026-08-24,debit,Food,399.7,Swiggy / local groceries,Rajkot,UPI
PS018-202608-012,PS018,2026-08-28,debit,Food,712.21,Swiggy / local groceries,Rajkot,UPI
PS018-202608-013,PS018,2026-08-30,debit,Food,502.09,Swiggy / local groceries,Rajkot,UPI
PS018-202608-014,PS018,2026-08-02,debit,Shopping,1015.76,Amazon / local retail,Rajkot,UPI
PS018-202608-015,PS018,2026-08-12,debit,Shopping,1242.93,Amazon / local retail,Rajkot,UPI
PS018-202608-016,PS018,2026-08-21,debit,Shopping,1328.07,Amazon / local retail,Rajkot,UPI
PS018-202608-017,PS018,2026-08-30,debit,Shopping,967.24,Amazon / local retail,Rajkot,UPI
PS018-202608-018,PS018,2026-08-03,debit,Transport,381.45,Metro / fuel,Rajkot,UPI
PS018-202608-019,PS018,2026-08-06,debit,Transport,360.18,Metro / fuel,Rajkot,UPI
PS018-202608-020,PS018,2026-08-10,debit,Transport,414.26,Metro / fuel,Rajkot,UPI
PS018-202608-021,PS018,2026-08-14,debit,Transport,375.01,Metro / fuel,Rajkot,UPI
PS018-202608-022,PS018,2026-08-18,debit,Transport,463.9,Metro / fuel,Rajkot,UPI
PS018-202608-023,PS018,2026-08-22,debit,Transport,308.93,Metro / fuel,Rajkot,UPI
PS018-202608-024,PS018,2026-08-26,debit,Transport,394.2,Metro / fuel,Rajkot,UPI
PS018-202608-025,PS018,2026-08-31,debit,Transport,338.07,Metro / fuel,Rajkot,UPI
PS018-202608-026,PS018,2026-08-03,debit,Bills,1152.61,Electricity / mobile,Rajkot,UPI
PS018-202608-027,PS018,2026-08-16,debit,Bills,1470.51,Electricity / mobile,Rajkot,UPI
PS018-202608-028,PS018,2026-08-30,debit,Bills,1171.88,Electricity / mobile,Rajkot,UPI
PS018-202608-029,PS018,2026-08-03,debit,Rent,11764,Monthly rent,Rajkot,NEFT
PS018-202608-030,PS018,2026-08-02,debit,Education,949,Learning centre,Rajkot,UPI
PS018-202608-031,PS018,2026-08-02,debit,Healthcare,949,Pharmacy,Rajkot,UPI
PS018-202608-032,PS018,2026-08-02,debit,Entertainment,590.88,Cinema / streaming,Rajkot,UPI
PS018-202608-033,PS018,2026-08-16,debit,Entertainment,637.35,Cinema / streaming,Rajkot,UPI
PS018-202608-034,PS018,2026-08-30,debit,Entertainment,479.77,Cinema / streaming,Rajkot,UPI
PS018-202608-035,PS018,2026-08-02,debit,Investment,2277,Recurring investment,Rajkot,UPI
PS018-202608-036,PS018,2026-08-03,debit,UPI Transfer,929.54,Household transfer,Rajkot,UPI
PS018-202608-037,PS018,2026-08-31,debit,UPI Transfer,778.46,Household transfer,Rajkot,UPI
PS018-202608-038,PS018,2026-08-03,debit,Other,373.01,Everyday purchase,Rajkot,UPI
PS018-202608-039,PS018,2026-08-31,debit,Other,385.99,Everyday purchase,Rajkot,UPI
PS018-202608-040,PS018,2026-08-05,debit,EMI,18500,Scheduled loan EMI,Rajkot,Auto debit
PS019-202512-001,PS019,2025-12-01,credit,Salary,76000,Monthly salary,Surat,NEFT
PS019-202512-002,PS019,2025-12-02,debit,Food,661.57,Swiggy / local groceries,Surat,UPI
PS019-202512-003,PS019,2025-12-05,debit,Food,507.74,Swiggy / local groceries,Surat,UPI
PS019-202512-004,PS019,2025-12-08,debit,Food,651.74,Swiggy / local groceries,Surat,UPI
PS019-202512-005,PS019,2025-12-09,debit,Food,580.0,Swiggy / local groceries,Surat,UPI
PS019-202512-006,PS019,2025-12-13,debit,Food,404.68,Swiggy / local groceries,Surat,UPI
PS019-202512-007,PS019,2025-12-15,debit,Food,500.62,Swiggy / local groceries,Surat,UPI
PS019-202512-008,PS019,2025-12-17,debit,Food,593.98,Swiggy / local groceries,Surat,UPI
PS019-202512-009,PS019,2025-12-20,debit,Food,586.31,Swiggy / local groceries,Surat,UPI
PS019-202512-010,PS019,2025-12-22,debit,Food,530.75,Swiggy / local groceries,Surat,UPI
PS019-202512-011,PS019,2025-12-24,debit,Food,438.35,Swiggy / local groceries,Surat,UPI
PS019-202512-012,PS019,2025-12-27,debit,Food,488.56,Swiggy / local groceries,Surat,UPI
PS019-202512-013,PS019,2025-12-30,debit,Food,644.7,Swiggy / local groceries,Surat,UPI
PS019-202512-014,PS019,2025-12-03,debit,Shopping,1066.57,Amazon / local retail,Surat,UPI
PS019-202512-015,PS019,2025-12-12,debit,Shopping,1213.92,Amazon / local retail,Surat,UPI
PS019-202512-016,PS019,2025-12-20,debit,Shopping,1037.12,Amazon / local retail,Surat,UPI
PS019-202512-017,PS019,2025-12-31,debit,Shopping,1333.39,Amazon / local retail,Surat,UPI
PS019-202512-018,PS019,2025-12-02,debit,Transport,390.21,Metro / fuel,Surat,UPI
PS019-202512-019,PS019,2025-12-07,debit,Transport,311.54,Metro / fuel,Surat,UPI
PS019-202512-020,PS019,2025-12-11,debit,Transport,341.7,Metro / fuel,Surat,UPI
PS019-202512-021,PS019,2025-12-14,debit,Transport,382.06,Metro / fuel,Surat,UPI
PS019-202512-022,PS019,2025-12-19,debit,Transport,316.62,Metro / fuel,Surat,UPI
PS019-202512-023,PS019,2025-12-23,debit,Transport,408.58,Metro / fuel,Surat,UPI
PS019-202512-024,PS019,2025-12-26,debit,Transport,491.34,Metro / fuel,Surat,UPI
PS019-202512-025,PS019,2025-12-30,debit,Transport,458.95,Metro / fuel,Surat,UPI
PS019-202512-026,PS019,2025-12-03,debit,Bills,1143.48,Electricity / mobile,Surat,UPI
PS019-202512-027,PS019,2025-12-17,debit,Bills,1757.22,Electricity / mobile,Surat,UPI
PS019-202512-028,PS019,2025-12-30,debit,Bills,975.3,Electricity / mobile,Surat,UPI
PS019-202512-029,PS019,2025-12-02,debit,Rent,12016,Monthly rent,Surat,NEFT
PS019-202512-030,PS019,2025-12-02,debit,Education,969,Learning centre,Surat,UPI
PS019-202512-031,PS019,2025-12-02,debit,Healthcare,969,Pharmacy,Surat,UPI
PS019-202512-032,PS019,2025-12-03,debit,Entertainment,482.62,Cinema / streaming,Surat,UPI
PS019-202512-033,PS019,2025-12-17,debit,Entertainment,683.44,Cinema / streaming,Surat,UPI
PS019-202512-034,PS019,2025-12-31,debit,Entertainment,577.94,Cinema / streaming,Surat,UPI
PS019-202512-035,PS019,2025-12-02,debit,Investment,2326,Recurring investment,Surat,UPI
PS019-202512-036,PS019,2025-12-03,debit,UPI Transfer,944.95,Household transfer,Surat,UPI
PS019-202512-037,PS019,2025-12-31,debit,UPI Transfer,799.05,Household transfer,Surat,UPI
PS019-202512-038,PS019,2025-12-03,debit,Other,463.62,Everyday purchase,Surat,UPI
PS019-202512-039,PS019,2025-12-31,debit,Other,311.38,Everyday purchase,Surat,UPI
PS019-202512-040,PS019,2025-12-05,debit,EMI,9500,Scheduled loan EMI,Surat,Auto debit
PS019-202601-001,PS019,2026-01-01,credit,Salary,76000,Monthly salary,Surat,NEFT
PS019-202601-002,PS019,2026-01-03,debit,Food,577.2,Swiggy / local groceries,Surat,UPI
PS019-202601-003,PS019,2026-01-05,debit,Food,483.04,Swiggy / local groceries,Surat,UPI
PS019-202601-004,PS019,2026-01-08,debit,Food,574.36,Swiggy / local groceries,Surat,UPI
PS019-202601-005,PS019,2026-01-10,debit,Food,557.98,Swiggy / local groceries,Surat,UPI
PS019-202601-006,PS019,2026-01-12,debit,Food,676.87,Swiggy / local groceries,Surat,UPI
PS019-202601-007,PS019,2026-01-14,debit,Food,365.28,Swiggy / local groceries,Surat,UPI
PS019-202601-008,PS019,2026-01-17,debit,Food,466.08,Swiggy / local groceries,Surat,UPI
PS019-202601-009,PS019,2026-01-19,debit,Food,483.81,Swiggy / local groceries,Surat,UPI
PS019-202601-010,PS019,2026-01-22,debit,Food,569.48,Swiggy / local groceries,Surat,UPI
PS019-202601-011,PS019,2026-01-24,debit,Food,591.64,Swiggy / local groceries,Surat,UPI
PS019-202601-012,PS019,2026-01-28,debit,Food,626.99,Swiggy / local groceries,Surat,UPI
PS019-202601-013,PS019,2026-01-31,debit,Food,448.27,Swiggy / local groceries,Surat,UPI
PS019-202601-014,PS019,2026-01-03,debit,Shopping,996.37,Amazon / local retail,Surat,UPI
PS019-202601-015,PS019,2026-01-11,debit,Shopping,886.62,Amazon / local retail,Surat,UPI
PS019-202601-016,PS019,2026-01-20,debit,Shopping,1498.08,Amazon / local retail,Surat,UPI
PS019-202601-017,PS019,2026-01-31,debit,Shopping,1151.93,Amazon / local retail,Surat,UPI
PS019-202601-018,PS019,2026-01-03,debit,Transport,480.89,Metro / fuel,Surat,UPI
PS019-202601-019,PS019,2026-01-06,debit,Transport,423.73,Metro / fuel,Surat,UPI
PS019-202601-020,PS019,2026-01-10,debit,Transport,380.94,Metro / fuel,Surat,UPI
PS019-202601-021,PS019,2026-01-15,debit,Transport,364.69,Metro / fuel,Surat,UPI
PS019-202601-022,PS019,2026-01-19,debit,Transport,287.43,Metro / fuel,Surat,UPI
PS019-202601-023,PS019,2026-01-22,debit,Transport,343.36,Metro / fuel,Surat,UPI
PS019-202601-024,PS019,2026-01-26,debit,Transport,430.53,Metro / fuel,Surat,UPI
PS019-202601-025,PS019,2026-01-30,debit,Transport,310.43,Metro / fuel,Surat,UPI
PS019-202601-026,PS019,2026-01-03,debit,Bills,1420.68,Electricity / mobile,Surat,UPI
PS019-202601-027,PS019,2026-01-16,debit,Bills,1052.55,Electricity / mobile,Surat,UPI
PS019-202601-028,PS019,2026-01-30,debit,Bills,1303.77,Electricity / mobile,Surat,UPI
PS019-202601-029,PS019,2026-01-02,debit,Rent,11709,Monthly rent,Surat,NEFT
PS019-202601-030,PS019,2026-01-03,debit,Education,944,Learning centre,Surat,UPI
PS019-202601-031,PS019,2026-01-02,debit,Healthcare,944,Pharmacy,Surat,UPI
PS019-202601-032,PS019,2026-01-03,debit,Entertainment,428.73,Cinema / streaming,Surat,UPI
PS019-202601-033,PS019,2026-01-17,debit,Entertainment,650.15,Cinema / streaming,Surat,UPI
PS019-202601-034,PS019,2026-01-31,debit,Entertainment,621.12,Cinema / streaming,Surat,UPI
PS019-202601-035,PS019,2026-01-02,debit,Investment,2266,Recurring investment,Surat,UPI
PS019-202601-036,PS019,2026-01-02,debit,UPI Transfer,883.15,Household transfer,Surat,UPI
PS019-202601-037,PS019,2026-01-30,debit,UPI Transfer,816.85,Household transfer,Surat,UPI
PS019-202601-038,PS019,2026-01-03,debit,Other,303.77,Everyday purchase,Surat,UPI
PS019-202601-039,PS019,2026-01-31,debit,Other,451.23,Everyday purchase,Surat,UPI
PS019-202601-040,PS019,2026-01-05,debit,EMI,9500,Scheduled loan EMI,Surat,Auto debit
PS019-202602-001,PS019,2026-02-01,credit,Salary,76000,Monthly salary,Surat,NEFT
PS019-202602-002,PS019,2026-02-03,debit,Food,410.24,Swiggy / local groceries,Surat,UPI
PS019-202602-003,PS019,2026-02-05,debit,Food,483.01,Swiggy / local groceries,Surat,UPI
PS019-202602-004,PS019,2026-02-06,debit,Food,601.52,Swiggy / local groceries,Surat,UPI
PS019-202602-005,PS019,2026-02-08,debit,Food,566.47,Swiggy / local groceries,Surat,UPI
PS019-202602-006,PS019,2026-02-12,debit,Food,446.95,Swiggy / local groceries,Surat,UPI
PS019-202602-007,PS019,2026-02-13,debit,Food,508.27,Swiggy / local groceries,Surat,UPI
PS019-202602-008,PS019,2026-02-15,debit,Food,519.15,Swiggy / local groceries,Surat,UPI
PS019-202602-009,PS019,2026-02-17,debit,Food,406.38,Swiggy / local groceries,Surat,UPI
PS019-202602-010,PS019,2026-02-21,debit,Food,634.0,Swiggy / local groceries,Surat,UPI
PS019-202602-011,PS019,2026-02-23,debit,Food,502.6,Swiggy / local groceries,Surat,UPI
PS019-202602-012,PS019,2026-02-25,debit,Food,550.58,Swiggy / local groceries,Surat,UPI
PS019-202602-013,PS019,2026-02-28,debit,Food,623.83,Swiggy / local groceries,Surat,UPI
PS019-202602-014,PS019,2026-02-03,debit,Shopping,1256.58,Amazon / local retail,Surat,UPI
PS019-202602-015,PS019,2026-02-10,debit,Shopping,1292.42,Amazon / local retail,Surat,UPI
PS019-202602-016,PS019,2026-02-19,debit,Shopping,856.4,Amazon / local retail,Surat,UPI
PS019-202602-017,PS019,2026-02-28,debit,Shopping,1008.6,Amazon / local retail,Surat,UPI
PS019-202602-018,PS019,2026-02-03,debit,Transport,348.44,Metro / fuel,Surat,UPI
PS019-202602-019,PS019,2026-02-05,debit,Transport,318.59,Metro / fuel,Surat,UPI
PS019-202602-020,PS019,2026-02-09,debit,Transport,363.2,Metro / fuel,Surat,UPI
PS019-202602-021,PS019,2026-02-13,debit,Transport,271.23,Metro / fuel,Surat,UPI
PS019-202602-022,PS019,2026-02-17,debit,Transport,463.88,Metro / fuel,Surat,UPI
PS019-202602-023,PS019,2026-02-20,debit,Transport,323.58,Metro / fuel,Surat,UPI
PS019-202602-024,PS019,2026-02-24,debit,Transport,457.89,Metro / fuel,Surat,UPI
PS019-202602-025,PS019,2026-02-27,debit,Transport,396.19,Metro / fuel,Surat,UPI
PS019-202602-026,PS019,2026-02-03,debit,Bills,1341.81,Electricity / mobile,Surat,UPI
PS019-202602-027,PS019,2026-02-15,debit,Bills,1115.06,Electricity / mobile,Surat,UPI
PS019-202602-028,PS019,2026-02-27,debit,Bills,1221.13,Electricity / mobile,Surat,UPI
PS019-202602-029,PS019,2026-02-03,debit,Rent,11403,Monthly rent,Surat,NEFT
PS019-202602-030,PS019,2026-02-03,debit,Education,920,Learning centre,Surat,UPI
PS019-202602-031,PS019,2026-02-03,debit,Healthcare,920,Pharmacy,Surat,UPI
PS019-202602-032,PS019,2026-02-02,debit,Entertainment,566.9,Cinema / streaming,Surat,UPI
PS019-202602-033,PS019,2026-02-15,debit,Entertainment,540.74,Cinema / streaming,Surat,UPI
PS019-202602-034,PS019,2026-02-28,debit,Entertainment,547.36,Cinema / streaming,Surat,UPI
PS019-202602-035,PS019,2026-02-03,debit,Investment,2207,Recurring investment,Surat,UPI
PS019-202602-036,PS019,2026-02-02,debit,UPI Transfer,637.27,Household transfer,Surat,UPI
PS019-202602-037,PS019,2026-02-28,debit,UPI Transfer,1017.73,Household transfer,Surat,UPI
PS019-202602-038,PS019,2026-02-02,debit,Other,314.08,Everyday purchase,Surat,UPI
PS019-202602-039,PS019,2026-02-28,debit,Other,421.92,Everyday purchase,Surat,UPI
PS019-202602-040,PS019,2026-02-05,debit,EMI,9500,Scheduled loan EMI,Surat,Auto debit
PS019-202603-001,PS019,2026-03-01,credit,Salary,76000,Monthly salary,Surat,NEFT
PS019-202603-002,PS019,2026-03-02,debit,Food,472.86,Swiggy / local groceries,Surat,UPI
PS019-202603-003,PS019,2026-03-05,debit,Food,592.71,Swiggy / local groceries,Surat,UPI
PS019-202603-004,PS019,2026-03-08,debit,Food,664.78,Swiggy / local groceries,Surat,UPI
PS019-202603-005,PS019,2026-03-10,debit,Food,439.32,Swiggy / local groceries,Surat,UPI
PS019-202603-006,PS019,2026-03-12,debit,Food,494.24,Swiggy / local groceries,Surat,UPI
PS019-202603-007,PS019,2026-03-14,debit,Food,383.45,Swiggy / local groceries,Surat,UPI
PS019-202603-008,PS019,2026-03-17,debit,Food,374.8,Swiggy / local groceries,Surat,UPI
PS019-202603-009,PS019,2026-03-19,debit,Food,565.17,Swiggy / local groceries,Surat,UPI
PS019-202603-010,PS019,2026-03-23,debit,Food,627.09,Swiggy / local groceries,Surat,UPI
PS019-202603-011,PS019,2026-03-24,debit,Food,517.8,Swiggy / local groceries,Surat,UPI
PS019-202603-012,PS019,2026-03-28,debit,Food,428.16,Swiggy / local groceries,Surat,UPI
PS019-202603-013,PS019,2026-03-31,debit,Food,524.62,Swiggy / local groceries,Surat,UPI
PS019-202603-014,PS019,2026-03-03,debit,Shopping,1075.27,Amazon / local retail,Surat,UPI
PS019-202603-015,PS019,2026-03-11,debit,Shopping,1017.84,Amazon / local retail,Surat,UPI
PS019-202603-016,PS019,2026-03-21,debit,Shopping,1055.63,Amazon / local retail,Surat,UPI
PS019-202603-017,PS019,2026-03-30,debit,Shopping,1147.26,Amazon / local retail,Surat,UPI
PS019-202603-018,PS019,2026-03-02,debit,Transport,329.1,Metro / fuel,Surat,UPI
PS019-202603-019,PS019,2026-03-06,debit,Transport,343.39,Metro / fuel,Surat,UPI
PS019-202603-020,PS019,2026-03-11,debit,Transport,258.6,Metro / fuel,Surat,UPI
PS019-202603-021,PS019,2026-03-14,debit,Transport,412.6,Metro / fuel,Surat,UPI
PS019-202603-022,PS019,2026-03-19,debit,Transport,338.32,Metro / fuel,Surat,UPI
PS019-202603-023,PS019,2026-03-22,debit,Transport,413.32,Metro / fuel,Surat,UPI
PS019-202603-024,PS019,2026-03-26,debit,Transport,390.18,Metro / fuel,Surat,UPI
PS019-202603-025,PS019,2026-03-31,debit,Transport,378.49,Metro / fuel,Surat,UPI
PS019-202603-026,PS019,2026-03-02,debit,Bills,1091.11,Electricity / mobile,Surat,UPI
PS019-202603-027,PS019,2026-03-17,debit,Bills,1000.74,Electricity / mobile,Surat,UPI
PS019-202603-028,PS019,2026-03-30,debit,Bills,1488.15,Electricity / mobile,Surat,UPI
PS019-202603-029,PS019,2026-03-03,debit,Rent,11097,Monthly rent,Surat,NEFT
PS019-202603-030,PS019,2026-03-02,debit,Education,895,Learning centre,Surat,UPI
PS019-202603-031,PS019,2026-03-03,debit,Healthcare,895,Pharmacy,Surat,UPI
PS019-202603-032,PS019,2026-03-02,debit,Entertainment,603.24,Cinema / streaming,Surat,UPI
PS019-202603-033,PS019,2026-03-17,debit,Entertainment,584.72,Cinema / streaming,Surat,UPI
PS019-202603-034,PS019,2026-03-30,debit,Entertainment,423.04,Cinema / streaming,Surat,UPI
PS019-202603-035,PS019,2026-03-03,debit,Investment,2148,Recurring investment,Surat,UPI
PS019-202603-036,PS019,2026-03-03,debit,UPI Transfer,596.66,Household transfer,Surat,UPI
PS019-202603-037,PS019,2026-03-30,debit,UPI Transfer,1014.34,Household transfer,Surat,UPI
PS019-202603-038,PS019,2026-03-03,debit,Other,272.2,Everyday purchase,Surat,UPI
PS019-202603-039,PS019,2026-03-30,debit,Other,443.8,Everyday purchase,Surat,UPI
PS019-202603-040,PS019,2026-03-05,debit,EMI,9500,Scheduled loan EMI,Surat,Auto debit
PS019-202604-001,PS019,2026-04-01,credit,Salary,76000,Monthly salary,Surat,NEFT
PS019-202604-002,PS019,2026-04-02,debit,Food,470.41,Swiggy / local groceries,Surat,UPI
PS019-202604-003,PS019,2026-04-04,debit,Food,577.26,Swiggy / local groceries,Surat,UPI
PS019-202604-004,PS019,2026-04-07,debit,Food,496.13,Swiggy / local groceries,Surat,UPI
PS019-202604-005,PS019,2026-04-09,debit,Food,398.57,Swiggy / local groceries,Surat,UPI
PS019-202604-006,PS019,2026-04-11,debit,Food,525.42,Swiggy / local groceries,Surat,UPI
PS019-202604-007,PS019,2026-04-15,debit,Food,540.23,Swiggy / local groceries,Surat,UPI
PS019-202604-008,PS019,2026-04-17,debit,Food,437.03,Swiggy / local groceries,Surat,UPI
PS019-202604-009,PS019,2026-04-19,debit,Food,576.88,Swiggy / local groceries,Surat,UPI
PS019-202604-010,PS019,2026-04-22,debit,Food,567.27,Swiggy / local groceries,Surat,UPI
PS019-202604-011,PS019,2026-04-24,debit,Food,425.21,Swiggy / local groceries,Surat,UPI
PS019-202604-012,PS019,2026-04-27,debit,Food,352.97,Swiggy / local groceries,Surat,UPI
PS019-202604-013,PS019,2026-04-30,debit,Food,549.62,Swiggy / local groceries,Surat,UPI
PS019-202604-014,PS019,2026-04-02,debit,Shopping,1099.93,Amazon / local retail,Surat,UPI
PS019-202604-015,PS019,2026-04-11,debit,Shopping,1222.85,Amazon / local retail,Surat,UPI
PS019-202604-016,PS019,2026-04-21,debit,Shopping,767.88,Amazon / local retail,Surat,UPI
PS019-202604-017,PS019,2026-04-29,debit,Shopping,1086.34,Amazon / local retail,Surat,UPI
PS019-202604-018,PS019,2026-04-03,debit,Transport,231.64,Metro / fuel,Surat,UPI
PS019-202604-019,PS019,2026-04-05,debit,Transport,385.55,Metro / fuel,Surat,UPI
PS019-202604-020,PS019,2026-04-10,debit,Transport,409.08,Metro / fuel,Surat,UPI
PS019-202604-021,PS019,2026-04-14,debit,Transport,242.51,Metro / fuel,Surat,UPI
PS019-202604-022,PS019,2026-04-18,debit,Transport,376.81,Metro / fuel,Surat,UPI
PS019-202604-023,PS019,2026-04-22,debit,Transport,411.11,Metro / fuel,Surat,UPI
PS019-202604-024,PS019,2026-04-25,debit,Transport,341.26,Metro / fuel,Surat,UPI
PS019-202604-025,PS019,2026-04-30,debit,Transport,387.04,Metro / fuel,Surat,UPI
PS019-202604-026,PS019,2026-04-03,debit,Bills,1236.75,Electricity / mobile,Surat,UPI
PS019-202604-027,PS019,2026-04-16,debit,Bills,1215.9,Electricity / mobile,Surat,UPI
PS019-202604-028,PS019,2026-04-29,debit,Bills,1028.35,Electricity / mobile,Surat,UPI
PS019-202604-029,PS019,2026-04-03,debit,Rent,10790,Monthly rent,Surat,NEFT
PS019-202604-030,PS019,2026-04-02,debit,Education,870,Learning centre,Surat,UPI
PS019-202604-031,PS019,2026-04-03,debit,Healthcare,870,Pharmacy,Surat,UPI
PS019-202604-032,PS019,2026-04-03,debit,Entertainment,512.35,Cinema / streaming,Surat,UPI
PS019-202604-033,PS019,2026-04-16,debit,Entertainment,620.04,Cinema / streaming,Surat,UPI
PS019-202604-034,PS019,2026-04-29,debit,Entertainment,433.61,Cinema / streaming,Surat,UPI
PS019-202604-035,PS019,2026-04-03,debit,Investment,2088,Recurring investment,Surat,UPI
PS019-202604-036,PS019,2026-04-03,debit,UPI Transfer,665.29,Household transfer,Surat,UPI
PS019-202604-037,PS019,2026-04-29,debit,UPI Transfer,900.71,Household transfer,Surat,UPI
PS019-202604-038,PS019,2026-04-03,debit,Other,394.62,Everyday purchase,Surat,UPI
PS019-202604-039,PS019,2026-04-29,debit,Other,301.38,Everyday purchase,Surat,UPI
PS019-202604-040,PS019,2026-04-05,debit,EMI,9500,Scheduled loan EMI,Surat,Auto debit
PS019-202605-001,PS019,2026-05-01,credit,Salary,76000,Monthly salary,Surat,NEFT
PS019-202605-002,PS019,2026-05-02,debit,Food,342.25,Swiggy / local groceries,Surat,UPI
PS019-202605-003,PS019,2026-05-05,debit,Food,589.56,Swiggy / local groceries,Surat,UPI
PS019-202605-004,PS019,2026-05-07,debit,Food,517.69,Swiggy / local groceries,Surat,UPI
PS019-202605-005,PS019,2026-05-09,debit,Food,547.63,Swiggy / local groceries,Surat,UPI
PS019-202605-006,PS019,2026-05-13,debit,Food,377.3,Swiggy / local groceries,Surat,UPI
PS019-202605-007,PS019,2026-05-15,debit,Food,478.26,Swiggy / local groceries,Surat,UPI
PS019-202605-008,PS019,2026-05-18,debit,Food,558.55,Swiggy / local groceries,Surat,UPI
PS019-202605-009,PS019,2026-05-20,debit,Food,360.02,Swiggy / local groceries,Surat,UPI
PS019-202605-010,PS019,2026-05-23,debit,Food,448.98,Swiggy / local groceries,Surat,UPI
PS019-202605-011,PS019,2026-05-25,debit,Food,523.8,Swiggy / local groceries,Surat,UPI
PS019-202605-012,PS019,2026-05-27,debit,Food,491.75,Swiggy / local groceries,Surat,UPI
PS019-202605-013,PS019,2026-05-31,debit,Food,513.21,Swiggy / local groceries,Surat,UPI
PS019-202605-014,PS019,2026-05-02,debit,Shopping,1270.02,Amazon / local retail,Surat,UPI
PS019-202605-015,PS019,2026-05-11,debit,Shopping,912.13,Amazon / local retail,Surat,UPI
PS019-202605-016,PS019,2026-05-20,debit,Shopping,1038.4,Amazon / local retail,Surat,UPI
PS019-202605-017,PS019,2026-05-30,debit,Shopping,837.45,Amazon / local retail,Surat,UPI
PS019-202605-018,PS019,2026-05-03,debit,Transport,380.42,Metro / fuel,Surat,UPI
PS019-202605-019,PS019,2026-05-07,debit,Transport,402.0,Metro / fuel,Surat,UPI
PS019-202605-020,PS019,2026-05-10,debit,Transport,340.57,Metro / fuel,Surat,UPI
PS019-202605-021,PS019,2026-05-14,debit,Transport,360.93,Metro / fuel,Surat,UPI
PS019-202605-022,PS019,2026-05-18,debit,Transport,283.8,Metro / fuel,Surat,UPI
PS019-202605-023,PS019,2026-05-23,debit,Transport,324.59,Metro / fuel,Surat,UPI
PS019-202605-024,PS019,2026-05-26,debit,Transport,259.37,Metro / fuel,Surat,UPI
PS019-202605-025,PS019,2026-05-31,debit,Transport,354.32,Metro / fuel,Surat,UPI
PS019-202605-026,PS019,2026-05-02,debit,Bills,1128.92,Electricity / mobile,Surat,UPI
PS019-202605-027,PS019,2026-05-16,debit,Bills,1231.35,Electricity / mobile,Surat,UPI
PS019-202605-028,PS019,2026-05-31,debit,Bills,1021.73,Electricity / mobile,Surat,UPI
PS019-202605-029,PS019,2026-05-02,debit,Rent,10484,Monthly rent,Surat,NEFT
PS019-202605-030,PS019,2026-05-03,debit,Education,846,Learning centre,Surat,UPI
PS019-202605-031,PS019,2026-05-02,debit,Healthcare,846,Pharmacy,Surat,UPI
PS019-202605-032,PS019,2026-05-02,debit,Entertainment,437.49,Cinema / streaming,Surat,UPI
PS019-202605-033,PS019,2026-05-16,debit,Entertainment,634.39,Cinema / streaming,Surat,UPI
PS019-202605-034,PS019,2026-05-31,debit,Entertainment,450.12,Cinema / streaming,Surat,UPI
PS019-202605-035,PS019,2026-05-03,debit,Investment,2029,Recurring investment,Surat,UPI
PS019-202605-036,PS019,2026-05-03,debit,UPI Transfer,657.23,Household transfer,Surat,UPI
PS019-202605-037,PS019,2026-05-31,debit,UPI Transfer,864.77,Household transfer,Surat,UPI
PS019-202605-038,PS019,2026-05-02,debit,Other,281.87,Everyday purchase,Surat,UPI
PS019-202605-039,PS019,2026-05-30,debit,Other,394.13,Everyday purchase,Surat,UPI
PS019-202605-040,PS019,2026-05-05,debit,EMI,9500,Scheduled loan EMI,Surat,Auto debit
PS019-202606-001,PS019,2026-06-01,credit,Salary,76000,Monthly salary,Surat,NEFT
PS019-202606-002,PS019,2026-06-03,debit,Food,352.2,Swiggy / local groceries,Surat,UPI
PS019-202606-003,PS019,2026-06-04,debit,Food,448.61,Swiggy / local groceries,Surat,UPI
PS019-202606-004,PS019,2026-06-06,debit,Food,389.57,Swiggy / local groceries,Surat,UPI
PS019-202606-005,PS019,2026-06-10,debit,Food,608.95,Swiggy / local groceries,Surat,UPI
PS019-202606-006,PS019,2026-06-11,debit,Food,429.5,Swiggy / local groceries,Surat,UPI
PS019-202606-007,PS019,2026-06-15,debit,Food,632.35,Swiggy / local groceries,Surat,UPI
PS019-202606-008,PS019,2026-06-16,debit,Food,400.67,Swiggy / local groceries,Surat,UPI
PS019-202606-009,PS019,2026-06-20,debit,Food,395.77,Swiggy / local groceries,Surat,UPI
PS019-202606-010,PS019,2026-06-21,debit,Food,561.91,Swiggy / local groceries,Surat,UPI
PS019-202606-011,PS019,2026-06-24,debit,Food,580.33,Swiggy / local groceries,Surat,UPI
PS019-202606-012,PS019,2026-06-26,debit,Food,400.3,Swiggy / local groceries,Surat,UPI
PS019-202606-013,PS019,2026-06-29,debit,Food,380.84,Swiggy / local groceries,Surat,UPI
PS019-202606-014,PS019,2026-06-03,debit,Shopping,889.72,Amazon / local retail,Surat,UPI
PS019-202606-015,PS019,2026-06-11,debit,Shopping,1074.93,Amazon / local retail,Surat,UPI
PS019-202606-016,PS019,2026-06-20,debit,Shopping,1035.37,Amazon / local retail,Surat,UPI
PS019-202606-017,PS019,2026-06-29,debit,Shopping,939.98,Amazon / local retail,Surat,UPI
PS019-202606-018,PS019,2026-06-03,debit,Transport,407.27,Metro / fuel,Surat,UPI
PS019-202606-019,PS019,2026-06-06,debit,Transport,424.94,Metro / fuel,Surat,UPI
PS019-202606-020,PS019,2026-06-09,debit,Transport,322.0,Metro / fuel,Surat,UPI
PS019-202606-021,PS019,2026-06-13,debit,Transport,278.18,Metro / fuel,Surat,UPI
PS019-202606-022,PS019,2026-06-18,debit,Transport,310.25,Metro / fuel,Surat,UPI
PS019-202606-023,PS019,2026-06-21,debit,Transport,342.7,Metro / fuel,Surat,UPI
PS019-202606-024,PS019,2026-06-26,debit,Transport,265.49,Metro / fuel,Surat,UPI
PS019-202606-025,PS019,2026-06-29,debit,Transport,276.17,Metro / fuel,Surat,UPI
PS019-202606-026,PS019,2026-06-03,debit,Bills,991.56,Electricity / mobile,Surat,UPI
PS019-202606-027,PS019,2026-06-16,debit,Bills,1029.06,Electricity / mobile,Surat,UPI
PS019-202606-028,PS019,2026-06-29,debit,Bills,1262.38,Electricity / mobile,Surat,UPI
PS019-202606-029,PS019,2026-06-03,debit,Rent,10178,Monthly rent,Surat,NEFT
PS019-202606-030,PS019,2026-06-02,debit,Education,821,Learning centre,Surat,UPI
PS019-202606-031,PS019,2026-06-03,debit,Healthcare,821,Pharmacy,Surat,UPI
PS019-202606-032,PS019,2026-06-02,debit,Entertainment,406.74,Cinema / streaming,Surat,UPI
PS019-202606-033,PS019,2026-06-15,debit,Entertainment,584.52,Cinema / streaming,Surat,UPI
PS019-202606-034,PS019,2026-06-30,debit,Entertainment,485.74,Cinema / streaming,Surat,UPI
PS019-202606-035,PS019,2026-06-02,debit,Investment,1970,Recurring investment,Surat,UPI
PS019-202606-036,PS019,2026-06-02,debit,UPI Transfer,850.47,Household transfer,Surat,UPI
PS019-202606-037,PS019,2026-06-30,debit,UPI Transfer,626.53,Household transfer,Surat,UPI
PS019-202606-038,PS019,2026-06-03,debit,Other,364.88,Everyday purchase,Surat,UPI
PS019-202606-039,PS019,2026-06-29,debit,Other,292.12,Everyday purchase,Surat,UPI
PS019-202606-040,PS019,2026-06-05,debit,EMI,9500,Scheduled loan EMI,Surat,Auto debit
PS019-202607-001,PS019,2026-07-01,credit,Salary,76000,Monthly salary,Surat,NEFT
PS019-202607-002,PS019,2026-07-02,debit,Food,556.94,Swiggy / local groceries,Surat,UPI
PS019-202607-003,PS019,2026-07-05,debit,Food,451.97,Swiggy / local groceries,Surat,UPI
PS019-202607-004,PS019,2026-07-07,debit,Food,331.22,Swiggy / local groceries,Surat,UPI
PS019-202607-005,PS019,2026-07-09,debit,Food,501.64,Swiggy / local groceries,Surat,UPI
PS019-202607-006,PS019,2026-07-12,debit,Food,431.75,Swiggy / local groceries,Surat,UPI
PS019-202607-007,PS019,2026-07-14,debit,Food,386.27,Swiggy / local groceries,Surat,UPI
PS019-202607-008,PS019,2026-07-17,debit,Food,365.31,Swiggy / local groceries,Surat,UPI
PS019-202607-009,PS019,2026-07-20,debit,Food,572.62,Swiggy / local groceries,Surat,UPI
PS019-202607-010,PS019,2026-07-23,debit,Food,539.5,Swiggy / local groceries,Surat,UPI
PS019-202607-011,PS019,2026-07-25,debit,Food,395.87,Swiggy / local groceries,Surat,UPI
PS019-202607-012,PS019,2026-07-28,debit,Food,537.81,Swiggy / local groceries,Surat,UPI
PS019-202607-013,PS019,2026-07-30,debit,Food,342.1,Swiggy / local groceries,Surat,UPI
PS019-202607-014,PS019,2026-07-03,debit,Shopping,792.3,Amazon / local retail,Surat,UPI
PS019-202607-015,PS019,2026-07-12,debit,Shopping,1184.02,Amazon / local retail,Surat,UPI
PS019-202607-016,PS019,2026-07-21,debit,Shopping,907.67,Amazon / local retail,Surat,UPI
PS019-202607-017,PS019,2026-07-31,debit,Shopping,937.01,Amazon / local retail,Surat,UPI
PS019-202607-018,PS019,2026-07-03,debit,Transport,225.27,Metro / fuel,Surat,UPI
PS019-202607-019,PS019,2026-07-06,debit,Transport,369.94,Metro / fuel,Surat,UPI
PS019-202607-020,PS019,2026-07-10,debit,Transport,379.26,Metro / fuel,Surat,UPI
PS019-202607-021,PS019,2026-07-15,debit,Transport,390.98,Metro / fuel,Surat,UPI
PS019-202607-022,PS019,2026-07-18,debit,Transport,240.84,Metro / fuel,Surat,UPI
PS019-202607-023,PS019,2026-07-22,debit,Transport,342.29,Metro / fuel,Surat,UPI
PS019-202607-024,PS019,2026-07-26,debit,Transport,351.81,Metro / fuel,Surat,UPI
PS019-202607-025,PS019,2026-07-31,debit,Transport,247.61,Metro / fuel,Surat,UPI
PS019-202607-026,PS019,2026-07-03,debit,Bills,1282.35,Electricity / mobile,Surat,UPI
PS019-202607-027,PS019,2026-07-16,debit,Bills,801.33,Electricity / mobile,Surat,UPI
PS019-202607-028,PS019,2026-07-30,debit,Bills,1100.32,Electricity / mobile,Surat,UPI
PS019-202607-029,PS019,2026-07-02,debit,Rent,9872,Monthly rent,Surat,NEFT
PS019-202607-030,PS019,2026-07-02,debit,Education,796,Learning centre,Surat,UPI
PS019-202607-031,PS019,2026-07-03,debit,Healthcare,796,Pharmacy,Surat,UPI
PS019-202607-032,PS019,2026-07-02,debit,Entertainment,466.89,Cinema / streaming,Surat,UPI
PS019-202607-033,PS019,2026-07-16,debit,Entertainment,461.35,Cinema / streaming,Surat,UPI
PS019-202607-034,PS019,2026-07-30,debit,Entertainment,504.76,Cinema / streaming,Surat,UPI
PS019-202607-035,PS019,2026-07-03,debit,Investment,1911,Recurring investment,Surat,UPI
PS019-202607-036,PS019,2026-07-02,debit,UPI Transfer,651.05,Household transfer,Surat,UPI
PS019-202607-037,PS019,2026-07-31,debit,UPI Transfer,781.95,Household transfer,Surat,UPI
PS019-202607-038,PS019,2026-07-03,debit,Other,342.18,Everyday purchase,Surat,UPI
PS019-202607-039,PS019,2026-07-31,debit,Other,294.82,Everyday purchase,Surat,UPI
PS019-202607-040,PS019,2026-07-05,debit,EMI,9500,Scheduled loan EMI,Surat,Auto debit
PS019-202608-001,PS019,2026-08-01,credit,Salary,76000,Monthly salary,Surat,NEFT
PS019-202608-002,PS019,2026-08-03,debit,Food,342.38,Swiggy / local groceries,Surat,UPI
PS019-202608-003,PS019,2026-08-05,debit,Food,532.2,Swiggy / local groceries,Surat,UPI
PS019-202608-004,PS019,2026-08-08,debit,Food,382.83,Swiggy / local groceries,Surat,UPI
PS019-202608-005,PS019,2026-08-10,debit,Food,348.76,Swiggy / local groceries,Surat,UPI
PS019-202608-006,PS019,2026-08-13,debit,Food,550.22,Swiggy / local groceries,Surat,UPI
PS019-202608-007,PS019,2026-08-14,debit,Food,528.75,Swiggy / local groceries,Surat,UPI
PS019-202608-008,PS019,2026-08-18,debit,Food,411.96,Swiggy / local groceries,Surat,UPI
PS019-202608-009,PS019,2026-08-19,debit,Food,308.44,Swiggy / local groceries,Surat,UPI
PS019-202608-010,PS019,2026-08-23,debit,Food,458.55,Swiggy / local groceries,Surat,UPI
PS019-202608-011,PS019,2026-08-25,debit,Food,465.78,Swiggy / local groceries,Surat,UPI
PS019-202608-012,PS019,2026-08-27,debit,Food,392.01,Swiggy / local groceries,Surat,UPI
PS019-202608-013,PS019,2026-08-31,debit,Food,524.12,Swiggy / local groceries,Surat,UPI
PS019-202608-014,PS019,2026-08-02,debit,Shopping,994.06,Amazon / local retail,Surat,UPI
PS019-202608-015,PS019,2026-08-11,debit,Shopping,877.2,Amazon / local retail,Surat,UPI
PS019-202608-016,PS019,2026-08-20,debit,Shopping,753.51,Amazon / local retail,Surat,UPI
PS019-202608-017,PS019,2026-08-31,debit,Shopping,1078.23,Amazon / local retail,Surat,UPI
PS019-202608-018,PS019,2026-08-02,debit,Transport,250.99,Metro / fuel,Surat,UPI
PS019-202608-019,PS019,2026-08-07,debit,Transport,289.74,Metro / fuel,Surat,UPI
PS019-202608-020,PS019,2026-08-11,debit,Transport,238.7,Metro / fuel,Surat,UPI
PS019-202608-021,PS019,2026-08-14,debit,Transport,346.09,Metro / fuel,Surat,UPI
PS019-202608-022,PS019,2026-08-18,debit,Transport,409.81,Metro / fuel,Surat,UPI
PS019-202608-023,PS019,2026-08-23,debit,Transport,276.08,Metro / fuel,Surat,UPI
PS019-202608-024,PS019,2026-08-27,debit,Transport,376.63,Metro / fuel,Surat,UPI
PS019-202608-025,PS019,2026-08-30,debit,Transport,279.96,Metro / fuel,Surat,UPI
PS019-202608-026,PS019,2026-08-03,debit,Bills,908.59,Electricity / mobile,Surat,UPI
PS019-202608-027,PS019,2026-08-17,debit,Bills,1020.28,Electricity / mobile,Surat,UPI
PS019-202608-028,PS019,2026-08-30,debit,Bills,1157.13,Electricity / mobile,Surat,UPI
PS019-202608-029,PS019,2026-08-02,debit,Rent,9565,Monthly rent,Surat,NEFT
PS019-202608-030,PS019,2026-08-03,debit,Education,771,Learning centre,Surat,UPI
PS019-202608-031,PS019,2026-08-03,debit,Healthcare,771,Pharmacy,Surat,UPI
PS019-202608-032,PS019,2026-08-03,debit,Entertainment,445.75,Cinema / streaming,Surat,UPI
PS019-202608-033,PS019,2026-08-16,debit,Entertainment,383.58,Cinema / streaming,Surat,UPI
PS019-202608-034,PS019,2026-08-31,debit,Entertainment,559.67,Cinema / streaming,Surat,UPI
PS019-202608-035,PS019,2026-08-03,debit,Investment,1851,Recurring investment,Surat,UPI
PS019-202608-036,PS019,2026-08-03,debit,UPI Transfer,802.79,Household transfer,Surat,UPI
PS019-202608-037,PS019,2026-08-31,debit,UPI Transfer,586.21,Household transfer,Surat,UPI
PS019-202608-038,PS019,2026-08-02,debit,Other,321.17,Everyday purchase,Surat,UPI
PS019-202608-039,PS019,2026-08-31,debit,Other,295.83,Everyday purchase,Surat,UPI
PS019-202608-040,PS019,2026-08-05,debit,EMI,9500,Scheduled loan EMI,Surat,Auto debit
PS020-202512-001,PS020,2025-12-01,credit,Salary,63000,Monthly salary,Mumbai,NEFT
PS020-202512-002,PS020,2025-12-03,debit,Food,543.36,Swiggy / local groceries,Mumbai,UPI
PS020-202512-003,PS020,2025-12-05,debit,Food,569.3,Swiggy / local groceries,Mumbai,UPI
PS020-202512-004,PS020,2025-12-08,debit,Food,496.24,Swiggy / local groceries,Mumbai,UPI
PS020-202512-005,PS020,2025-12-09,debit,Food,430.34,Swiggy / local groceries,Mumbai,UPI
PS020-202512-006,PS020,2025-12-13,debit,Food,406.56,Swiggy / local groceries,Mumbai,UPI
PS020-202512-007,PS020,2025-12-14,debit,Food,422.43,Swiggy / local groceries,Mumbai,UPI
PS020-202512-008,PS020,2025-12-17,debit,Food,635.93,Swiggy / local groceries,Mumbai,UPI
PS020-202512-009,PS020,2025-12-19,debit,Food,515.63,Swiggy / local groceries,Mumbai,UPI
PS020-202512-010,PS020,2025-12-22,debit,Food,598.05,Swiggy / local groceries,Mumbai,UPI
PS020-202512-011,PS020,2025-12-24,debit,Food,462.03,Swiggy / local groceries,Mumbai,UPI
PS020-202512-012,PS020,2025-12-27,debit,Food,647.68,Swiggy / local groceries,Mumbai,UPI
PS020-202512-013,PS020,2025-12-31,debit,Food,377.45,Swiggy / local groceries,Mumbai,UPI
PS020-202512-014,PS020,2025-12-03,debit,Shopping,1076.01,Amazon / local retail,Mumbai,UPI
PS020-202512-015,PS020,2025-12-12,debit,Shopping,939.05,Amazon / local retail,Mumbai,UPI
PS020-202512-016,PS020,2025-12-21,debit,Shopping,1324.62,Amazon / local retail,Mumbai,UPI
PS020-202512-017,PS020,2025-12-30,debit,Shopping,969.32,Amazon / local retail,Mumbai,UPI
PS020-202512-018,PS020,2025-12-03,debit,Transport,385.53,Metro / fuel,Mumbai,UPI
PS020-202512-019,PS020,2025-12-07,debit,Transport,374.1,Metro / fuel,Mumbai,UPI
PS020-202512-020,PS020,2025-12-10,debit,Transport,377.49,Metro / fuel,Mumbai,UPI
PS020-202512-021,PS020,2025-12-15,debit,Transport,344.16,Metro / fuel,Mumbai,UPI
PS020-202512-022,PS020,2025-12-18,debit,Transport,379.44,Metro / fuel,Mumbai,UPI
PS020-202512-023,PS020,2025-12-23,debit,Transport,432.17,Metro / fuel,Mumbai,UPI
PS020-202512-024,PS020,2025-12-27,debit,Transport,292.03,Metro / fuel,Mumbai,UPI
PS020-202512-025,PS020,2025-12-31,debit,Transport,288.08,Metro / fuel,Mumbai,UPI
PS020-202512-026,PS020,2025-12-02,debit,Bills,1064.71,Electricity / mobile,Mumbai,UPI
PS020-202512-027,PS020,2025-12-17,debit,Bills,1393.8,Electricity / mobile,Mumbai,UPI
PS020-202512-028,PS020,2025-12-30,debit,Bills,1132.49,Electricity / mobile,Mumbai,UPI
PS020-202512-029,PS020,2025-12-02,debit,Rent,11132,Monthly rent,Mumbai,NEFT
PS020-202512-030,PS020,2025-12-02,debit,Education,898,Learning centre,Mumbai,UPI
PS020-202512-031,PS020,2025-12-02,debit,Healthcare,898,Pharmacy,Mumbai,UPI
PS020-202512-032,PS020,2025-12-02,debit,Entertainment,546.08,Cinema / streaming,Mumbai,UPI
PS020-202512-033,PS020,2025-12-16,debit,Entertainment,410.45,Cinema / streaming,Mumbai,UPI
PS020-202512-034,PS020,2025-12-30,debit,Entertainment,659.47,Cinema / streaming,Mumbai,UPI
PS020-202512-035,PS020,2025-12-02,debit,Investment,2155,Recurring investment,Mumbai,UPI
PS020-202512-036,PS020,2025-12-03,debit,UPI Transfer,798.37,Household transfer,Mumbai,UPI
PS020-202512-037,PS020,2025-12-30,debit,UPI Transfer,817.63,Household transfer,Mumbai,UPI
PS020-202512-038,PS020,2025-12-02,debit,Other,275.69,Everyday purchase,Mumbai,UPI
PS020-202512-039,PS020,2025-12-30,debit,Other,442.31,Everyday purchase,Mumbai,UPI
PS020-202512-040,PS020,2025-12-05,debit,EMI,18000,Scheduled loan EMI,Mumbai,Auto debit
PS020-202601-001,PS020,2026-01-01,credit,Salary,63000,Monthly salary,Mumbai,NEFT
PS020-202601-002,PS020,2026-01-02,debit,Food,445.31,Swiggy / local groceries,Mumbai,UPI
PS020-202601-003,PS020,2026-01-04,debit,Food,509.04,Swiggy / local groceries,Mumbai,UPI
PS020-202601-004,PS020,2026-01-08,debit,Food,500.73,Swiggy / local groceries,Mumbai,UPI
PS020-202601-005,PS020,2026-01-10,debit,Food,589.1,Swiggy / local groceries,Mumbai,UPI
PS020-202601-006,PS020,2026-01-12,debit,Food,487.77,Swiggy / local groceries,Mumbai,UPI
PS020-202601-007,PS020,2026-01-15,debit,Food,385.89,Swiggy / local groceries,Mumbai,UPI
PS020-202601-008,PS020,2026-01-17,debit,Food,575.92,Swiggy / local groceries,Mumbai,UPI
PS020-202601-009,PS020,2026-01-19,debit,Food,426.72,Swiggy / local groceries,Mumbai,UPI
PS020-202601-010,PS020,2026-01-23,debit,Food,549.57,Swiggy / local groceries,Mumbai,UPI
PS020-202601-011,PS020,2026-01-24,debit,Food,532.34,Swiggy / local groceries,Mumbai,UPI
PS020-202601-012,PS020,2026-01-27,debit,Food,605.13,Swiggy / local groceries,Mumbai,UPI
PS020-202601-013,PS020,2026-01-31,debit,Food,497.48,Swiggy / local groceries,Mumbai,UPI
PS020-202601-014,PS020,2026-01-03,debit,Shopping,1234.26,Amazon / local retail,Mumbai,UPI
PS020-202601-015,PS020,2026-01-12,debit,Shopping,1151.88,Amazon / local retail,Mumbai,UPI
PS020-202601-016,PS020,2026-01-20,debit,Shopping,1010.31,Amazon / local retail,Mumbai,UPI
PS020-202601-017,PS020,2026-01-30,debit,Shopping,912.55,Amazon / local retail,Mumbai,UPI
PS020-202601-018,PS020,2026-01-02,debit,Transport,299.92,Metro / fuel,Mumbai,UPI
PS020-202601-019,PS020,2026-01-06,debit,Transport,437.23,Metro / fuel,Mumbai,UPI
PS020-202601-020,PS020,2026-01-11,debit,Transport,395.22,Metro / fuel,Mumbai,UPI
PS020-202601-021,PS020,2026-01-15,debit,Transport,278.46,Metro / fuel,Mumbai,UPI
PS020-202601-022,PS020,2026-01-18,debit,Transport,350.09,Metro / fuel,Mumbai,UPI
PS020-202601-023,PS020,2026-01-22,debit,Transport,444.66,Metro / fuel,Mumbai,UPI
PS020-202601-024,PS020,2026-01-27,debit,Transport,362.67,Metro / fuel,Mumbai,UPI
PS020-202601-025,PS020,2026-01-31,debit,Transport,304.75,Metro / fuel,Mumbai,UPI
PS020-202601-026,PS020,2026-01-03,debit,Bills,1175.79,Electricity / mobile,Mumbai,UPI
PS020-202601-027,PS020,2026-01-17,debit,Bills,1463.2,Electricity / mobile,Mumbai,UPI
PS020-202601-028,PS020,2026-01-30,debit,Bills,952.01,Electricity / mobile,Mumbai,UPI
PS020-202601-029,PS020,2026-01-02,debit,Rent,11132,Monthly rent,Mumbai,NEFT
PS020-202601-030,PS020,2026-01-02,debit,Education,898,Learning centre,Mumbai,UPI
PS020-202601-031,PS020,2026-01-03,debit,Healthcare,898,Pharmacy,Mumbai,UPI
PS020-202601-032,PS020,2026-01-02,debit,Entertainment,648.29,Cinema / streaming,Mumbai,UPI
PS020-202601-033,PS020,2026-01-17,debit,Entertainment,414.01,Cinema / streaming,Mumbai,UPI
PS020-202601-034,PS020,2026-01-30,debit,Entertainment,553.7,Cinema / streaming,Mumbai,UPI
PS020-202601-035,PS020,2026-01-03,debit,Investment,2155,Recurring investment,Mumbai,UPI
PS020-202601-036,PS020,2026-01-02,debit,UPI Transfer,755.18,Household transfer,Mumbai,UPI
PS020-202601-037,PS020,2026-01-31,debit,UPI Transfer,860.82,Household transfer,Mumbai,UPI
PS020-202601-038,PS020,2026-01-02,debit,Other,315.27,Everyday purchase,Mumbai,UPI
PS020-202601-039,PS020,2026-01-30,debit,Other,402.73,Everyday purchase,Mumbai,UPI
PS020-202601-040,PS020,2026-01-05,debit,EMI,18000,Scheduled loan EMI,Mumbai,Auto debit
PS020-202602-001,PS020,2026-02-01,credit,Salary,63000,Monthly salary,Mumbai,NEFT
PS020-202602-002,PS020,2026-02-03,debit,Food,423.97,Swiggy / local groceries,Mumbai,UPI
PS020-202602-003,PS020,2026-02-04,debit,Food,497.34,Swiggy / local groceries,Mumbai,UPI
PS020-202602-004,PS020,2026-02-07,debit,Food,525.17,Swiggy / local groceries,Mumbai,UPI
PS020-202602-005,PS020,2026-02-08,debit,Food,609.5,Swiggy / local groceries,Mumbai,UPI
PS020-202602-006,PS020,2026-02-11,debit,Food,710.27,Swiggy / local groceries,Mumbai,UPI
PS020-202602-007,PS020,2026-02-13,debit,Food,390.34,Swiggy / local groceries,Mumbai,UPI
PS020-202602-008,PS020,2026-02-15,debit,Food,635.28,Swiggy / local groceries,Mumbai,UPI
PS020-202602-009,PS020,2026-02-17,debit,Food,480.9,Swiggy / local groceries,Mumbai,UPI
PS020-202602-010,PS020,2026-02-21,debit,Food,405.09,Swiggy / local groceries,Mumbai,UPI
PS020-202602-011,PS020,2026-02-23,debit,Food,517.75,Swiggy / local groceries,Mumbai,UPI
PS020-202602-012,PS020,2026-02-25,debit,Food,507.24,Swiggy / local groceries,Mumbai,UPI
PS020-202602-013,PS020,2026-02-27,debit,Food,402.15,Swiggy / local groceries,Mumbai,UPI
PS020-202602-014,PS020,2026-02-03,debit,Shopping,1031.5,Amazon / local retail,Mumbai,UPI
PS020-202602-015,PS020,2026-02-10,debit,Shopping,1010.56,Amazon / local retail,Mumbai,UPI
PS020-202602-016,PS020,2026-02-18,debit,Shopping,1067.59,Amazon / local retail,Mumbai,UPI
PS020-202602-017,PS020,2026-02-27,debit,Shopping,1199.35,Amazon / local retail,Mumbai,UPI
PS020-202602-018,PS020,2026-02-02,debit,Transport,382.63,Metro / fuel,Mumbai,UPI
PS020-202602-019,PS020,2026-02-06,debit,Transport,381.16,Metro / fuel,Mumbai,UPI
PS020-202602-020,PS020,2026-02-10,debit,Transport,311.33,Metro / fuel,Mumbai,UPI
PS020-202602-021,PS020,2026-02-13,debit,Transport,350.43,Metro / fuel,Mumbai,UPI
PS020-202602-022,PS020,2026-02-17,debit,Transport,360.61,Metro / fuel,Mumbai,UPI
PS020-202602-023,PS020,2026-02-20,debit,Transport,360.29,Metro / fuel,Mumbai,UPI
PS020-202602-024,PS020,2026-02-23,debit,Transport,399.79,Metro / fuel,Mumbai,UPI
PS020-202602-025,PS020,2026-02-28,debit,Transport,326.76,Metro / fuel,Mumbai,UPI
PS020-202602-026,PS020,2026-02-02,debit,Bills,931.03,Electricity / mobile,Mumbai,UPI
PS020-202602-027,PS020,2026-02-14,debit,Bills,1274.23,Electricity / mobile,Mumbai,UPI
PS020-202602-028,PS020,2026-02-28,debit,Bills,1385.74,Electricity / mobile,Mumbai,UPI
PS020-202602-029,PS020,2026-02-02,debit,Rent,11132,Monthly rent,Mumbai,NEFT
PS020-202602-030,PS020,2026-02-03,debit,Education,898,Learning centre,Mumbai,UPI
PS020-202602-031,PS020,2026-02-03,debit,Healthcare,898,Pharmacy,Mumbai,UPI
PS020-202602-032,PS020,2026-02-03,debit,Entertainment,541.45,Cinema / streaming,Mumbai,UPI
PS020-202602-033,PS020,2026-02-14,debit,Entertainment,674.51,Cinema / streaming,Mumbai,UPI
PS020-202602-034,PS020,2026-02-27,debit,Entertainment,400.04,Cinema / streaming,Mumbai,UPI
PS020-202602-035,PS020,2026-02-02,debit,Investment,2155,Recurring investment,Mumbai,UPI
PS020-202602-036,PS020,2026-02-02,debit,UPI Transfer,877.82,Household transfer,Mumbai,UPI
PS020-202602-037,PS020,2026-02-27,debit,UPI Transfer,738.18,Household transfer,Mumbai,UPI
PS020-202602-038,PS020,2026-02-02,debit,Other,333.52,Everyday purchase,Mumbai,UPI
PS020-202602-039,PS020,2026-02-27,debit,Other,384.48,Everyday purchase,Mumbai,UPI
PS020-202602-040,PS020,2026-02-05,debit,EMI,18000,Scheduled loan EMI,Mumbai,Auto debit
PS020-202603-001,PS020,2026-03-01,credit,Salary,63000,Monthly salary,Mumbai,NEFT
PS020-202603-002,PS020,2026-03-03,debit,Food,658.93,Swiggy / local groceries,Mumbai,UPI
PS020-202603-003,PS020,2026-03-05,debit,Food,458.17,Swiggy / local groceries,Mumbai,UPI
PS020-202603-004,PS020,2026-03-08,debit,Food,489.31,Swiggy / local groceries,Mumbai,UPI
PS020-202603-005,PS020,2026-03-10,debit,Food,587.46,Swiggy / local groceries,Mumbai,UPI
PS020-202603-006,PS020,2026-03-12,debit,Food,461.15,Swiggy / local groceries,Mumbai,UPI
PS020-202603-007,PS020,2026-03-15,debit,Food,584.6,Swiggy / local groceries,Mumbai,UPI
PS020-202603-008,PS020,2026-03-18,debit,Food,388.24,Swiggy / local groceries,Mumbai,UPI
PS020-202603-009,PS020,2026-03-20,debit,Food,413.64,Swiggy / local groceries,Mumbai,UPI
PS020-202603-010,PS020,2026-03-23,debit,Food,541.46,Swiggy / local groceries,Mumbai,UPI
PS020-202603-011,PS020,2026-03-25,debit,Food,441.66,Swiggy / local groceries,Mumbai,UPI
PS020-202603-012,PS020,2026-03-28,debit,Food,486.2,Swiggy / local groceries,Mumbai,UPI
PS020-202603-013,PS020,2026-03-30,debit,Food,594.18,Swiggy / local groceries,Mumbai,UPI
PS020-202603-014,PS020,2026-03-03,debit,Shopping,862.35,Amazon / local retail,Mumbai,UPI
PS020-202603-015,PS020,2026-03-12,debit,Shopping,1318.39,Amazon / local retail,Mumbai,UPI
PS020-202603-016,PS020,2026-03-21,debit,Shopping,1091.3,Amazon / local retail,Mumbai,UPI
PS020-202603-017,PS020,2026-03-31,debit,Shopping,1036.96,Amazon / local retail,Mumbai,UPI
PS020-202603-018,PS020,2026-03-03,debit,Transport,383.48,Metro / fuel,Mumbai,UPI
PS020-202603-019,PS020,2026-03-07,debit,Transport,386.33,Metro / fuel,Mumbai,UPI
PS020-202603-020,PS020,2026-03-10,debit,Transport,315.71,Metro / fuel,Mumbai,UPI
PS020-202603-021,PS020,2026-03-15,debit,Transport,372.75,Metro / fuel,Mumbai,UPI
PS020-202603-022,PS020,2026-03-19,debit,Transport,376.29,Metro / fuel,Mumbai,UPI
PS020-202603-023,PS020,2026-03-22,debit,Transport,374.8,Metro / fuel,Mumbai,UPI
PS020-202603-024,PS020,2026-03-26,debit,Transport,265.97,Metro / fuel,Mumbai,UPI
PS020-202603-025,PS020,2026-03-30,debit,Transport,397.67,Metro / fuel,Mumbai,UPI
PS020-202603-026,PS020,2026-03-03,debit,Bills,827.82,Electricity / mobile,Mumbai,UPI
PS020-202603-027,PS020,2026-03-16,debit,Bills,1387.83,Electricity / mobile,Mumbai,UPI
PS020-202603-028,PS020,2026-03-30,debit,Bills,1375.35,Electricity / mobile,Mumbai,UPI
PS020-202603-029,PS020,2026-03-02,debit,Rent,11132,Monthly rent,Mumbai,NEFT
PS020-202603-030,PS020,2026-03-02,debit,Education,898,Learning centre,Mumbai,UPI
PS020-202603-031,PS020,2026-03-03,debit,Healthcare,898,Pharmacy,Mumbai,UPI
PS020-202603-032,PS020,2026-03-02,debit,Entertainment,709.17,Cinema / streaming,Mumbai,UPI
PS020-202603-033,PS020,2026-03-17,debit,Entertainment,467.93,Cinema / streaming,Mumbai,UPI
PS020-202603-034,PS020,2026-03-31,debit,Entertainment,438.9,Cinema / streaming,Mumbai,UPI
PS020-202603-035,PS020,2026-03-02,debit,Investment,2155,Recurring investment,Mumbai,UPI
PS020-202603-036,PS020,2026-03-03,debit,UPI Transfer,764.11,Household transfer,Mumbai,UPI
PS020-202603-037,PS020,2026-03-30,debit,UPI Transfer,851.89,Household transfer,Mumbai,UPI
PS020-202603-038,PS020,2026-03-02,debit,Other,351.44,Everyday purchase,Mumbai,UPI
PS020-202603-039,PS020,2026-03-31,debit,Other,366.56,Everyday purchase,Mumbai,UPI
PS020-202603-040,PS020,2026-03-05,debit,EMI,18000,Scheduled loan EMI,Mumbai,Auto debit
PS020-202604-001,PS020,2026-04-01,credit,Salary,63000,Monthly salary,Mumbai,NEFT
PS020-202604-002,PS020,2026-04-03,debit,Food,519.54,Swiggy / local groceries,Mumbai,UPI
PS020-202604-003,PS020,2026-04-04,debit,Food,382.52,Swiggy / local groceries,Mumbai,UPI
PS020-202604-004,PS020,2026-04-06,debit,Food,465.49,Swiggy / local groceries,Mumbai,UPI
PS020-202604-005,PS020,2026-04-10,debit,Food,673.54,Swiggy / local groceries,Mumbai,UPI
PS020-202604-006,PS020,2026-04-12,debit,Food,542.19,Swiggy / local groceries,Mumbai,UPI
PS020-202604-007,PS020,2026-04-14,debit,Food,461.11,Swiggy / local groceries,Mumbai,UPI
PS020-202604-008,PS020,2026-04-16,debit,Food,491.56,Swiggy / local groceries,Mumbai,UPI
PS020-202604-009,PS020,2026-04-19,debit,Food,432.29,Swiggy / local groceries,Mumbai,UPI
PS020-202604-010,PS020,2026-04-22,debit,Food,474.12,Swiggy / local groceries,Mumbai,UPI
PS020-202604-011,PS020,2026-04-24,debit,Food,563.72,Swiggy / local groceries,Mumbai,UPI
PS020-202604-012,PS020,2026-04-27,debit,Food,476.23,Swiggy / local groceries,Mumbai,UPI
PS020-202604-013,PS020,2026-04-30,debit,Food,622.69,Swiggy / local groceries,Mumbai,UPI
PS020-202604-014,PS020,2026-04-03,debit,Shopping,1209.88,Amazon / local retail,Mumbai,UPI
PS020-202604-015,PS020,2026-04-12,debit,Shopping,744.08,Amazon / local retail,Mumbai,UPI
PS020-202604-016,PS020,2026-04-20,debit,Shopping,1250.99,Amazon / local retail,Mumbai,UPI
PS020-202604-017,PS020,2026-04-30,debit,Shopping,1104.05,Amazon / local retail,Mumbai,UPI
PS020-202604-018,PS020,2026-04-02,debit,Transport,343.13,Metro / fuel,Mumbai,UPI
PS020-202604-019,PS020,2026-04-06,debit,Transport,275.64,Metro / fuel,Mumbai,UPI
PS020-202604-020,PS020,2026-04-10,debit,Transport,491.31,Metro / fuel,Mumbai,UPI
PS020-202604-021,PS020,2026-04-14,debit,Transport,460.66,Metro / fuel,Mumbai,UPI
PS020-202604-022,PS020,2026-04-17,debit,Transport,287.0,Metro / fuel,Mumbai,UPI
PS020-202604-023,PS020,2026-04-21,debit,Transport,318.8,Metro / fuel,Mumbai,UPI
PS020-202604-024,PS020,2026-04-26,debit,Transport,324.05,Metro / fuel,Mumbai,UPI
PS020-202604-025,PS020,2026-04-29,debit,Transport,372.41,Metro / fuel,Mumbai,UPI
PS020-202604-026,PS020,2026-04-02,debit,Bills,1247.72,Electricity / mobile,Mumbai,UPI
PS020-202604-027,PS020,2026-04-15,debit,Bills,965.44,Electricity / mobile,Mumbai,UPI
PS020-202604-028,PS020,2026-04-30,debit,Bills,1377.84,Electricity / mobile,Mumbai,UPI
PS020-202604-029,PS020,2026-04-02,debit,Rent,11132,Monthly rent,Mumbai,NEFT
PS020-202604-030,PS020,2026-04-02,debit,Education,898,Learning centre,Mumbai,UPI
PS020-202604-031,PS020,2026-04-03,debit,Healthcare,898,Pharmacy,Mumbai,UPI
PS020-202604-032,PS020,2026-04-02,debit,Entertainment,516.41,Cinema / streaming,Mumbai,UPI
PS020-202604-033,PS020,2026-04-15,debit,Entertainment,574.08,Cinema / streaming,Mumbai,UPI
PS020-202604-034,PS020,2026-04-30,debit,Entertainment,525.51,Cinema / streaming,Mumbai,UPI
PS020-202604-035,PS020,2026-04-02,debit,Investment,2155,Recurring investment,Mumbai,UPI
PS020-202604-036,PS020,2026-04-03,debit,UPI Transfer,740.19,Household transfer,Mumbai,UPI
PS020-202604-037,PS020,2026-04-29,debit,UPI Transfer,875.81,Household transfer,Mumbai,UPI
PS020-202604-038,PS020,2026-04-02,debit,Other,375.58,Everyday purchase,Mumbai,UPI
PS020-202604-039,PS020,2026-04-29,debit,Other,342.42,Everyday purchase,Mumbai,UPI
PS020-202604-040,PS020,2026-04-05,debit,EMI,18000,Scheduled loan EMI,Mumbai,Auto debit
PS020-202605-001,PS020,2026-05-01,credit,Salary,63000,Monthly salary,Mumbai,NEFT
PS020-202605-002,PS020,2026-05-02,debit,Food,475.11,Swiggy / local groceries,Mumbai,UPI
PS020-202605-003,PS020,2026-05-04,debit,Food,588.9,Swiggy / local groceries,Mumbai,UPI
PS020-202605-004,PS020,2026-05-07,debit,Food,528.62,Swiggy / local groceries,Mumbai,UPI
PS020-202605-005,PS020,2026-05-10,debit,Food,406.15,Swiggy / local groceries,Mumbai,UPI
PS020-202605-006,PS020,2026-05-12,debit,Food,553.79,Swiggy / local groceries,Mumbai,UPI
PS020-202605-007,PS020,2026-05-15,debit,Food,438.59,Swiggy / local groceries,Mumbai,UPI
PS020-202605-008,PS020,2026-05-18,debit,Food,537.65,Swiggy / local groceries,Mumbai,UPI
PS020-202605-009,PS020,2026-05-19,debit,Food,590.3,Swiggy / local groceries,Mumbai,UPI
PS020-202605-010,PS020,2026-05-23,debit,Food,606.45,Swiggy / local groceries,Mumbai,UPI
PS020-202605-011,PS020,2026-05-24,debit,Food,350.79,Swiggy / local groceries,Mumbai,UPI
PS020-202605-012,PS020,2026-05-27,debit,Food,478.87,Swiggy / local groceries,Mumbai,UPI
PS020-202605-013,PS020,2026-05-31,debit,Food,549.78,Swiggy / local groceries,Mumbai,UPI
PS020-202605-014,PS020,2026-05-03,debit,Shopping,1083.19,Amazon / local retail,Mumbai,UPI
PS020-202605-015,PS020,2026-05-11,debit,Shopping,955.5,Amazon / local retail,Mumbai,UPI
PS020-202605-016,PS020,2026-05-20,debit,Shopping,999.8,Amazon / local retail,Mumbai,UPI
PS020-202605-017,PS020,2026-05-30,debit,Shopping,1270.51,Amazon / local retail,Mumbai,UPI
PS020-202605-018,PS020,2026-05-02,debit,Transport,425.61,Metro / fuel,Mumbai,UPI
PS020-202605-019,PS020,2026-05-06,debit,Transport,404.32,Metro / fuel,Mumbai,UPI
PS020-202605-020,PS020,2026-05-10,debit,Transport,346.66,Metro / fuel,Mumbai,UPI
PS020-202605-021,PS020,2026-05-15,debit,Transport,409.1,Metro / fuel,Mumbai,UPI
PS020-202605-022,PS020,2026-05-18,debit,Transport,281.15,Metro / fuel,Mumbai,UPI
PS020-202605-023,PS020,2026-05-22,debit,Transport,321.49,Metro / fuel,Mumbai,UPI
PS020-202605-024,PS020,2026-05-26,debit,Transport,372.28,Metro / fuel,Mumbai,UPI
PS020-202605-025,PS020,2026-05-30,debit,Transport,312.39,Metro / fuel,Mumbai,UPI
PS020-202605-026,PS020,2026-05-03,debit,Bills,1301.31,Electricity / mobile,Mumbai,UPI
PS020-202605-027,PS020,2026-05-17,debit,Bills,1280.11,Electricity / mobile,Mumbai,UPI
PS020-202605-028,PS020,2026-05-31,debit,Bills,1009.58,Electricity / mobile,Mumbai,UPI
PS020-202605-029,PS020,2026-05-03,debit,Rent,11132,Monthly rent,Mumbai,NEFT
PS020-202605-030,PS020,2026-05-03,debit,Education,898,Learning centre,Mumbai,UPI
PS020-202605-031,PS020,2026-05-02,debit,Healthcare,898,Pharmacy,Mumbai,UPI
PS020-202605-032,PS020,2026-05-03,debit,Entertainment,471.67,Cinema / streaming,Mumbai,UPI
PS020-202605-033,PS020,2026-05-17,debit,Entertainment,608.74,Cinema / streaming,Mumbai,UPI
PS020-202605-034,PS020,2026-05-30,debit,Entertainment,535.59,Cinema / streaming,Mumbai,UPI
PS020-202605-035,PS020,2026-05-03,debit,Investment,2155,Recurring investment,Mumbai,UPI
PS020-202605-036,PS020,2026-05-03,debit,UPI Transfer,633.0,Household transfer,Mumbai,UPI
PS020-202605-037,PS020,2026-05-30,debit,UPI Transfer,983.0,Household transfer,Mumbai,UPI
PS020-202605-038,PS020,2026-05-02,debit,Other,310.07,Everyday purchase,Mumbai,UPI
PS020-202605-039,PS020,2026-05-31,debit,Other,407.93,Everyday purchase,Mumbai,UPI
PS020-202605-040,PS020,2026-05-05,debit,EMI,18000,Scheduled loan EMI,Mumbai,Auto debit
PS020-202606-001,PS020,2026-06-01,credit,Salary,63000,Monthly salary,Mumbai,NEFT
PS020-202606-002,PS020,2026-06-03,debit,Food,609.12,Swiggy / local groceries,Mumbai,UPI
PS020-202606-003,PS020,2026-06-04,debit,Food,496.78,Swiggy / local groceries,Mumbai,UPI
PS020-202606-004,PS020,2026-06-06,debit,Food,346.73,Swiggy / local groceries,Mumbai,UPI
PS020-202606-005,PS020,2026-06-09,debit,Food,410.44,Swiggy / local groceries,Mumbai,UPI
PS020-202606-006,PS020,2026-06-11,debit,Food,519.48,Swiggy / local groceries,Mumbai,UPI
PS020-202606-007,PS020,2026-06-15,debit,Food,533.2,Swiggy / local groceries,Mumbai,UPI
PS020-202606-008,PS020,2026-06-17,debit,Food,408.3,Swiggy / local groceries,Mumbai,UPI
PS020-202606-009,PS020,2026-06-19,debit,Food,515.57,Swiggy / local groceries,Mumbai,UPI
PS020-202606-010,PS020,2026-06-22,debit,Food,563.39,Swiggy / local groceries,Mumbai,UPI
PS020-202606-011,PS020,2026-06-24,debit,Food,560.0,Swiggy / local groceries,Mumbai,UPI
PS020-202606-012,PS020,2026-06-26,debit,Food,565.96,Swiggy / local groceries,Mumbai,UPI
PS020-202606-013,PS020,2026-06-29,debit,Food,576.03,Swiggy / local groceries,Mumbai,UPI
PS020-202606-014,PS020,2026-06-03,debit,Shopping,847.18,Amazon / local retail,Mumbai,UPI
PS020-202606-015,PS020,2026-06-12,debit,Shopping,1032.91,Amazon / local retail,Mumbai,UPI
PS020-202606-016,PS020,2026-06-20,debit,Shopping,1248.29,Amazon / local retail,Mumbai,UPI
PS020-202606-017,PS020,2026-06-30,debit,Shopping,1180.62,Amazon / local retail,Mumbai,UPI
PS020-202606-018,PS020,2026-06-02,debit,Transport,443.66,Metro / fuel,Mumbai,UPI
PS020-202606-019,PS020,2026-06-06,debit,Transport,257.27,Metro / fuel,Mumbai,UPI
PS020-202606-020,PS020,2026-06-10,debit,Transport,340.63,Metro / fuel,Mumbai,UPI
PS020-202606-021,PS020,2026-06-14,debit,Transport,259.09,Metro / fuel,Mumbai,UPI
PS020-202606-022,PS020,2026-06-18,debit,Transport,429.95,Metro / fuel,Mumbai,UPI
PS020-202606-023,PS020,2026-06-21,debit,Transport,374.95,Metro / fuel,Mumbai,UPI
PS020-202606-024,PS020,2026-06-26,debit,Transport,382.56,Metro / fuel,Mumbai,UPI
PS020-202606-025,PS020,2026-06-29,debit,Transport,384.89,Metro / fuel,Mumbai,UPI
PS020-202606-026,PS020,2026-06-03,debit,Bills,1011.4,Electricity / mobile,Mumbai,UPI
PS020-202606-027,PS020,2026-06-16,debit,Bills,1284.97,Electricity / mobile,Mumbai,UPI
PS020-202606-028,PS020,2026-06-30,debit,Bills,1294.63,Electricity / mobile,Mumbai,UPI
PS020-202606-029,PS020,2026-06-03,debit,Rent,11132,Monthly rent,Mumbai,NEFT
PS020-202606-030,PS020,2026-06-03,debit,Education,898,Learning centre,Mumbai,UPI
PS020-202606-031,PS020,2026-06-03,debit,Healthcare,898,Pharmacy,Mumbai,UPI
PS020-202606-032,PS020,2026-06-02,debit,Entertainment,573.76,Cinema / streaming,Mumbai,UPI
PS020-202606-033,PS020,2026-06-15,debit,Entertainment,562.4,Cinema / streaming,Mumbai,UPI
PS020-202606-034,PS020,2026-06-29,debit,Entertainment,479.84,Cinema / streaming,Mumbai,UPI
PS020-202606-035,PS020,2026-06-03,debit,Investment,2155,Recurring investment,Mumbai,UPI
PS020-202606-036,PS020,2026-06-03,debit,UPI Transfer,848.29,Household transfer,Mumbai,UPI
PS020-202606-037,PS020,2026-06-29,debit,UPI Transfer,767.71,Household transfer,Mumbai,UPI
PS020-202606-038,PS020,2026-06-02,debit,Other,339.31,Everyday purchase,Mumbai,UPI
PS020-202606-039,PS020,2026-06-29,debit,Other,378.69,Everyday purchase,Mumbai,UPI
PS020-202606-040,PS020,2026-06-05,debit,EMI,18000,Scheduled loan EMI,Mumbai,Auto debit
PS020-202607-001,PS020,2026-07-01,credit,Salary,34650,Monthly salary,Mumbai,NEFT
PS020-202607-002,PS020,2026-07-03,debit,Food,515.33,Swiggy / local groceries,Mumbai,UPI
PS020-202607-003,PS020,2026-07-04,debit,Food,526.41,Swiggy / local groceries,Mumbai,UPI
PS020-202607-004,PS020,2026-07-07,debit,Food,458.29,Swiggy / local groceries,Mumbai,UPI
PS020-202607-005,PS020,2026-07-09,debit,Food,635.74,Swiggy / local groceries,Mumbai,UPI
PS020-202607-006,PS020,2026-07-13,debit,Food,446.07,Swiggy / local groceries,Mumbai,UPI
PS020-202607-007,PS020,2026-07-15,debit,Food,570.66,Swiggy / local groceries,Mumbai,UPI
PS020-202607-008,PS020,2026-07-18,debit,Food,498.8,Swiggy / local groceries,Mumbai,UPI
PS020-202607-009,PS020,2026-07-19,debit,Food,394.23,Swiggy / local groceries,Mumbai,UPI
PS020-202607-010,PS020,2026-07-22,debit,Food,554.08,Swiggy / local groceries,Mumbai,UPI
PS020-202607-011,PS020,2026-07-24,debit,Food,467.82,Swiggy / local groceries,Mumbai,UPI
PS020-202607-012,PS020,2026-07-27,debit,Food,460.54,Swiggy / local groceries,Mumbai,UPI
PS020-202607-013,PS020,2026-07-31,debit,Food,577.03,Swiggy / local groceries,Mumbai,UPI
PS020-202607-014,PS020,2026-07-02,debit,Shopping,792.51,Amazon / local retail,Mumbai,UPI
PS020-202607-015,PS020,2026-07-11,debit,Shopping,1239.95,Amazon / local retail,Mumbai,UPI
PS020-202607-016,PS020,2026-07-20,debit,Shopping,1002.61,Amazon / local retail,Mumbai,UPI
PS020-202607-017,PS020,2026-07-31,debit,Shopping,1273.93,Amazon / local retail,Mumbai,UPI
PS020-202607-018,PS020,2026-07-03,debit,Transport,360.7,Metro / fuel,Mumbai,UPI
PS020-202607-019,PS020,2026-07-06,debit,Transport,282.41,Metro / fuel,Mumbai,UPI
PS020-202607-020,PS020,2026-07-10,debit,Transport,399.31,Metro / fuel,Mumbai,UPI
PS020-202607-021,PS020,2026-07-14,debit,Transport,353.03,Metro / fuel,Mumbai,UPI
PS020-202607-022,PS020,2026-07-19,debit,Transport,366.1,Metro / fuel,Mumbai,UPI
PS020-202607-023,PS020,2026-07-22,debit,Transport,407.1,Metro / fuel,Mumbai,UPI
PS020-202607-024,PS020,2026-07-27,debit,Transport,269.25,Metro / fuel,Mumbai,UPI
PS020-202607-025,PS020,2026-07-30,debit,Transport,435.1,Metro / fuel,Mumbai,UPI
PS020-202607-026,PS020,2026-07-03,debit,Bills,1158.1,Electricity / mobile,Mumbai,UPI
PS020-202607-027,PS020,2026-07-17,debit,Bills,1298.49,Electricity / mobile,Mumbai,UPI
PS020-202607-028,PS020,2026-07-31,debit,Bills,1134.41,Electricity / mobile,Mumbai,UPI
PS020-202607-029,PS020,2026-07-03,debit,Rent,11132,Monthly rent,Mumbai,NEFT
PS020-202607-030,PS020,2026-07-03,debit,Education,898,Learning centre,Mumbai,UPI
PS020-202607-031,PS020,2026-07-03,debit,Healthcare,898,Pharmacy,Mumbai,UPI
PS020-202607-032,PS020,2026-07-03,debit,Entertainment,749.78,Cinema / streaming,Mumbai,UPI
PS020-202607-033,PS020,2026-07-16,debit,Entertainment,422.33,Cinema / streaming,Mumbai,UPI
PS020-202607-034,PS020,2026-07-30,debit,Entertainment,443.89,Cinema / streaming,Mumbai,UPI
PS020-202607-035,PS020,2026-07-03,debit,Investment,2155,Recurring investment,Mumbai,UPI
PS020-202607-036,PS020,2026-07-02,debit,UPI Transfer,854.86,Household transfer,Mumbai,UPI
PS020-202607-037,PS020,2026-07-31,debit,UPI Transfer,761.14,Household transfer,Mumbai,UPI
PS020-202607-038,PS020,2026-07-03,debit,Other,394.4,Everyday purchase,Mumbai,UPI
PS020-202607-039,PS020,2026-07-31,debit,Other,323.6,Everyday purchase,Mumbai,UPI
PS020-202607-040,PS020,2026-07-05,debit,EMI,18000,Scheduled loan EMI,Mumbai,Auto debit
PS020-202608-001,PS020,2026-08-01,credit,Salary,17640,Monthly salary,Mumbai,NEFT
PS020-202608-002,PS020,2026-08-02,debit,Food,375.41,Swiggy / local groceries,Mumbai,UPI
PS020-202608-003,PS020,2026-08-04,debit,Food,397.96,Swiggy / local groceries,Mumbai,UPI
PS020-202608-004,PS020,2026-08-08,debit,Food,617.84,Swiggy / local groceries,Mumbai,UPI
PS020-202608-005,PS020,2026-08-10,debit,Food,394.94,Swiggy / local groceries,Mumbai,UPI
PS020-202608-006,PS020,2026-08-13,debit,Food,587.36,Swiggy / local groceries,Mumbai,UPI
PS020-202608-007,PS020,2026-08-14,debit,Food,630.31,Swiggy / local groceries,Mumbai,UPI
PS020-202608-008,PS020,2026-08-17,debit,Food,472.56,Swiggy / local groceries,Mumbai,UPI
PS020-202608-009,PS020,2026-08-20,debit,Food,543.15,Swiggy / local groceries,Mumbai,UPI
PS020-202608-010,PS020,2026-08-22,debit,Food,435.66,Swiggy / local groceries,Mumbai,UPI
PS020-202608-011,PS020,2026-08-25,debit,Food,374.35,Swiggy / local groceries,Mumbai,UPI
PS020-202608-012,PS020,2026-08-28,debit,Food,611.13,Swiggy / local groceries,Mumbai,UPI
PS020-202608-013,PS020,2026-08-31,debit,Food,664.33,Swiggy / local groceries,Mumbai,UPI
PS020-202608-014,PS020,2026-08-03,debit,Shopping,901.27,Amazon / local retail,Mumbai,UPI
PS020-202608-015,PS020,2026-08-12,debit,Shopping,926.6,Amazon / local retail,Mumbai,UPI
PS020-202608-016,PS020,2026-08-21,debit,Shopping,1239.71,Amazon / local retail,Mumbai,UPI
PS020-202608-017,PS020,2026-08-31,debit,Shopping,1241.42,Amazon / local retail,Mumbai,UPI
PS020-202608-018,PS020,2026-08-02,debit,Transport,411.11,Metro / fuel,Mumbai,UPI
PS020-202608-019,PS020,2026-08-07,debit,Transport,428.01,Metro / fuel,Mumbai,UPI
PS020-202608-020,PS020,2026-08-11,debit,Transport,270.53,Metro / fuel,Mumbai,UPI
PS020-202608-021,PS020,2026-08-15,debit,Transport,420.02,Metro / fuel,Mumbai,UPI
PS020-202608-022,PS020,2026-08-18,debit,Transport,382.89,Metro / fuel,Mumbai,UPI
PS020-202608-023,PS020,2026-08-23,debit,Transport,386.44,Metro / fuel,Mumbai,UPI
PS020-202608-024,PS020,2026-08-26,debit,Transport,272.82,Metro / fuel,Mumbai,UPI
PS020-202608-025,PS020,2026-08-31,debit,Transport,301.18,Metro / fuel,Mumbai,UPI
PS020-202608-026,PS020,2026-08-03,debit,Bills,1335.4,Electricity / mobile,Mumbai,UPI
PS020-202608-027,PS020,2026-08-16,debit,Bills,1210.19,Electricity / mobile,Mumbai,UPI
PS020-202608-028,PS020,2026-08-30,debit,Bills,1045.41,Electricity / mobile,Mumbai,UPI
PS020-202608-029,PS020,2026-08-02,debit,Rent,11132,Monthly rent,Mumbai,NEFT
PS020-202608-030,PS020,2026-08-03,debit,Education,898,Learning centre,Mumbai,UPI
PS020-202608-031,PS020,2026-08-02,debit,Healthcare,898,Pharmacy,Mumbai,UPI
PS020-202608-032,PS020,2026-08-02,debit,Entertainment,582.36,Cinema / streaming,Mumbai,UPI
PS020-202608-033,PS020,2026-08-16,debit,Entertainment,444.14,Cinema / streaming,Mumbai,UPI
PS020-202608-034,PS020,2026-08-30,debit,Entertainment,589.5,Cinema / streaming,Mumbai,UPI
PS020-202608-035,PS020,2026-08-03,debit,Investment,2155,Recurring investment,Mumbai,UPI
PS020-202608-036,PS020,2026-08-02,debit,UPI Transfer,869.36,Household transfer,Mumbai,UPI
PS020-202608-037,PS020,2026-08-31,debit,UPI Transfer,746.64,Household transfer,Mumbai,UPI
PS020-202608-038,PS020,2026-08-02,debit,Other,360.84,Everyday purchase,Mumbai,UPI
PS020-202608-039,PS020,2026-08-31,debit,Other,357.16,Everyday purchase,Mumbai,UPI
